region_code,region_name,geographic_level,state,year,year_range,number_of_non_employing_businesses,number_of_employing_businesses_1_4_employees,number_of_employing_businesses_5_19_employees,number_of_employing_businesses_20_or_more_employees,total_number_of_businesses,number_of_non_employing_business_entries,number_of_employing_business_entries_1_4_employees,number_of_employing_business_entries_5_19_employees,number_of_employing_business_entries_20_or_more_employees,total_number_of_business_entries,number_of_non_employing_business_exits,number_of_employing_business_exits_1_4_employees,number_of_employing_business_exits_5_19_employees,number_of_employing_business_exits_20_or_more_employees,total_number_of_business_exits,agriculture_forestry_and_fishing,mining,manufacturing,electricity_gas_water_and_waste_services,construction,wholesale_trade,retail_trade,accommodation_and_food_services,transport_postal_and_warehousing,information_media_and_telecommunications,financial_and_insurance_services,rental_hiring_and_real_estate_services,professional_scientific_and_technical_services,administrative_and_support_services,public_administration_and_safety,education_and_training,health_care_and_social_assistance,arts_and_recreation_services,other_services,currently_unknown,number_of_businesses_with_turnover_of_zero_to_less_than_50k,number_of_businesses_with_turnover_of_50k_to_less_than_200k,number_of_businesses_with_turnover_of_200k_to_less_than_2m,number_of_businesses_with_turnover_of_2m_to_less_than_5m,number_of_businesses_with_turnover_of_5m_to_less_than_10m,number_of_businesses_with_turnover_of_10m_or_more,number_of_business_entries_with_turnover_of_zero_to_less_than_50k,number_of_business_entries_with_turnover_of_50k_to_less_than_200k,number_of_business_entries_with_turnover_of_200k_to_less_than_2m,number_of_business_entries_with_turnover_of_2m_to_less_than_5m,number_of_business_entries_with_turnover_of_5m_to_less_than_10m,number_of_business_entries_with_turnover_of_10m_or_more,number_of_business_exits_with_turnover_of_zero_to_less_than_50k,number_of_business_exits_with_turnover_of_50k_to_less_than_200k,number_of_business_exits_with_turnover_of_200k_to_less_than_2m,number_of_business_exits_with_turnover_of_2m_to_less_than_5m,number_of_business_exits_with_turnover_of_5m_to_less_than_10m,number_of_business_exits_with_turnover_of_10m_or_more,private_sector_houses,private_sector_dwellings_excluding_houses,total_private_sector_dwelling_units,total_dwelling_units,value_of_private_sector_houses,value_of_private_sector_dwellings_excluding_houses,total_value_of_private_sector_dwelling_units,value_of_residential_building,value_of_non_residential_building,value_of_total_building,number_of_established_house_transfers,median_price_of_established_house_transfers,number_of_attached_dwelling_transfers,median_price_of_attached_dwelling_transfers,debtors_entering_business_related_personal_insolvencies,debtors_entering_non_business_related_personal_insolvencies,total_debtors_entering_personal_insolvencies,managers,professionals,technicians_and_trades_workers,community_and_personal_service_workers,clerical_and_administrative_workers,sales_workers,machinery_operators_and_drivers,labourers,debtors_with_other_or_unknown_occupations,area_of_holding_total_area,dairy_cattle_total,meat_cattle_total,sheep_and_lambs_total,pigs_total,meat_chickens_total,broadacre_crops_total_area,vegetables_total_area,orchard_fruit_trees_and_nut_trees_total_area,agricultural_production_total_gross_value,crops_total_gross_value,livestock_slaughtered_and_other_disposals_total_gross_value,agriculture_forestry_and_fishing_pct,mining_pct,manufacturing_pct,electricity_gas_water_and_waste_services_pct,construction_pct,wholesale_trade_pct,retail_trade_pct,accommodation_and_food_services_pct,transport_postal_and_warehousing_pct,information_media_and_telecommunications_pct,financial_and_insurance_services_pct,rental_hiring_and_real_estate_services_pct,professional_scientific_and_technical_services_pct,administrative_and_support_services_pct,public_administration_and_safety_pct,education_and_training_pct,health_care_and_social_assistance_pct,arts_and_recreation_services_pct,other_services_pct,industry_of_employment_inadequately_described_or_not_stated_pct,total_persons_employed_aged_15_years_and_over,houses_additions,houses_removals,houses_total,townhouses_additions,townhouses_removals,townhouses_total,apartments_additions,apartments_removals,apartments_total,total_dwelling_additions,total_dwelling_removals,total_dwellings
AUS,Australia,national,AUS,2011,2010-11,,,,,,,,,,,,,,,,,,,,,,,,,,,,,,,,,,,,,,,,,,,,,,,,,,,,,,,,,,,,,,,,,,,,,,,,,,,,,,,,388994482.0,2512921.0,23973058.0,69933468.0,2257779.0,75494429.0,,,,,,,2.5,1.8,9.0,1.1,8.2,4.0,10.5,6.5,4.8,1.8,3.8,1.6,7.3,3.2,6.9,8.0,11.6,1.5,3.8,2.3,10058325.0,,,,,,,,,,,,
AUS,Australia,national,AUS,2016,2015-16,,,,,,,,,,,,,,,,,,,,,,,,,,,,,,,,,,,,,,,,,,,,,,,,,,,,,,,,,,,,,,,,,,,,8082.0,22029.0,30107.0,2962.0,2562.0,4534.0,3359.0,3702.0,2609.0,3271.0,3862.0,3258.0,371078257.0,2665074.0,22306275.0,67543092.0,2294245.0,90052117.0,22012205.0,,,55994.0,27341.6,20622.5,2.5,1.7,6.4,1.1,8.5,2.9,9.9,6.9,4.7,1.7,3.6,1.7,7.3,3.4,6.7,8.7,12.6,1.7,3.7,4.4,10683844.0,,,,,,,,,,,,
AUS,Australia,national,AUS,2017,2016-17,,,,,,,,,,,,,,,,,,,,,,,,,,,,,,,,,,,,,,,,,,,,,,,,,,,,,,,,,,,,,,,,,,,,7551.0,23336.0,30889.0,3038.0,2689.0,4742.0,3643.0,3846.0,2726.0,3213.0,3853.0,3143.0,,,,,,,,,,,,,,,,,,,,,,,,,,,,,,,,,,113258.0,18542.0,7279135.0,31729.0,480.0,1261457.0,73838.0,564.0,1464325.0,218884.0,19586.0,10022775.0
AUS,Australia,national,AUS,2018,2017-18,,,,,,,,,,,,,,,,,,,,,,,,,,,,,,,,,,,,,,,,,,,,,,,,,,,,,,,,,,,,,,,,319481.0,550000.0,157331.0,534995.0,7572.0,24722.0,32299.0,3211.0,3082.0,4811.0,3931.0,3961.0,2802.0,3522.0,4119.0,2862.0,,,,,,,,,,,,,,,,,,,,,,,,,,,,,,,,,,113930.0,21657.0,7371408.0,33346.0,919.0,1293884.0,66330.0,605.0,1530050.0,213652.0,23181.0,10213246.0
AUS,Australia,national,AUS,2019,2018-19,,,,,,,,,,,,,,,,,,,,,,,,,,,,,,,,,,,,,,,,,,,,,,,,,,,,,,110689.0,74655.0,185344.0,187751.0,42838.0,24049.0,66887.0,69192.0,47331.0,116523.0,279464.0,545000.0,127333.0,500000.0,6895.0,20591.0,27481.0,2827.0,2725.0,4113.0,3207.0,3340.0,2327.0,2995.0,3760.0,2201.0,,,,,,,,,,,,,,,,,,,,,,,,,,,,,,,,,,122142.0,20697.0,7472853.0,32571.0,712.0,1325743.0,60705.0,985.0,1589770.0,215556.0,22394.0,10406408.0
AUS,Australia,national,AUS,2020,2019-20,1441105.0,599516.0,213218.0,60609.0,2314448.0,,,,,,,,,,,171700.0,8002.0,83426.0,7604.0,394742.0,78963.0,138478.0,100585.0,201918.0,22609.0,107943.0,263973.0,300508.0,101560.0,7076.0,35150.0,149025.0,31991.0,106397.0,2798.0,613032.0,752765.0,779836.0,96209.0,34491.0,38115.0,,,,,,,,,,,,,104183.0,67613.0,171796.0,174528.0,41006.0,22652.0,63658.0,66174.0,52455.0,118628.0,293437.0,561000.0,140514.0,530000.0,5597.0,15480.0,21076.0,2228.0,2088.0,3090.0,2550.0,2445.0,1586.0,2274.0,2717.0,2103.0,,,,,,,,,,,,,,,,,,,,,,,,,,,,,,,,,,105671.0,22123.0,7556401.0,27873.0,842.0,1352774.0,58921.0,1255.0,1647436.0,192514.0,24220.0,10574702.0
AUS,Australia,national,AUS,2021,2020-21,1410049.0,711364.0,220427.0,60414.0,2402254.0,254149.0,102564.0,7670.0,1097.0,365480.0,226996.0,41052.0,7965.0,1661.0,277674.0,173031.0,8036.0,86075.0,7961.0,411236.0,81047.0,147533.0,105861.0,196800.0,23602.0,113023.0,272123.0,314642.0,106892.0,7003.0,37141.0,159780.0,33704.0,114274.0,2490.0,689620.0,761346.0,782804.0,96227.0,34320.0,37937.0,154133.0,141475.0,65982.0,2398.0,725.0,767.0,141469.0,85375.0,45438.0,3203.0,1035.0,1154.0,145890.0,72227.0,218117.0,221974.0,56468.0,25522.0,81990.0,85417.0,55964.0,141382.0,402346.0,610000.0,198101.0,562950.0,2825.0,7806.0,10627.0,1125.0,985.0,1387.0,1202.0,1085.0,695.0,1105.0,1305.0,1745.0,387264588.8,2382840.5,22048333.2,68047401.8,2577596.9,111189113.0,26249248.2,127623.7,202486.1,70856.9,39932.1,22467.6,2.3,1.8,5.9,1.1,8.9,2.6,9.1,6.5,4.5,1.4,3.7,1.6,7.8,3.2,6.6,8.8,14.5,1.6,3.6,4.4,12049410.0,105525.0,22661.0,7639265.0,27296.0,703.0,1379367.0,49548.0,1325.0,1695659.0,182405.0,24689.0,10732418.0
AUS,Australia,national,AUS,2022,2021-22,1521428.0,727457.0,226968.0,63871.0,2539724.0,325373.0,106697.0,8915.0,1570.0,442555.0,228972.0,63292.0,10875.0,1946.0,305085.0,175079.0,8369.0,89237.0,8307.0,435288.0,81899.0,157574.0,110590.0,210075.0,24620.0,119722.0,285988.0,329244.0,117915.0,7497.0,40538.0,173752.0,36680.0,125209.0,2141.0,686701.0,813207.0,849402.0,108650.0,39182.0,42582.0,176038.0,182198.0,78686.0,3407.0,1074.0,1152.0,141469.0,85375.0,45438.0,3203.0,1035.0,1154.0,123404.0,74897.0,198301.0,202250.0,56241.0,28585.0,84826.0,88684.0,59625.0,148308.0,390743.0,720000.0,204540.0,590000.0,,,,,,,,,,,,,,,,,,,,,,,,,,,,,,,,,,,,,,,,,,,,,,116605.0,25986.0,7729884.0,23166.0,743.0,1401790.0,34213.0,487.0,1729385.0,174147.0,27216.0,10879349.0
AUS,Australia,national,AUS,2023,2022-23,1585693.0,703467.0,231259.0,69454.0,2589873.0,297302.0,99446.0,8359.0,1258.0,406365.0,297269.0,74347.0,12715.0,2061.0,386392.0,174471.0,8473.0,90174.0,8582.0,444419.0,82560.0,155755.0,110175.0,218662.0,24757.0,123266.0,290103.0,336214.0,120630.0,7488.0,40828.0,185260.0,37649.0,127986.0,2421.0,638893.0,845884.0,895806.0,117843.0,43729.0,47718.0,135042.0,186266.0,80056.0,3126.0,1023.0,852.0,180940.0,125241.0,72539.0,4892.0,1418.0,1362.0,106086.0,68594.0,174680.0,177641.0,55699.0,30878.0,86576.0,90489.0,69427.0,159916.0,310666.0,730000.0,168591.0,585000.0,,,,,,,,,,,,,,,,,,,,,,,,,,,,,,,,,,,,,,,,,,,,,,,,,,,,,,,,,
AUS,Australia,national,AUS,2024,2023-24,1663837.0,693558.0,232200.0,73403.0,2662998.0,325420.0,99864.0,9236.0,1498.0,436018.0,281059.0,66978.0,12673.0,2183.0,362893.0,172248.0,8589.0,90476.0,8767.0,452820.0,82037.0,156938.0,111654.0,237506.0,24885.0,129031.0,298772.0,344357.0,124039.0,7642.0,42083.0,199763.0,38486.0,131077.0,1828.0,644604.0,864086.0,931592.0,125445.0,46417.0,50854.0,147920.0,195992.0,86594.0,3547.0,1095.0,870.0,162505.0,124020.0,68862.0,4807.0,1354.0,1345.0,103971.0,56802.0,160773.0,163505.0,58374.0,27622.0,85996.0,90104.0,66114.0,156218.0,,,,,,,,,,,,,,,,,,,,,,,,,,,,,,,,,,,,,,,,,,,,,,,,,,,,,,,,,,,,,
1,New South Wales,state,NSW,2011,2010-11,,,,,,,,,,,,,,,,,,,,,,,,,,,,,,,,,,,,,,,,,,,,,,,,,,,,,,,,,,,,,,,,,,,,,,,,,,,,,,,,53566048.0,317523.0,4665136.0,25394950.0,480371.0,28499153.0,,,,,,,2.2,1.0,8.4,1.1,7.3,4.4,10.3,6.7,4.9,2.3,5.0,1.6,7.9,3.3,6.1,7.9,11.6,1.5,3.7,2.5,3138332.0,,,,,,,,,,,,
1,New South Wales,state,NSW,2016,2015-16,,,,,,,,,,,,,,,,,,,,,,,,,,,,,,,,,,,,,,,,,,,,,,,,,,,,,,,,,,,,,,,,,,,,2092.0,6761.0,8855.0,847.0,769.0,1295.0,1049.0,1086.0,761.0,913.0,1160.0,976.0,53438094.0,323148.0,4674553.0,25968194.0,488252.0,30107903.0,5870061.0,,,13085.8,6897.2,4390.7,2.1,0.9,5.8,0.9,8.4,3.1,9.7,7.1,4.7,2.2,4.9,1.8,8.1,3.5,6.0,8.4,12.5,1.5,3.7,4.7,3380336.0,,,,,,,,,,,,
1,New South Wales,state,NSW,2017,2016-17,,,,,,,,,,,,,,,,,,,,,,,,,,,,,,,,,,,,,,,,,,,,,,,,,,,,,,,,,,,,,,,,,,,,1843.0,6773.0,8619.0,819.0,703.0,1241.0,1096.0,1089.0,766.0,933.0,1090.0,879.0,,,,,,,,,,,,,,,,,,,,,,,,,,,,,,,,,,27974.0,4539.0,2060977.0,7667.0,48.0,366004.0,27802.0,100.0,676273.0,63466.0,4687.0,3112186.0
1,New South Wales,state,NSW,2018,2017-18,,,,,,,,,,,,,,,,,,,,,,,,,,,,,,,,,,,,,,,,,,,,,,,,,,,,,,,,,,,,,,,,94859.0,675000.0,52755.0,675000.0,1915.0,7325.0,9233.0,885.0,895.0,1235.0,1252.0,1125.0,765.0,1030.0,1205.0,830.0,,,,,,,,,,,,,,,,,,,,,,,,,,,,,,,,,,27405.0,5830.0,2082552.0,7927.0,238.0,373693.0,29914.0,65.0,706122.0,65269.0,6133.0,3171322.0
1,New South Wales,state,NSW,2019,2018-19,,,,,,,,,,,,,,,,,,,,,,,,,,,,,,,,,,,,,,,,,,,,,,,,,,,,,,28141.0,29505.0,57646.0,57982.0,11928.0,9548.0,21477.0,22005.0,16865.0,38871.0,80138.0,650000.0,39253.0,651000.0,1815.0,6115.0,7926.0,823.0,785.0,1097.0,953.0,941.0,681.0,893.0,1125.0,626.0,,,,,,,,,,,,,,,,,,,,,,,,,,,,,,,,,,32929.0,6010.0,2109471.0,9564.0,101.0,383156.0,32120.0,122.0,738120.0,74725.0,6233.0,3239814.0
1,New South Wales,state,NSW,2020,2019-20,470966.0,225070.0,70491.0,19719.0,786246.0,,,,,,,,,,,52088.0,1567.0,26642.0,2466.0,131301.0,28533.0,46258.0,34008.0,66666.0,9225.0,40954.0,89262.0,109755.0,35051.0,2657.0,12950.0,50690.0,11282.0,33987.0,904.0,203999.0,257665.0,265416.0,32547.0,11980.0,14639.0,,,,,,,,,,,,,24546.0,23608.0,48154.0,48748.0,10714.0,7623.0,18337.0,18954.0,17540.0,36494.0,88709.0,680000.0,47559.0,670000.0,1498.0,4602.0,6104.0,646.0,582.0,860.0,764.0,741.0,471.0,661.0,784.0,590.0,,,,,,,,,,,,,,,,,,,,,,,,,,,,,,,,,,25924.0,8005.0,2127390.0,7109.0,263.0,390002.0,26948.0,272.0,764796.0,59986.0,8540.0,3291260.0
1,New South Wales,state,NSW,2021,2020-21,457432.0,267680.0,72797.0,19694.0,817603.0,85411.0,39860.0,2598.0,382.0,128251.0,77065.0,16135.0,2659.0,585.0,96444.0,52802.0,1569.0,27530.0,2606.0,138030.0,29366.0,49149.0,36151.0,63707.0,9585.0,43088.0,92266.0,114979.0,36921.0,2650.0,13774.0,54267.0,11869.0,36495.0,799.0,230912.0,259905.0,267900.0,32686.0,11868.0,14332.0,51726.0,50021.0,24917.0,989.0,293.0,305.0,47967.0,29956.0,16220.0,1190.0,413.0,506.0,30426.0,29193.0,59619.0,60213.0,13897.0,10277.0,24174.0,24976.0,19995.0,44971.0,126192.0,750000.0,66910.0,695000.0,829.0,2449.0,3279.0,350.0,322.0,398.0,362.0,330.0,212.0,352.0,413.0,552.0,53822773.8,282659.1,4147594.8,24711533.7,543335.5,39149834.9,7680246.8,14142.5,56258.1,18009.5,11063.3,5044.7,2.0,1.0,5.5,1.0,8.6,2.8,9.0,6.2,4.6,1.8,5.3,1.7,8.9,3.2,6.1,8.7,14.4,1.4,3.4,4.6,3684158.0,23993.0,6678.0,2144705.0,8233.0,79.0,398156.0,20325.0,300.0,784821.0,52559.0,7057.0,3336762.0
1,New South Wales,state,NSW,2022,2021-22,486578.0,272838.0,74786.0,20525.0,854727.0,100853.0,39288.0,2885.0,439.0,143465.0,77096.0,24480.0,3405.0,655.0,105636.0,53928.0,1564.0,28451.0,2739.0,146571.0,29668.0,51369.0,37308.0,63265.0,9954.0,45905.0,97001.0,120198.0,38998.0,2740.0,14582.0,58264.0,12563.0,38991.0,668.0,226742.0,276036.0,286672.0,36333.0,13228.0,15716.0,52319.0,60666.0,28305.0,1300.0,444.0,431.0,48170.0,30028.0,16270.0,1189.0,418.0,501.0,29299.0,25664.0,54963.0,55574.0,15376.0,9483.0,24859.0,25615.0,16778.0,42393.0,113915.0,929000.0,63331.0,747000.0,,,,,,,,,,,,,,,,,,,,,,,,,,,,,,,,,,,,,,,,,,,,,,26310.0,8845.0,2162170.0,7135.0,65.0,405226.0,12680.0,168.0,797333.0,46201.0,9078.0,3373885.0
1,New South Wales,state,NSW,2023,2022-23,509549.0,264129.0,75435.0,21838.0,870951.0,97443.0,37466.0,2753.0,432.0,138094.0,94407.0,29529.0,4201.0,648.0,128785.0,53816.0,1618.0,28529.0,2787.0,149387.0,29551.0,51087.0,37125.0,66624.0,9991.0,47270.0,98186.0,122210.0,40252.0,2763.0,14839.0,61415.0,13035.0,39721.0,745.0,210293.0,283688.0,304654.0,39717.0,15030.0,17569.0,44671.0,62187.0,29250.0,1187.0,453.0,346.0,58885.0,42432.0,24575.0,1690.0,466.0,502.0,24844.0,27005.0,51849.0,52313.0,14888.0,11521.0,26409.0,27291.0,20464.0,47755.0,86359.0,950000.0,51287.0,730000.0,,,,,,,,,,,,,,,,,,,,,,,,,,,,,,,,,,,,,,,,,,,,,,,,,,,,,,,,,
1,New South Wales,state,NSW,2024,2023-24,537650.0,259979.0,75508.0,23423.0,896560.0,107583.0,38157.0,3016.0,470.0,149226.0,91717.0,26292.0,4116.0,653.0,122778.0,53235.0,1641.0,28776.0,2835.0,153172.0,29613.0,51192.0,37508.0,71450.0,10078.0,49854.0,101312.0,125848.0,41309.0,2835.0,15212.0,65958.0,13317.0,40826.0,589.0,212331.0,289666.0,317150.0,42610.0,15979.0,18725.0,48741.0,66503.0,31827.0,1378.0,432.0,369.0,53579.0,42343.0,24061.0,1724.0,476.0,526.0,22579.0,19290.0,41869.0,42530.0,14487.0,9760.0,24247.0,25297.0,19196.0,44493.0,,,,,,,,,,,,,,,,,,,,,,,,,,,,,,,,,,,,,,,,,,,,,,,,,,,,,,,,,,,,,
2,Victoria,state,VIC,2011,2010-11,,,,,,,,,,,,,,,,,,,,,,,,,,,,,,,,,,,,,,,,,,,,,,,,,,,,,,,,,,,,,,,,,,,,,,,,,,,,,,,,11490619.0,1569337.0,2049542.0,14497623.0,495737.0,16625799.0,,,,,,,2.3,0.4,10.7,1.1,8.3,4.5,10.8,6.1,4.7,2.0,4.1,1.4,7.8,3.3,5.3,8.0,11.6,1.7,3.6,2.4,2530628.0,,,,,,,,,,,,
2,Victoria,state,VIC,2016,2015-16,,,,,,,,,,,,,,,,,,,,,,,,,,,,,,,,,,,,,,,,,,,,,,,,,,,,,,,,,,,,,,,,,,,,1648.0,4265.0,5915.0,635.0,516.0,869.0,666.0,758.0,544.0,588.0,703.0,635.0,10676372.0,1664933.0,1819057.0,13064743.0,562120.0,22683096.0,3012041.0,,,13080.0,4836.3,4642.5,2.2,0.3,7.8,1.1,8.3,3.2,10.2,6.6,4.8,1.9,3.9,1.6,7.9,3.4,5.3,8.6,12.5,1.9,3.6,4.7,2736127.0,,,,,,,,,,,,
2,Victoria,state,VIC,2017,2016-17,,,,,,,,,,,,,,,,,,,,,,,,,,,,,,,,,,,,,,,,,,,,,,,,,,,,,,,,,,,,,,,,,,,,1527.0,4365.0,5891.0,617.0,541.0,877.0,691.0,757.0,513.0,567.0,727.0,605.0,,,,,,,,,,,,,,,,,,,,,,,,,,,,,,,,,,33179.0,6589.0,1883067.0,10651.0,26.0,344043.0,21266.0,43.0,326098.0,65127.0,6658.0,2557877.0
2,Victoria,state,VIC,2018,2017-18,,,,,,,,,,,,,,,,,,,,,,,,,,,,,,,,,,,,,,,,,,,,,,,,,,,,,,,,,,,,,,,,84584.0,605000.0,51395.0,556000.0,1473.0,4327.0,5803.0,635.0,574.0,877.0,657.0,744.0,514.0,599.0,733.0,462.0,,,,,,,,,,,,,,,,,,,,,,,,,,,,,,,,,,36673.0,7720.0,1912020.0,11562.0,63.0,355542.0,17944.0,71.0,343971.0,66194.0,7854.0,2616217.0
2,Victoria,state,VIC,2019,2018-19,,,,,,,,,,,,,,,,,,,,,,,,,,,,,,,,,,,,,,,,,,,,,,,,,,,,,,36698.0,23267.0,59965.0,60332.0,15231.0,8117.0,23348.0,23907.0,13667.0,37574.0,70625.0,600000.0,39685.0,535000.0,1255.0,3467.0,4719.0,575.0,490.0,685.0,520.0,589.0,427.0,477.0,617.0,337.0,,,,,,,,,,,,,,,,,,,,,,,,,,,,,,,,,,39624.0,7092.0,1944552.0,12136.0,60.0,367618.0,12726.0,168.0,356529.0,64489.0,7320.0,2673386.0
2,Victoria,state,VIC,2020,2019-20,404541.0,156224.0,54277.0,15950.0,630992.0,,,,,,,,,,,38505.0,834.0,21722.0,2129.0,108931.0,22466.0,40361.0,29271.0,61367.0,6507.0,30037.0,69115.0,82000.0,28349.0,1918.0,9602.0,39311.0,9571.0,28250.0,746.0,173206.0,205878.0,206061.0,25676.0,9362.0,10809.0,,,,,,,,,,,,,36077.0,23998.0,60075.0,60502.0,14948.0,8873.0,23821.0,24390.0,16267.0,40658.0,72601.0,620000.0,42773.0,570000.0,1079.0,2686.0,3771.0,423.0,397.0,569.0,419.0,429.0,289.0,421.0,459.0,369.0,,,,,,,,,,,,,,,,,,,,,,,,,,,,,,,,,,37576.0,6765.0,1975363.0,11113.0,87.0,378644.0,15759.0,447.0,371841.0,64489.0,7299.0,2730576.0
2,Victoria,state,VIC,2021,2020-21,395038.0,188122.0,56386.0,15961.0,655507.0,73246.0,26298.0,1871.0,272.0,101687.0,64070.0,10070.0,1910.0,432.0,76482.0,38560.0,845.0,22450.0,2234.0,114177.0,23071.0,43795.0,30752.0,59806.0,6795.0,31357.0,71321.0,85373.0,29918.0,1886.0,10020.0,42070.0,10000.0,30409.0,668.0,198990.0,208585.0,203349.0,24776.0,9203.0,10604.0,43751.0,39349.0,17541.0,605.0,190.0,251.0,40137.0,23090.0,11719.0,928.0,292.0,314.0,46194.0,21223.0,67417.0,68718.0,18794.0,7676.0,26470.0,27457.0,15195.0,42651.0,88058.0,665000.0,54858.0,615000.0,524.0,1282.0,1804.0,186.0,152.0,242.0,204.0,203.0,123.0,193.0,214.0,283.0,11391332.5,1446834.3,2129819.3,15360673.2,496916.0,19387004.6,3735576.0,31740.3,58992.9,17542.3,8163.4,5577.5,2.1,0.3,7.0,1.1,9.4,2.8,9.4,6.2,4.7,1.6,4.1,1.5,8.4,3.1,5.6,8.8,14.1,1.7,3.5,4.6,3162893.0,37321.0,6947.0,2005737.0,11248.0,158.0,389734.0,17559.0,589.0,388811.0,66137.0,7694.0,2789019.0
2,Victoria,state,VIC,2022,2021-22,447783.0,191649.0,57394.0,16385.0,713211.0,111588.0,27631.0,2292.0,509.0,142020.0,63554.0,16405.0,2815.0,514.0,83288.0,38747.0,911.0,23166.0,2320.0,121927.0,23174.0,49259.0,32719.0,72532.0,7080.0,33211.0,75525.0,88912.0,36323.0,2219.0,11725.0,46658.0,11254.0,34981.0,568.0,212001.0,228608.0,222461.0,27894.0,10333.0,11914.0,63316.0,55901.0,21197.0,938.0,295.0,373.0,40110.0,23079.0,11710.0,923.0,288.0,312.0,39562.0,24686.0,64248.0,66177.0,18807.0,9930.0,28736.0,30164.0,17658.0,47822.0,88853.0,780000.0,55112.0,629925.0,,,,,,,,,,,,,,,,,,,,,,,,,,,,,,,,,,,,,,,,,,,,,,38797.0,8656.0,2035878.0,9066.0,134.0,398666.0,11295.0,104.0,400002.0,59204.0,8894.0,2839329.0
2,Victoria,state,VIC,2023,2022-23,461440.0,181121.0,58635.0,18171.0,719367.0,87669.0,24459.0,2116.0,345.0,114589.0,97729.0,19568.0,3142.0,492.0,120931.0,38655.0,915.0,23601.0,2426.0,123873.0,23633.0,47125.0,31906.0,72918.0,7062.0,34273.0,76957.0,90909.0,35170.0,2118.0,11395.0,49972.0,11221.0,34594.0,644.0,190794.0,238246.0,235113.0,30533.0,11470.0,13211.0,38817.0,53617.0,20818.0,833.0,256.0,248.0,58909.0,38299.0,21085.0,1408.0,436.0,399.0,34144.0,20514.0,54658.0,55388.0,18655.0,9289.0,27944.0,29052.0,19999.0,49051.0,69460.0,750000.0,44824.0,595000.0,,,,,,,,,,,,,,,,,,,,,,,,,,,,,,,,,,,,,,,,,,,,,,,,,,,,,,,,,
2,Victoria,state,VIC,2024,2023-24,483514.0,176808.0,58542.0,19051.0,737915.0,97510.0,24345.0,2322.0,411.0,124588.0,84794.0,17016.0,3226.0,576.0,105612.0,38024.0,933.0,23381.0,2489.0,125033.0,23029.0,48208.0,32372.0,79105.0,6980.0,35763.0,79477.0,92404.0,36018.0,2162.0,11879.0,53942.0,11425.0,34803.0,488.0,191049.0,244569.0,243891.0,32545.0,12025.0,13798.0,43670.0,57021.0,22364.0,925.0,303.0,256.0,49863.0,35360.0,18297.0,1329.0,409.0,388.0,33237.0,18313.0,51550.0,51816.0,19488.0,8767.0,28254.0,29090.0,18186.0,47275.0,,,,,,,,,,,,,,,,,,,,,,,,,,,,,,,,,,,,,,,,,,,,,,,,,,,,,,,,,,,,,
3,Queensland,state,QLD,2011,2010-11,,,,,,,,,,,,,,,,,,,,,,,,,,,,,,,,,,,,,,,,,,,,,,,,,,,,,,,,,,,,,,,,,,,,,,,,,,,,,,,,134215307.0,157977.0,11771898.0,3530501.0,630873.0,15499253.0,,,,,,,2.7,2.6,8.4,1.2,9.0,3.6,10.7,7.0,5.3,1.2,2.7,1.8,6.5,3.2,6.7,7.9,11.9,1.4,3.9,2.4,2039276.0,,,,,,,,,,,,
3,Queensland,state,QLD,2016,2015-16,,,,,,,,,,,,,,,,,,,,,,,,,,,,,,,,,,,,,,,,,,,,,,,,,,,,,,,,,,,,,,,,,,,,2606.0,6486.0,9090.0,876.0,770.0,1356.0,996.0,1101.0,826.0,1076.0,1206.0,880.0,127550908.0,154843.0,10390122.0,1814782.0,559018.0,18431345.0,2104273.0,,,13216.9,5829.0,6878.8,2.8,2.3,6.0,1.1,9.0,2.6,9.9,7.3,5.1,1.2,2.5,2.0,6.3,3.5,6.6,9.0,13.0,1.6,3.9,4.3,2136450.0,,,,,,,,,,,,
3,Queensland,state,QLD,2017,2016-17,,,,,,,,,,,,,,,,,,,,,,,,,,,,,,,,,,,,,,,,,,,,,,,,,,,,,,,,,,,,,,,,,,,,2313.0,6838.0,9148.0,882.0,778.0,1468.0,1023.0,1142.0,843.0,968.0,1178.0,858.0,,,,,,,,,,,,,,,,,,,,,,,,,,,,,,,,,,24602.0,2217.0,1502110.0,8174.0,23.0,235243.0,15859.0,64.0,271704.0,48635.0,2304.0,2010628.0
3,Queensland,state,QLD,2018,2017-18,,,,,,,,,,,,,,,,,,,,,,,,,,,,,,,,,,,,,,,,,,,,,,,,,,,,,,,,,,,,,,,,70150.0,490000.0,28230.0,390000.0,2305.0,7111.0,9418.0,932.0,883.0,1443.0,1113.0,1139.0,863.0,1042.0,1185.0,818.0,,,,,,,,,,,,,,,,,,,,,,,,,,,,,,,,,,24595.0,2481.0,1524224.0,7998.0,67.0,243174.0,12354.0,62.0,283996.0,44947.0,2610.0,2052965.0
3,Queensland,state,QLD,2019,2018-19,,,,,,,,,,,,,,,,,,,,,,,,,,,,,,,,,,,,,,,,,,,,,,,,,,,,,,21436.0,11154.0,32590.0,33162.0,7710.0,3509.0,11219.0,11830.0,8656.0,20486.0,63439.0,490000.0,25334.0,389000.0,2106.0,6109.0,8216.0,770.0,777.0,1290.0,961.0,1049.0,711.0,887.0,1148.0,616.0,,,,,,,,,,,,,,,,,,,,,,,,,,,,,,,,,,24413.0,2364.0,1546273.0,5862.0,20.0,249016.0,8984.0,119.0,292861.0,39268.0,2503.0,2089730.0
3,Queensland,state,QLD,2020,2019-20,276478.0,112486.0,42945.0,12002.0,443911.0,,,,,,,,,,,40737.0,1825.0,16638.0,1400.0,77086.0,13635.0,25738.0,17774.0,35374.0,3480.0,17581.0,53036.0,53927.0,19629.0,1222.0,6792.0,29297.0,5633.0,22638.0,469.0,115813.0,143474.0,154194.0,18159.0,6252.0,6019.0,,,,,,,,,,,,,20322.0,9875.0,30197.0,30492.0,7593.0,3230.0,10824.0,11430.0,9227.0,20658.0,66377.0,492000.0,26465.0,395000.0,1614.0,4541.0,6157.0,617.0,614.0,904.0,750.0,702.0,467.0,654.0,837.0,601.0,,,,,,,,,,,,,,,,,,,,,,,,,,,,,,,,,,20521.0,2336.0,1564458.0,5519.0,66.0,254469.0,9736.0,58.0,302539.0,35776.0,2460.0,2123046.0
3,Queensland,state,QLD,2021,2020-21,270926.0,133587.0,44445.0,11855.0,460813.0,47544.0,19978.0,1603.0,208.0,69333.0,43366.0,8014.0,1763.0,307.0,53450.0,41177.0,1785.0,17224.0,1451.0,79274.0,14008.0,27446.0,18574.0,34571.0,3727.0,18604.0,54488.0,56791.0,20596.0,1198.0,7148.0,31738.0,6144.0,24451.0,418.0,128447.0,145573.0,155908.0,18310.0,6387.0,6188.0,29903.0,26694.0,12157.0,364.0,122.0,93.0,26863.0,16873.0,8976.0,553.0,161.0,141.0,29532.0,12016.0,41548.0,41914.0,11082.0,4345.0,15427.0,16232.0,8928.0,25160.0,98633.0,525000.0,43114.0,429000.0,855.0,2236.0,3091.0,336.0,285.0,439.0,367.0,295.0,199.0,319.0,377.0,474.0,134842014.5,123252.9,10605366.0,2079829.4,754884.6,22365524.9,2633226.5,39108.6,43323.0,14552.7,6982.2,6936.2,2.6,2.3,5.7,1.2,9.1,2.4,9.3,7.2,4.7,1.0,2.6,1.8,6.7,3.4,6.2,8.8,15.4,1.5,3.9,4.5,2444090.0,20276.0,2813.0,1581921.0,4462.0,58.0,258873.0,5338.0,128.0,307749.0,30092.0,2999.0,2150139.0
3,Queensland,state,QLD,2022,2021-22,285839.0,137363.0,46174.0,12926.0,482302.0,56100.0,21278.0,1843.0,288.0,79509.0,44334.0,12236.0,2451.0,384.0,59405.0,41872.0,1848.0,17930.0,1530.0,82950.0,14210.0,28891.0,19311.0,34450.0,3921.0,19621.0,57289.0,59850.0,21691.0,1226.0,7590.0,34754.0,6640.0,26359.0,369.0,122073.0,153572.0,170995.0,21058.0,7467.0,7137.0,30437.0,33308.0,14891.0,571.0,152.0,150.0,26765.0,16815.0,8951.0,560.0,160.0,144.0,24332.0,13759.0,38091.0,38469.0,11014.0,5431.0,16445.0,17343.0,11067.0,28409.0,104335.0,617000.0,51513.0,475000.0,,,,,,,,,,,,,,,,,,,,,,,,,,,,,,,,,,,,,,,,,,,,,,25839.0,3601.0,1604159.0,3923.0,116.0,262680.0,5069.0,160.0,312658.0,34862.0,3877.0,2181124.0
3,Queensland,state,QLD,2023,2022-23,299839.0,135427.0,47597.0,14162.0,497025.0,55942.0,20647.0,1778.0,238.0,78605.0,52621.0,13608.0,2707.0,458.0,69394.0,41935.0,1834.0,18288.0,1601.0,85501.0,14398.0,29354.0,19601.0,36272.0,3972.0,20292.0,57939.0,61513.0,23045.0,1272.0,7769.0,37418.0,6976.0,27605.0,440.0,116840.0,160721.0,180411.0,22728.0,8189.0,8136.0,26077.0,35869.0,15838.0,556.0,141.0,124.0,31733.0,23041.0,13555.0,902.0,252.0,245.0,21371.0,13977.0,35348.0,35845.0,11239.0,7274.0,18513.0,19544.0,16275.0,35819.0,80414.0,652000.0,41053.0,510000.0,,,,,,,,,,,,,,,,,,,,,,,,,,,,,,,,,,,,,,,,,,,,,,,,,,,,,,,,,
3,Queensland,state,QLD,2024,2023-24,312614.0,134743.0,48130.0,14957.0,510444.0,58546.0,20077.0,1927.0,289.0,80839.0,52957.0,12735.0,2652.0,472.0,68816.0,41551.0,1895.0,18364.0,1632.0,87004.0,14359.0,29403.0,19896.0,39062.0,4002.0,21218.0,59515.0,63276.0,23618.0,1269.0,7941.0,40596.0,7147.0,28393.0,303.0,117664.0,163303.0,187874.0,23993.0,8744.0,8862.0,27247.0,36124.0,16589.0,609.0,173.0,105.0,29858.0,24035.0,13628.0,860.0,234.0,212.0,21600.0,10887.0,32487.0,32922.0,12260.0,5707.0,17967.0,19040.0,15093.0,34134.0,,,,,,,,,,,,,,,,,,,,,,,,,,,,,,,,,,,,,,,,,,,,,,,,,,,,,,,,,,,,,
4,South Australia,state,SA,2011,2010-11,,,,,,,,,,,,,,,,,,,,,,,,,,,,,,,,,,,,,,,,,,,,,,,,,,,,,,,,,,,,,,,,,,,,,,,,,,,,,,,,50020160.0,140605.0,1021635.0,10581222.0,371327.0,,,,,,,,3.9,1.3,10.5,1.3,7.5,3.5,11.2,6.3,4.2,1.4,3.0,1.3,5.5,3.4,7.1,7.9,13.6,1.3,3.9,1.9,739359.0,,,,,,,,,,,,
4,South Australia,state,SA,2016,2015-16,,,,,,,,,,,,,,,,,,,,,,,,,,,,,,,,,,,,,,,,,,,,,,,,,,,,,,,,,,,,,,,,,,,,442.0,1311.0,1751.0,159.0,123.0,251.0,203.0,193.0,152.0,176.0,251.0,253.0,47579721.0,134716.0,913890.0,10744162.0,408468.0,12277875.0,3162312.0,,,6228.8,3587.4,1952.6,4.0,1.2,8.0,1.2,7.6,2.8,10.7,6.7,4.1,1.3,2.7,1.3,5.6,3.6,7.1,8.6,14.8,1.4,3.9,3.3,746105.0,,,,,,,,,,,,
4,South Australia,state,SA,2017,2016-17,,,,,,,,,,,,,,,,,,,,,,,,,,,,,,,,,,,,,,,,,,,,,,,,,,,,,,,,,,,,,,,,,,,,405.0,1469.0,1873.0,153.0,154.0,259.0,231.0,205.0,166.0,175.0,266.0,276.0,,,,,,,,,,,,,,,,,,,,,,,,,,,,,,,,,,7248.0,2458.0,600729.0,1547.0,263.0,113835.0,1074.0,190.0,54292.0,9870.0,2911.0,769825.0
4,South Australia,state,SA,2018,2017-18,,,,,,,,,,,,,,,,,,,,,,,,,,,,,,,,,,,,,,,,,,,,,,,,,,,,,,,,,,,,,,,,22497.0,415000.0,7799.0,365000.0,437.0,1525.0,1965.0,180.0,170.0,272.0,245.0,230.0,164.0,192.0,256.0,257.0,,,,,,,,,,,,,,,,,,,,,,,,,,,,,,,,,,7754.0,2826.0,605657.0,1721.0,330.0,115226.0,1260.0,184.0,55368.0,10739.0,3340.0,777224.0
4,South Australia,state,SA,2019,2018-19,,,,,,,,,,,,,,,,,,,,,,,,,,,,,,,,,,,,,,,,,,,,,,,,,,,,,,7909.0,2713.0,10622.0,10762.0,2413.0,632.0,3045.0,3136.0,2102.0,5238.0,21457.0,425000.0,7703.0,372000.0,350.0,1278.0,1628.0,155.0,158.0,218.0,200.0,160.0,121.0,157.0,250.0,205.0,,,,,,,,,,,,,,,,,,,,,,,,,,,,,,,,,,8094.0,2551.0,611200.0,1990.0,401.0,116815.0,1676.0,9.0,57035.0,11771.0,2961.0,786034.0
4,South Australia,state,SA,2020,2019-20,96066.0,31606.0,13947.0,3764.0,145383.0,,,,,,,,,,,17097.0,521.0,6323.0,581.0,23544.0,5307.0,8510.0,6097.0,11076.0,980.0,6003.0,18164.0,14953.0,5855.0,361.0,1663.0,9872.0,1605.0,6646.0,225.0,37900.0,48051.0,49618.0,5882.0,2018.0,1914.0,,,,,,,,,,,,,7867.0,3399.0,11266.0,11734.0,2458.0,923.0,3381.0,3553.0,3193.0,6746.0,20780.0,425000.0,7514.0,375250.0,314.0,904.0,1215.0,117.0,97.0,153.0,173.0,134.0,73.0,117.0,175.0,177.0,,,,,,,,,,,,,,,,,,,,,,,,,,,,,,,,,,6870.0,2467.0,615603.0,1435.0,279.0,117971.0,961.0,51.0,57945.0,9266.0,2797.0,792503.0
4,South Australia,state,SA,2021,2020-21,95196.0,36244.0,14326.0,3696.0,149462.0,14795.0,4321.0,505.0,69.0,19690.0,13309.0,1847.0,478.0,84.0,15718.0,17076.0,513.0,6401.0,599.0,24189.0,5349.0,8844.0,6415.0,11119.0,1040.0,6139.0,18605.0,15578.0,6141.0,356.0,1815.0,10459.0,1650.0,6976.0,198.0,40774.0,48943.0,49738.0,6068.0,1991.0,1948.0,8288.0,7806.0,3386.0,142.0,41.0,27.0,8093.0,4669.0,2688.0,163.0,47.0,49.0,11427.0,2457.0,13884.0,14078.0,3496.0,723.0,4219.0,4352.0,3825.0,8177.0,26174.0,450000.0,9886.0,398125.0,142.0,496.0,642.0,51.0,51.0,73.0,75.0,58.0,41.0,56.0,73.0,152.0,46180543.4,111049.4,936715.2,10777694.2,379712.6,23471623.1,3777232.5,,24959.2,7682.0,5220.1,1753.7,3.8,1.3,7.2,1.3,8.3,2.4,9.7,6.6,4.1,1.0,2.8,1.2,6.2,3.8,6.7,8.8,16.4,1.4,3.9,3.3,839414.0,8137.0,2927.0,620813.0,1435.0,254.0,119152.0,1501.0,185.0,59261.0,11076.0,3366.0,800213.0
4,South Australia,state,SA,2022,2021-22,99564.0,37697.0,14863.0,4007.0,156131.0,17839.0,4906.0,553.0,105.0,23403.0,13477.0,2743.0,613.0,94.0,16927.0,17089.0,521.0,6648.0,617.0,25370.0,5498.0,9160.0,6683.0,11688.0,1097.0,6477.0,19269.0,16265.0,6623.0,385.0,2007.0,11209.0,1834.0,7533.0,158.0,39537.0,51276.0,53916.0,6839.0,2365.0,2198.0,9248.0,9795.0,4056.0,189.0,61.0,54.0,8095.0,4658.0,2682.0,161.0,47.0,51.0,9818.0,2920.0,12738.0,12801.0,3385.0,986.0,4371.0,4535.0,5731.0,10266.0,28271.0,537500.0,10900.0,420000.0,,,,,,,,,,,,,,,,,,,,,,,,,,,,,,,,,,,,,,,,,,,,,,8711.0,2550.0,626974.0,1486.0,333.0,120305.0,858.0,26.0,60093.0,11055.0,2909.0,808359.0
4,South Australia,state,SA,2023,2022-23,103754.0,36418.0,15098.0,4334.0,159604.0,17593.0,4463.0,532.0,60.0,22648.0,16783.0,3495.0,832.0,130.0,21240.0,16889.0,543.0,6685.0,616.0,25803.0,5604.0,9101.0,6692.0,12626.0,1103.0,6627.0,19584.0,16498.0,6989.0,374.0,2054.0,11934.0,1930.0,7758.0,194.0,38157.0,53772.0,55259.0,7412.0,2548.0,2456.0,7731.0,10594.0,4073.0,172.0,45.0,33.0,9912.0,6796.0,4199.0,297.0,91.0,68.0,9516.0,2736.0,12252.0,12525.0,3812.0,1137.0,4949.0,5113.0,4005.0,9118.0,24294.0,602000.0,8947.0,467500.0,,,,,,,,,,,,,,,,,,,,,,,,,,,,,,,,,,,,,,,,,,,,,,,,,,,,,,,,,
4,South Australia,state,SA,2024,2023-24,108805.0,35915.0,15258.0,4476.0,164454.0,19531.0,4700.0,621.0,85.0,24937.0,16095.0,3082.0,762.0,142.0,20081.0,16585.0,529.0,6702.0,639.0,26483.0,5747.0,9038.0,6845.0,13975.0,1130.0,6866.0,20204.0,16884.0,7237.0,389.0,2164.0,12903.0,1969.0,8025.0,140.0,38824.0,55059.0,57249.0,7945.0,2806.0,2629.0,8671.0,11405.0,4590.0,197.0,51.0,38.0,9092.0,6725.0,3879.0,281.0,66.0,62.0,8669.0,2296.0,10965.0,11311.0,3780.0,908.0,4688.0,4965.0,3986.0,8951.0,,,,,,,,,,,,,,,,,,,,,,,,,,,,,,,,,,,,,,,,,,,,,,,,,,,,,,,,,,,,,
5,Western Australia,state,WA,2011,2010-11,,,,,,,,,,,,,,,,,,,,,,,,,,,,,,,,,,,,,,,,,,,,,,,,,,,,,,,,,,,,,,,,,,,,,,,,,,,,,,,,82785251.0,110904.0,1858873.0,13674752.0,267804.0,,,,,,,,2.4,6.2,8.2,1.1,10.2,3.6,10.1,5.9,4.5,1.1,2.5,1.7,7.2,3.1,6.2,8.0,10.4,1.3,3.9,2.2,1097879.0,,,,,,,,,,,,
5,Western Australia,state,WA,2016,2015-16,,,,,,,,,,,,,,,,,,,,,,,,,,,,,,,,,,,,,,,,,,,,,,,,,,,,,,,,,,,,,,,,,,,,979.0,2032.0,3009.0,325.0,242.0,542.0,265.0,367.0,205.0,385.0,377.0,305.0,76802353.0,124782.0,1878471.0,13861742.0,,,7834926.0,,,8192.5,5540.0,1719.2,2.5,6.3,5.6,1.2,9.8,2.5,9.5,6.4,4.6,1.0,2.4,1.7,6.4,3.3,6.2,8.7,11.7,1.6,4.0,4.6,1157735.0,,,,,,,,,,,,
5,Western Australia,state,WA,2017,2016-17,,,,,,,,,,,,,,,,,,,,,,,,,,,,,,,,,,,,,,,,,,,,,,,,,,,,,,,,,,,,,,,,,,,,1059.0,2568.0,3631.0,375.0,341.0,675.0,378.0,419.0,301.0,438.0,388.0,323.0,,,,,,,,,,,,,,,,,,,,,,,,,,,,,,,,,,16586.0,1932.0,848943.0,2286.0,96.0,147843.0,4997.0,8.0,75611.0,23873.0,2036.0,1073362.0
5,Western Australia,state,WA,2018,2017-18,,,,,,,,,,,,,,,,,,,,,,,,,,,,,,,,,,,,,,,,,,,,,,,,,,,,,,,,,,,,,,,,30928.0,460000.0,9318.0,395000.0,1100.0,3040.0,4136.0,399.0,396.0,739.0,442.0,472.0,356.0,510.0,532.0,306.0,,,,,,,,,,,,,,,,,,,,,,,,,,,,,,,,,,14029.0,2122.0,860850.0,1974.0,73.0,149744.0,2684.0,54.0,78241.0,18691.0,2249.0,1089804.0
5,Western Australia,state,WA,2019,2018-19,,,,,,,,,,,,,,,,,,,,,,,,,,,,,,,,,,,,,,,,,,,,,,,,,,,,,,11978.0,2924.0,14902.0,15432.0,3923.0,810.0,4733.0,5003.0,3900.0,8903.0,29121.0,450000.0,8352.0,375000.0,1063.0,2513.0,3578.0,374.0,384.0,614.0,376.0,414.0,272.0,457.0,419.0,273.0,,,,,,,,,,,,,,,,,,,,,,,,,,,,,,,,,,12657.0,2264.0,871243.0,1559.0,122.0,151181.0,2604.0,313.0,80532.0,16822.0,2699.0,1103927.0
5,Western Australia,state,WA,2020,2019-20,142082.0,52557.0,21848.0,6457.0,222944.0,,,,,,,,,,,16329.0,3023.0,9001.0,771.0,38795.0,6982.0,12456.0,8783.0,20613.0,1600.0,10649.0,25338.0,28454.0,9084.0,616.0,2801.0,13836.0,2695.0,10848.0,270.0,60564.0,71309.0,74224.0,9812.0,3541.0,3494.0,,,,,,,,,,,,,10903.0,2854.0,13757.0,14344.0,3681.0,921.0,4602.0,4896.0,4260.0,9156.0,30122.0,445000.0,8876.0,360000.0,856.0,1922.0,2781.0,307.0,282.0,476.0,282.0,310.0,222.0,320.0,337.0,246.0,,,,,,,,,,,,,,,,,,,,,,,,,,,,,,,,,,10720.0,2081.0,879882.0,1164.0,128.0,152217.0,2770.0,107.0,83195.0,14656.0,2316.0,1116267.0
5,Western Australia,state,WA,2021,2020-21,140700.0,60655.0,22441.0,6484.0,230280.0,24123.0,8155.0,706.0,125.0,33109.0,21219.0,3404.0,809.0,183.0,25615.0,16430.0,3093.0,9283.0,791.0,39622.0,7151.0,12950.0,9107.0,20687.0,1618.0,10989.0,26223.0,29771.0,9517.0,608.0,2941.0,14803.0,2810.0,11638.0,248.0,66549.0,71514.0,75025.0,10145.0,3458.0,3589.0,14825.0,12547.0,5425.0,191.0,48.0,73.0,13417.0,7734.0,4038.0,242.0,95.0,111.0,22354.0,3687.0,26041.0,26947.0,6968.0,1451.0,8419.0,8794.0,4571.0,13365.0,45754.0,485000.0,13770.0,392000.0,357.0,875.0,1233.0,137.0,108.0,184.0,127.0,124.0,87.0,127.0,167.0,170.0,86440793.4,109431.0,2022715.3,12714683.7,391412.1,6002457.7,8378008.0,,11423.7,10201.3,7342.1,2027.5,2.3,7.5,5.3,1.2,8.8,2.5,8.8,6.5,4.5,0.8,2.2,1.4,6.9,3.1,5.9,8.8,13.6,1.6,3.9,4.6,1306249.0,11167.0,2765.0,888284.0,777.0,118.0,152876.0,1719.0,39.0,84875.0,13663.0,2922.0,1127008.0
5,Western Australia,state,WA,2022,2021-22,147922.0,61534.0,23300.0,7102.0,239858.0,28267.0,8957.0,896.0,175.0,38295.0,22189.0,5133.0,1085.0,210.0,28617.0,16424.0,3296.0,9693.0,785.0,41566.0,7216.0,13337.0,9476.0,20808.0,1694.0,11529.0,27213.0,31079.0,10083.0,615.0,3117.0,15955.0,3067.0,12683.0,222.0,62556.0,75325.0,81823.0,11791.0,4167.0,4196.0,14628.0,16176.0,7010.0,287.0,84.0,110.0,13354.0,7728.0,4000.0,240.0,94.0,111.0,15682.0,2908.0,18590.0,19166.0,5736.0,1246.0,6982.0,7361.0,5905.0,13266.0,39238.0,502000.0,15234.0,399000.0,,,,,,,,,,,,,,,,,,,,,,,,,,,,,,,,,,,,,,,,,,,,,,11845.0,1884.0,898245.0,593.0,76.0,153393.0,1182.0,29.0,86028.0,13626.0,1989.0,1138645.0
5,Western Australia,state,WA,2023,2022-23,154890.0,60177.0,23856.0,7750.0,246673.0,28007.0,8358.0,798.0,142.0,37305.0,26264.0,5501.0,1233.0,253.0,33251.0,16182.0,3330.0,9756.0,826.0,42546.0,7276.0,13472.0,9663.0,22437.0,1741.0,11732.0,27614.0,31663.0,10671.0,636.0,3235.0,17148.0,3101.0,13416.0,228.0,60168.0,79565.0,85210.0,12314.0,4694.0,4722.0,12565.0,17306.0,6987.0,283.0,89.0,75.0,15544.0,10710.0,6475.0,419.0,121.0,114.0,12004.0,1432.0,13436.0,14020.0,5188.0,675.0,5863.0,6330.0,5395.0,11725.0,36456.0,540000.0,15152.0,393000.0,,,,,,,,,,,,,,,,,,,,,,,,,,,,,,,,,,,,,,,,,,,,,,,,,,,,,,,,,
5,Western Australia,state,WA,2024,2023-24,162971.0,60186.0,24067.0,8172.0,255396.0,31153.0,8685.0,882.0,182.0,40902.0,25792.0,5289.0,1313.0,259.0,32653.0,15961.0,3348.0,9920.0,859.0,43466.0,7248.0,13545.0,9820.0,25526.0,1793.0,12106.0,28409.0,32420.0,11181.0,645.0,3295.0,18447.0,3177.0,14055.0,175.0,61870.0,81124.0,89139.0,13118.0,4972.0,5161.0,14092.0,18409.0,7932.0,300.0,96.0,78.0,14504.0,11188.0,6318.0,435.0,116.0,126.0,14463.0,2212.0,16675.0,17373.0,6688.0,1069.0,7757.0,8337.0,7008.0,15346.0,,,,,,,,,,,,,,,,,,,,,,,,,,,,,,,,,,,,,,,,,,,,,,,,,,,,,,,,,,,,,
6,Tasmania,state,TAS,2011,2010-11,,,,,,,,,,,,,,,,,,,,,,,,,,,,,,,,,,,,,,,,,,,,,,,,,,,,,,,,,,,,,,,,,,,,,,,,,,,,,,,,1499055.0,216566.0,407927.0,2204404.0,11656.0,,,,,,,,4.8,1.3,8.7,1.7,7.6,3.3,11.3,7.3,4.3,1.5,2.4,1.3,4.7,2.7,9.0,9.0,12.0,1.6,3.7,2.0,217297.0,,,,,,,,,,,,
6,Tasmania,state,TAS,2016,2015-16,,,,,,,,,,,,,,,,,,,,,,,,,,,,,,,,,,,,,,,,,,,,,,,,,,,,,,,,,,,,,,,,,,,,153.0,570.0,721.0,57.0,55.0,100.0,77.0,70.0,71.0,81.0,101.0,114.0,1459082.0,262628.0,385857.0,2044400.0,,,26815.0,,,1484.9,,,5.3,1.0,6.9,1.6,7.6,2.2,10.9,7.6,4.2,1.4,2.1,1.2,4.7,3.0,7.8,9.3,14.2,1.9,3.7,3.4,216584.0,,,,,,,,,,,,
6,Tasmania,state,TAS,2017,2016-17,,,,,,,,,,,,,,,,,,,,,,,,,,,,,,,,,,,,,,,,,,,,,,,,,,,,,,,,,,,,,,,,,,,,120.0,619.0,743.0,63.0,49.0,96.0,96.0,83.0,69.0,64.0,124.0,104.0,,,,,,,,,,,,,,,,,,,,,,,,,,,,,,,,,,1826.0,70.0,215703.0,200.0,,15224.0,133.0,,13740.0,2159.0,70.0,245279.0
6,Tasmania,state,TAS,2018,2017-18,,,,,,,,,,,,,,,,,,,,,,,,,,,,,,,,,,,,,,,,,,,,,,,,,,,,,,,,,,,,,,,,10903.0,333000.0,2744.0,292500.0,133.0,683.0,812.0,66.0,51.0,103.0,90.0,81.0,83.0,72.0,149.0,112.0,,,,,,,,,,,,,,,,,,,,,,,,,,,,,,,,,,1786.0,75.0,217414.0,485.0,7.0,15702.0,59.0,39.0,13760.0,2330.0,121.0,247488.0
6,Tasmania,state,TAS,2019,2018-19,,,,,,,,,,,,,,,,,,,,,,,,,,,,,,,,,,,,,,,,,,,,,,,,,,,,,,2851.0,194.0,3045.0,3221.0,889.0,57.0,946.0,1003.0,673.0,1675.0,9761.0,355000.0,2555.0,325000.0,94.0,524.0,620.0,59.0,34.0,99.0,81.0,56.0,46.0,64.0,114.0,66.0,,,,,,,,,,,,,,,,,,,,,,,,,,,,,,,,,,2537.0,86.0,219865.0,247.0,2.0,15947.0,71.0,1.0,13830.0,2856.0,89.0,250255.0
6,Tasmania,state,TAS,2020,2019-20,23655.0,9808.0,4626.0,1196.0,39285.0,,,,,,,,,,,5627.0,121.0,1830.0,118.0,6429.0,1002.0,2614.0,2363.0,3026.0,263.0,1075.0,3944.0,3849.0,1396.0,99.0,464.0,2627.0,523.0,1865.0,50.0,10083.0,12609.0,13803.0,1806.0,531.0,453.0,,,,,,,,,,,,,2916.0,173.0,3089.0,3198.0,931.0,48.0,979.0,1028.0,588.0,1616.0,9091.0,385000.0,2270.0,346500.0,82.0,374.0,458.0,42.0,32.0,44.0,78.0,41.0,33.0,38.0,73.0,74.0,,,,,,,,,,,,,,,,,,,,,,,,,,,,,,,,,,2499.0,65.0,222299.0,221.0,3.0,16165.0,73.0,6.0,13897.0,2794.0,74.0,252975.0
6,Tasmania,state,TAS,2021,2020-21,23705.0,11063.0,4753.0,1202.0,40723.0,3684.0,1496.0,159.0,11.0,5350.0,3282.0,642.0,157.0,21.0,4102.0,5657.0,119.0,1894.0,121.0,6868.0,1036.0,2677.0,2412.0,3012.0,276.0,1133.0,4004.0,4066.0,1500.0,103.0,493.0,2765.0,550.0,2000.0,37.0,11054.0,12938.0,13851.0,1875.0,540.0,465.0,2348.0,2033.0,919.0,38.0,7.0,5.0,2109.0,1226.0,740.0,49.0,8.0,6.0,4011.0,185.0,4196.0,4292.0,1380.0,62.0,1442.0,1509.0,758.0,2267.0,10016.0,440000.0,2730.0,391000.0,30.0,215.0,249.0,21.0,16.0,26.0,31.0,21.0,16.0,29.0,31.0,59.0,1503082.9,309613.8,470458.9,2371245.0,11298.0,812667.8,38693.4,14536.1,2684.8,2113.5,1017.3,517.7,5.3,1.0,6.4,1.8,8.6,2.2,9.6,7.6,4.1,1.0,1.9,1.1,5.1,2.9,7.3,9.4,16.4,1.8,3.8,2.8,254722.0,2796.0,72.0,225023.0,211.0,7.0,16369.0,59.0,1.0,13955.0,3066.0,80.0,255961.0
6,Tasmania,state,TAS,2022,2021-22,24788.0,11367.0,4967.0,1291.0,42413.0,4253.0,1682.0,198.0,22.0,6155.0,3402.0,941.0,233.0,36.0,4612.0,5637.0,115.0,1965.0,127.0,7367.0,1038.0,2740.0,2478.0,3163.0,285.0,1193.0,4175.0,4217.0,1626.0,105.0,541.0,2891.0,596.0,2126.0,28.0,10850.0,13352.0,14931.0,2110.0,646.0,524.0,2483.0,2470.0,1139.0,41.0,14.0,8.0,2070.0,1221.0,736.0,48.0,8.0,6.0,2838.0,347.0,3185.0,3339.0,1095.0,120.0,1214.0,1276.0,790.0,2066.0,9390.0,575000.0,2359.0,489000.0,,,,,,,,,,,,,,,,,,,,,,,,,,,,,,,,,,,,,,,,,,,,,,3428.0,121.0,228330.0,84.0,5.0,16448.0,74.0,,14029.0,3586.0,126.0,259421.0
6,Tasmania,state,TAS,2023,2022-23,25879.0,11095.0,5043.0,1406.0,43423.0,4337.0,1448.0,189.0,20.0,5994.0,3959.0,1074.0,279.0,40.0,5352.0,5599.0,111.0,1926.0,137.0,7600.0,999.0,2723.0,2490.0,3355.0,293.0,1205.0,4246.0,4337.0,1728.0,104.0,551.0,3145.0,626.0,2218.0,30.0,10442.0,14047.0,15372.0,2260.0,728.0,574.0,2217.0,2626.0,1092.0,33.0,15.0,11.0,2486.0,1682.0,1143.0,62.0,17.0,13.0,2766.0,182.0,2948.0,3104.0,1182.0,57.0,1239.0,1324.0,1124.0,2448.0,7877.0,599000.0,2253.0,505750.0,,,,,,,,,,,,,,,,,,,,,,,,,,,,,,,,,,,,,,,,,,,,,,,,,,,,,,,,,
6,Tasmania,state,TAS,2024,2023-24,26580.0,10963.0,5042.0,1444.0,44029.0,4375.0,1436.0,219.0,26.0,6056.0,3919.0,1002.0,293.0,33.0,5247.0,5556.0,117.0,1927.0,136.0,7836.0,951.0,2654.0,2483.0,3455.0,297.0,1271.0,4279.0,4320.0,1762.0,108.0,556.0,3409.0,654.0,2235.0,23.0,10243.0,14312.0,15831.0,2298.0,760.0,589.0,2204.0,2590.0,1197.0,55.0,8.0,6.0,2384.0,1711.0,1056.0,74.0,22.0,8.0,2361.0,124.0,2485.0,2570.0,1099.0,48.0,1147.0,1217.0,862.0,2079.0,,,,,,,,,,,,,,,,,,,,,,,,,,,,,,,,,,,,,,,,,,,,,,,,,,,,,,,,,,,,,
7,Northern Territory,state,NT,2011,2010-11,,,,,,,,,,,,,,,,,,,,,,,,,,,,,,,,,,,,,,,,,,,,,,,,,,,,,,,,,,,,,,,,,,,,,,,,,,,,,,,,55391452.0,9.0,2191202.0,1820.0,11.0,,,,,,,,1.9,2.7,4.0,1.3,8.2,2.1,8.1,6.2,4.7,1.1,1.3,1.5,4.9,3.0,20.9,8.9,10.0,2.2,4.8,2.0,98479.0,,,,,,,,,,,,
7,Northern Territory,state,NT,2016,2015-16,,,,,,,,,,,,,,,,,,,,,,,,,,,,,,,,,,,,,,,,,,,,,,,,,,,,,,,,,,,,,,,,,,,,49.0,206.0,257.0,20.0,30.0,47.0,51.0,43.0,14.0,15.0,20.0,15.0,53546280.0,24.0,2238350.0,,105.0,,1741.0,,,696.7,,,2.0,2.5,2.4,1.6,10.1,1.7,7.3,6.8,4.4,1.0,1.1,1.5,5.5,3.0,18.1,9.3,11.1,2.1,4.1,4.6,102708.0,,,,,,,,,,,,
7,Northern Territory,state,NT,2017,2016-17,,,,,,,,,,,,,,,,,,,,,,,,,,,,,,,,,,,,,,,,,,,,,,,,,,,,,,,,,,,,,,,,,,,,69.0,243.0,310.0,35.0,33.0,39.0,59.0,49.0,22.0,26.0,29.0,22.0,,,,,,,,,,,,,,,,,,,,,,,,,,,,,,,,,,775.0,42.0,57117.0,214.0,19.0,11373.0,310.0,,16116.0,1299.0,61.0,84736.0
7,Northern Territory,state,NT,2018,2017-18,,,,,,,,,,,,,,,,,,,,,,,,,,,,,,,,,,,,,,,,,,,,,,,,,,,,,,,,,,,,,,,,1351.0,485000.0,763.0,340000.0,72.0,284.0,358.0,39.0,42.0,58.0,49.0,62.0,24.0,28.0,22.0,22.0,,,,,,,,,,,,,,,,,,,,,,,,,,,,,,,,,,726.0,136.0,57707.0,106.0,1.0,11478.0,49.0,,16165.0,881.0,137.0,85480.0
7,Northern Territory,state,NT,2019,2018-19,,,,,,,,,,,,,,,,,,,,,,,,,,,,,,,,,,,,,,,,,,,,,,,,,,,,,,413.0,99.0,512.0,680.0,193.0,30.0,223.0,351.0,475.0,825.0,1274.0,475000.0,737.0,325000.0,66.0,231.0,298.0,25.0,39.0,46.0,61.0,56.0,14.0,25.0,28.0,13.0,,,,,,,,,,,,,,,,,,,,,,,,,,,,,,,,,,549.0,56.0,58200.0,135.0,,11613.0,126.0,,16291.0,810.0,56.0,86234.0
7,Northern Territory,state,NT,2020,2019-20,8664.0,3345.0,1941.0,597.0,14547.0,,,,,,,,,,,919.0,75.0,469.0,54.0,2844.0,311.0,936.0,746.0,1325.0,105.0,419.0,1914.0,1459.0,738.0,65.0,203.0,849.0,212.0,872.0,32.0,3396.0,4514.0,5283.0,848.0,277.0,229.0,,,,,,,,,,,,,343.0,50.0,393.0,582.0,176.0,13.0,189.0,344.0,308.0,652.0,1181.0,457000.0,737.0,302000.0,55.0,182.0,235.0,31.0,21.0,27.0,47.0,29.0,23.0,21.0,21.0,15.0,,,,,,,,,,,,,,,,,,,,,,,,,,,,,,,,,,405.0,153.0,58452.0,92.0,1.0,11704.0,113.0,78.0,16326.0,610.0,232.0,86612.0
7,Northern Territory,state,NT,2021,2020-21,8514.0,3901.0,1966.0,562.0,14943.0,1542.0,628.0,75.0,14.0,2259.0,1431.0,277.0,67.0,25.0,1800.0,936.0,74.0,470.0,58.0,2877.0,331.0,926.0,777.0,1365.0,105.0,436.0,1922.0,1521.0,745.0,67.0,210.0,967.0,207.0,922.0,27.0,3793.0,4451.0,5346.0,826.0,315.0,212.0,938.0,855.0,436.0,23.0,5.0,3.0,858.0,588.0,340.0,21.0,3.0,9.0,579.0,14.0,593.0,795.0,269.0,4.0,272.0,409.0,985.0,1394.0,1875.0,510000.0,747.0,327500.0,16.0,80.0,103.0,14.0,14.0,5.0,16.0,14.0,5.0,5.0,3.0,14.0,53063179.4,,1731706.6,100.0,38.2,,5934.3,1139.1,4831.5,746.2,141.1,605.1,2.3,2.4,2.2,1.5,8.0,1.5,7.2,7.4,4.0,0.7,0.9,1.1,4.9,2.9,18.2,9.4,14.9,2.3,3.9,4.2,107035.0,478.0,88.0,58842.0,58.0,22.0,11740.0,66.0,,16392.0,602.0,110.0,87104.0
7,Northern Territory,state,NT,2022,2021-22,9056.0,4032.0,2021.0,622.0,15731.0,1897.0,761.0,95.0,10.0,2763.0,1405.0,388.0,106.0,21.0,1920.0,964.0,76.0,494.0,63.0,2957.0,326.0,965.0,841.0,1429.0,113.0,451.0,1975.0,1637.0,825.0,68.0,232.0,1064.0,242.0,986.0,23.0,3700.0,4705.0,5799.0,934.0,335.0,258.0,1007.0,1144.0,582.0,21.0,7.0,3.0,839.0,581.0,338.0,20.0,3.0,11.0,348.0,121.0,469.0,529.0,198.0,26.0,224.0,308.0,871.0,1179.0,2217.0,565000.0,1053.0,375000.0,,,,,,,,,,,,,,,,,,,,,,,,,,,,,,,,,,,,,,,,,,,,,,511.0,43.0,59310.0,39.0,13.0,11766.0,49.0,,16441.0,603.0,56.0,87651.0
7,Northern Territory,state,NT,2023,2022-23,9371.0,4046.0,2014.0,674.0,16105.0,1915.0,689.0,61.0,7.0,2672.0,1692.0,431.0,128.0,8.0,2259.0,960.0,78.0,499.0,58.0,3009.0,316.0,966.0,811.0,1490.0,115.0,473.0,1974.0,1678.0,891.0,77.0,244.0,1134.0,245.0,1058.0,29.0,3458.0,4967.0,6028.0,978.0,376.0,298.0,858.0,1229.0,562.0,16.0,4.0,3.0,1002.0,727.0,482.0,28.0,5.0,,463.0,77.0,540.0,595.0,275.0,29.0,304.0,379.0,992.0,1372.0,1590.0,560000.0,912.0,370000.0,,,,,,,,,,,,,,,,,,,,,,,,,,,,,,,,,,,,,,,,,,,,,,,,,,,,,,,,,
7,Northern Territory,state,NT,2024,2023-24,9508.0,4104.0,2063.0,705.0,16380.0,1902.0,740.0,86.0,15.0,2743.0,1811.0,411.0,105.0,21.0,2348.0,928.0,86.0,511.0,58.0,2993.0,310.0,950.0,797.0,1585.0,115.0,504.0,1965.0,1714.0,914.0,86.0,275.0,1226.0,275.0,1070.0,18.0,3485.0,4978.0,6217.0,965.0,401.0,323.0,900.0,1187.0,615.0,25.0,11.0,3.0,936.0,876.0,500.0,29.0,10.0,,282.0,51.0,333.0,436.0,188.0,28.0,216.0,372.0,913.0,1285.0,,,,,,,,,,,,,,,,,,,,,,,,,,,,,,,,,,,,,,,,,,,,,,,,,,,,,,,,,,,,,
8,Australian Capital Territory,state,ACT,2011,2010-11,,,,,,,,,,,,,,,,,,,,,,,,,,,,,,,,,,,,,,,,,,,,,,,,,,,,,,,,,,,,,,,,,,,,,,,,,,,,,,,,26590.0,,6845.0,48196.0,,,,,,,,,0.2,,2.1,0.8,6.1,1.2,7.6,5.8,2.2,1.9,1.8,1.2,9.8,2.4,32.7,8.8,9.2,1.7,3.2,1.5,195885.0,,,,,,,,,,,,
8,Australian Capital Territory,state,ACT,2016,2015-16,,,,,,,,,,,,,,,,,,,,,,,,,,,,,,,,,,,,,,,,,,,,,,,,,,,,,,,,,,,,,,,,,,,,67.0,301.0,364.0,31.0,29.0,55.0,47.0,64.0,29.0,21.0,37.0,37.0,25448.0,,5974.0,45069.0,,,37.0,,,8.3,,,0.3,0.1,1.6,0.7,5.8,1.0,7.1,6.5,2.3,1.8,1.5,1.3,9.4,2.5,30.8,9.6,10.4,1.7,3.0,2.6,205628.0,,,,,,,,,,,,
8,Australian Capital Territory,state,ACT,2017,2016-17,,,,,,,,,,,,,,,,,,,,,,,,,,,,,,,,,,,,,,,,,,,,,,,,,,,,,,,,,,,,,,,,,,,,101.0,308.0,405.0,51.0,55.0,58.0,49.0,81.0,31.0,25.0,31.0,29.0,,,,,,,,,,,,,,,,,,,,,,,,,,,,,,,,,,1068.0,695.0,110489.0,990.0,5.0,27892.0,2397.0,159.0,30491.0,4455.0,859.0,168882.0
8,Australian Capital Territory,state,ACT,2018,2017-18,,,,,,,,,,,,,,,,,,,,,,,,,,,,,,,,,,,,,,,,,,,,,,,,,,,,,,,,,,,,,,,,4200.0,687000.0,4322.0,439900.0,83.0,333.0,413.0,43.0,46.0,56.0,59.0,83.0,39.0,26.0,26.0,33.0,,,,,,,,,,,,,,,,,,,,,,,,,,,,,,,,,,962.0,467.0,110984.0,1573.0,140.0,29325.0,2066.0,130.0,32427.0,4601.0,737.0,172746.0
8,Australian Capital Territory,state,ACT,2019,2018-19,,,,,,,,,,,,,,,,,,,,,,,,,,,,,,,,,,,,,,,,,,,,,,,,,,,,,,1263.0,4799.0,6062.0,6180.0,550.0,1346.0,1896.0,1958.0,993.0,2951.0,3647.0,705000.0,3710.0,450000.0,63.0,245.0,312.0,31.0,32.0,54.0,37.0,45.0,22.0,20.0,41.0,24.0,,,,,,,,,,,,,,,,,,,,,,,,,,,,,,,,,,1339.0,274.0,112049.0,1078.0,6.0,30397.0,2398.0,253.0,34572.0,4815.0,533.0,177028.0
8,Australian Capital Territory,state,ACT,2020,2019-20,17381.0,8319.0,3110.0,914.0,29724.0,,,,,,,,,,,343.0,21.0,630.0,82.0,5758.0,464.0,1468.0,1529.0,2414.0,391.0,1190.0,3141.0,5865.0,1415.0,129.0,644.0,2480.0,455.0,1272.0,33.0,7665.0,8934.0,10802.0,1373.0,487.0,463.0,,,,,,,,,,,,,1209.0,3656.0,4865.0,4928.0,505.0,1020.0,1525.0,1578.0,1073.0,2650.0,4571.0,717500.0,4318.0,465000.0,56.0,194.0,250.0,23.0,40.0,48.0,25.0,43.0,12.0,30.0,25.0,12.0,,,,,,,,,,,,,,,,,,,,,,,,,,,,,,,,,,1156.0,251.0,112954.0,1220.0,15.0,31602.0,2561.0,236.0,36897.0,4937.0,502.0,181463.0
8,Australian Capital Territory,state,ACT,2021,2020-21,17258.0,9995.0,3288.0,949.0,31490.0,3582.0,1810.0,152.0,16.0,5560.0,3042.0,654.0,120.0,23.0,3839.0,340.0,23.0,659.0,97.0,6147.0,473.0,1576.0,1657.0,2480.0,399.0,1237.0,3232.0,6328.0,1514.0,126.0,704.0,2652.0,458.0,1359.0,29.0,8654.0,9110.0,11273.0,1439.0,505.0,509.0,2250.0,2095.0,1160.0,39.0,11.0,5.0,1913.0,1181.0,681.0,47.0,11.0,15.0,1367.0,3452.0,4819.0,5017.0,583.0,984.0,1567.0,1689.0,1708.0,3397.0,5635.0,815000.0,6076.0,502900.0,35.0,95.0,132.0,26.0,21.0,13.0,11.0,18.0,5.0,10.0,17.0,10.0,20869.1,,3957.1,31642.7,,,330.8,,13.0,9.4,2.6,5.3,0.3,0.1,1.7,0.8,6.7,0.8,6.5,6.3,2.1,1.5,1.4,1.2,10.9,2.6,29.8,9.4,11.5,1.8,2.9,1.9,248603.0,1357.0,371.0,113940.0,872.0,7.0,32467.0,2981.0,83.0,39795.0,5210.0,461.0,186212.0
8,Australian Capital Territory,state,ACT,2022,2021-22,18482.0,10867.0,3452.0,1012.0,33813.0,4256.0,2160.0,153.0,22.0,6591.0,3290.0,950.0,167.0,31.0,4438.0,371.0,24.0,716.0,120.0,6508.0,502.0,1698.0,1756.0,2674.0,411.0,1289.0,3469.0,6838.0,1697.0,127.0,714.0,2883.0,464.0,1522.0,30.0,8741.0,9988.0,12385.0,1583.0,580.0,536.0,2447.0,2637.0,1433.0,45.0,14.0,15.0,1916.0,1180.0,695.0,48.0,11.0,15.0,1525.0,4492.0,6017.0,6195.0,630.0,1364.0,1994.0,2082.0,825.0,2907.0,4517.0,1020000.0,5031.0,572000.0,,,,,,,,,,,,,,,,,,,,,,,,,,,,,,,,,,,,,,,,,,,,,,1164.0,286.0,114818.0,840.0,1.0,33306.0,3006.0,,42801.0,5010.0,287.0,190935.0
8,Australian Capital Territory,state,ACT,2023,2022-23,19518.0,10908.0,3551.0,1109.0,35086.0,4168.0,1893.0,132.0,14.0,6207.0,3614.0,1126.0,190.0,32.0,4962.0,379.0,27.0,711.0,127.0,6625.0,537.0,1724.0,1864.0,2866.0,414.0,1351.0,3528.0,7126.0,1833.0,131.0,710.0,3028.0,492.0,1584.0,29.0,8291.0,10479.0,13273.0,1771.0,638.0,634.0,2022.0,2742.0,1387.0,32.0,17.0,7.0,2367.0,1492.0,988.0,75.0,27.0,17.0,978.0,2671.0,3649.0,3851.0,459.0,895.0,1354.0,1455.0,1172.0,2627.0,4208.0,995000.0,4154.0,600000.0,,,,,,,,,,,,,,,,,,,,,,,,,,,,,,,,,,,,,,,,,,,,,,,,,,,,,,,,,
8,Australian Capital Territory,state,ACT,2024,2023-24,20797.0,10764.0,3582.0,1173.0,36316.0,4600.0,1719.0,163.0,19.0,6501.0,3771.0,1135.0,205.0,27.0,5138.0,362.0,25.0,717.0,112.0,6788.0,529.0,1757.0,1923.0,3289.0,424.0,1407.0,3547.0,7243.0,1950.0,131.0,730.0,3210.0,499.0,1643.0,30.0,8714.0,10712.0,13747.0,1844.0,652.0,644.0,2326.0,2681.0,1424.0,47.0,14.0,9.0,2223.0,1733.0,1081.0,68.0,21.0,18.0,780.0,3629.0,4409.0,4547.0,384.0,1335.0,1719.0,1786.0,870.0,2656.0,,,,,,,,,,,,,,,,,,,,,,,,,,,,,,,,,,,,,,,,,,,,,,,,,,,,,,,,,,,,,
9,Other Territories,state,OTH,2011,2010-11,,,,,,,,,,,,,,,,,,,,,,,,,,,,,,,,,,,,,,,,,,,,,,,,,,,,,,,,,,,,,,,,,,,,,,,,,,,,,,,,,,,,,,,,,,,,,11.4,0.6,2.6,6.5,1.2,7.2,3.9,5.8,,0.3,0.4,2.8,5.3,31.3,10.1,5.8,2.2,2.2,1.6,1182.0,,,,,,,,,,,,
9,Other Territories,state,OTH,2016,2015-16,,,,,,,,,,,,,,,,,,,,,,,,,,,,,,,,,,,,,,,,,,,,,,,,,,,,,,,,,,,,,,,,,,,,,,,,,,,,,,,,,,,,,,,,,,,,1.7,7.0,2.1,2.0,6.7,0.9,8.6,11.5,4.9,0.9,1.0,1.3,2.0,5.6,20.0,7.2,5.1,3.2,2.6,5.1,2168.0,,,,,,,,,,,,
9,Other Territories,state,OTH,2017,2016-17,,,,,,,,,,,,,,,,,,,,,,,,,,,,,,,,,,,,,,,,,,,,,,,,,,,,,,,,,,,,,,,,,,,,,,,,,,,,,,,,,,,,,,,,,,,,,,,,,,,,,,,,,,,,,,,,,,,,,,,,,,,,
9,Other Territories,state,OTH,2018,2017-18,,,,,,,,,,,,,,,,,,,,,,,,,,,,,,,,,,,,,,,,,,,,,,,,,,,,,,,,,,,,,,,,9.0,465000.0,5.0,180000.0,,,,,,,,,,,,,,,,,,,,,,,,,,,,,,,,,,,,,,,,,,,,,,,,,,,,,,,,,
9,Other Territories,state,OTH,2019,2018-19,,,,,,,,,,,,,,,,,,,,,,,,,,,,,,,,,,,,,,,,,,,,,,,,,,,,,,,,,,,,,,,,,,,,,,,,,,,,,,,,,,,,,,,,,,,,,,,,,,,,,,,,,,,,,,,,,,,,,,,,,,,,
9,Other Territories,state,OTH,2020,2019-20,1272.0,101.0,33.0,10.0,1416.0,,,,,,,,,,,55.0,15.0,171.0,3.0,54.0,263.0,137.0,14.0,57.0,58.0,35.0,59.0,246.0,43.0,9.0,31.0,63.0,15.0,19.0,69.0,406.0,331.0,435.0,106.0,43.0,95.0,,,,,,,,,,,,,,,,,,,,,,,5.0,280000.0,,,,,,,,,,,,,,,,,,,,,,,,,,,,,,,,,,,,,,,,,,,,,,,,,,,,,,,,,,,
9,Other Territories,state,OTH,2021,2020-21,1280.0,117.0,25.0,11.0,1433.0,222.0,18.0,3.0,,241.0,212.0,9.0,,3.0,224.0,53.0,15.0,164.0,4.0,52.0,262.0,170.0,16.0,53.0,57.0,40.0,62.0,235.0,40.0,9.0,36.0,59.0,16.0,24.0,66.0,447.0,327.0,414.0,102.0,53.0,90.0,104.0,75.0,41.0,7.0,8.0,6.0,112.0,58.0,36.0,10.0,5.0,3.0,,,,,,,,,,,9.0,410000.0,10.0,250000.0,,3.0,3.0,,,,,,,,,,,,,,,,,,,,,,1.3,4.1,1.4,2.2,9.3,0.9,8.8,11.4,4.6,0.7,1.2,1.1,2.7,6.7,18.6,7.2,6.9,2.9,2.9,5.2,2251.0,,,,,,,,,,,,
9,Other Territories,state,OTH,2022,2021-22,1416.0,110.0,11.0,,1538.0,320.0,34.0,,,354.0,225.0,16.0,,,242.0,47.0,14.0,174.0,6.0,72.0,267.0,155.0,18.0,66.0,65.0,46.0,72.0,248.0,49.0,12.0,30.0,74.0,20.0,28.0,75.0,501.0,345.0,420.0,108.0,61.0,103.0,153.0,101.0,73.0,15.0,3.0,9.0,150.0,85.0,56.0,14.0,6.0,3.0,,,,,,,,,,,7.0,380000.0,7.0,220000.0,,,,,,,,,,,,,,,,,,,,,,,,,,,,,,,,,,,,,,,,,,,,,,,,,,,,,,,,,
9,Other Territories,state,OTH,2023,2022-23,1453.0,146.0,30.0,10.0,1639.0,228.0,23.0,,,251.0,200.0,15.0,3.0,,218.0,56.0,17.0,179.0,4.0,75.0,246.0,203.0,23.0,74.0,66.0,43.0,75.0,280.0,51.0,13.0,31.0,66.0,23.0,32.0,82.0,450.0,399.0,486.0,130.0,56.0,118.0,84.0,96.0,49.0,14.0,3.0,5.0,102.0,62.0,37.0,11.0,3.0,3.0,,,,,,,,,,,8.0,410000.0,9.0,180000.0,,,,,,,,,,,,,,,,,,,,,,,,,,,,,,,,,,,,,,,,,,,,,,,,,,,,,,,,,
9,Other Territories,state,OTH,2024,2023-24,1398.0,96.0,8.0,3.0,1504.0,220.0,5.0,,,226.0,203.0,16.0,,,220.0,46.0,15.0,178.0,7.0,45.0,251.0,191.0,10.0,59.0,66.0,42.0,64.0,248.0,50.0,17.0,31.0,72.0,23.0,27.0,62.0,424.0,363.0,494.0,127.0,78.0,123.0,69.0,72.0,56.0,11.0,7.0,7.0,66.0,49.0,42.0,7.0,,5.0,,,,,,,,,,,,,,,,,,,,,,,,,,,,,,,,,,,,,,,,,,,,,,,,,,,,,,,,,,,,,,,,,,,,,,,
1GSYD,Greater Sydney,gccsa,NSW,2011,2010-11,,,,,,,,,,,,,,,,,,,,,,,,,,,,,,,,,,,,,,,,,,,,,,,,,,,,,,,,,,,,,,,,,,,,,,,,,,,,,,,,,,,,,,,,,,,,0.4,0.2,8.5,0.9,7.1,5.3,9.8,6.2,5.3,3.0,6.6,1.8,9.6,3.5,5.6,7.6,10.9,1.6,3.7,2.6,2063271.0,,,,,,,,,,,,
1GSYD,Greater Sydney,gccsa,NSW,2016,2015-16,,,,,,,,,,,,,,,,,,,,,,,,,,,,,,,,,,,,,,,,,,,,,,,,,,,,,,,,,,,,,,,,,,,,1221.0,3998.0,5221.0,516.0,495.0,728.0,588.0,745.0,441.0,578.0,608.0,518.0,,,,,,,,,,,,,0.4,0.2,5.8,0.8,8.2,3.6,9.3,6.7,5.0,2.8,6.4,1.9,9.8,3.6,5.5,8.0,11.6,1.7,3.6,5.1,2272715.0,,,,,,,,,,,,
1GSYD,Greater Sydney,gccsa,NSW,2017,2016-17,,,,,,,,,,,,,,,,,,,,,,,,,,,,,,,,,,,,,,,,,,,,,,,,,,,,,,,,,,,,,,,,,,,,1098.0,3976.0,5074.0,528.0,464.0,708.0,601.0,724.0,448.0,572.0,584.0,446.0,,,,,,,,,,,,,,,,,,,,,,,,,,,,,,,,,,16860.0,3763.0,1061013.0,5054.0,40.0,245486.0,26061.0,100.0,588894.0,47984.0,3903.0,1901100.0
1GSYD,Greater Sydney,gccsa,NSW,2018,2017-18,,,,,,,,,,,,,,,,,,,,,,,,,,,,,,,,,,,,,,,,,,,,,,,,,,,,,,,,,,,,,,,,45463.0,975000.0,41008.0,730000.0,1224.0,4250.0,5480.0,562.0,596.0,702.0,672.0,765.0,473.0,672.0,640.0,403.0,,,,,,,,,,,,,,,,,,,,,,,,,,,,,,,,,,16848.0,4837.0,1073024.0,5568.0,238.0,250816.0,28328.0,60.0,617162.0,50757.0,5135.0,1946722.0
1GSYD,Greater Sydney,gccsa,NSW,2019,2018-19,,,,,,,,,,,,,,,,,,,,,,,,,,,,,,,,,,,,,,,,,,,,,,,,,,,,,,16719.0,24573.0,41292.0,41537.0,7567.0,8143.0,15710.0,16039.0,13395.0,29434.0,38297.0,910000.0,30012.0,713000.0,1164.0,3702.0,4867.0,557.0,520.0,624.0,524.0,663.0,413.0,567.0,657.0,342.0,,,,,,,,,,,,,,,,,,,,,,,,,,,,,,,,,,20525.0,4997.0,1088552.0,6279.0,89.0,257006.0,30665.0,114.0,647713.0,57528.0,5200.0,1999050.0
1GSYD,Greater Sydney,gccsa,NSW,2020,2019-20,333554.0,160330.0,45552.0,12907.0,552343.0,,,,,,,,,,,5093.0,778.0,17901.0,1577.0,90590.0,22312.0,32030.0,22603.0,53618.0,7776.0,34593.0,68074.0,88817.0,27045.0,2084.0,9792.0,36437.0,8221.0,22343.0,659.0,148035.0,181048.0,180242.0,23320.0,9003.0,10695.0,,,,,,,,,,,,,14607.0,18779.0,33386.0,33932.0,6809.0,6262.0,13071.0,13483.0,14047.0,27530.0,45403.0,945000.0,37647.0,726500.0,985.0,2826.0,3810.0,459.0,399.0,500.0,430.0,528.0,308.0,429.0,426.0,329.0,,,,,,,,,,,,,,,,,,,,,,,,,,,,,,,,,,15482.0,4733.0,1099301.0,4605.0,239.0,261372.0,25464.0,225.0,672952.0,45553.0,5197.0,2039406.0
1GSYD,Greater Sydney,gccsa,NSW,2021,2020-21,320793.0,192860.0,47409.0,13056.0,574118.0,64620.0,30381.0,1787.0,267.0,97055.0,59062.0,12072.0,1718.0,386.0,73238.0,5204.0,774.0,18492.0,1681.0,95189.0,23012.0,34411.0,23990.0,50697.0,8061.0,36473.0,70377.0,92827.0,28263.0,2068.0,10414.0,38989.0,8537.0,24084.0,575.0,169141.0,181477.0,181402.0,22986.0,8673.0,10439.0,39463.0,37289.0,19014.0,812.0,233.0,244.0,37079.0,22283.0,11686.0,954.0,329.0,385.0,17719.0,23927.0,41646.0,41999.0,8607.0,8687.0,17294.0,17761.0,16396.0,34157.0,63596.0,1050000.0,51782.0,750000.0,572.0,1462.0,2027.0,230.0,220.0,246.0,190.0,227.0,124.0,242.0,226.0,317.0,,,,,,,,,,,,,0.4,0.2,5.4,0.8,8.2,3.2,8.8,5.5,5.1,2.4,7.0,1.9,10.9,3.2,5.5,8.5,13.4,1.5,3.2,4.9,2430704.0,14491.0,5415.0,1108377.0,5097.0,64.0,266405.0,18362.0,235.0,691079.0,37958.0,5714.0,2071650.0
1GSYD,Greater Sydney,gccsa,NSW,2022,2021-22,340618.0,196201.0,48296.0,13386.0,598499.0,75499.0,29224.0,1907.0,301.0,106936.0,58421.0,18637.0,2204.0,425.0,79681.0,5247.0,772.0,19021.0,1759.0,100925.0,23166.0,36145.0,24672.0,49739.0,8295.0,38898.0,73882.0,96509.0,29393.0,2143.0,10982.0,41726.0,8998.0,25743.0,483.0,166190.0,193767.0,192646.0,24827.0,9521.0,11551.0,39120.0,45028.0,21081.0,1013.0,362.0,333.0,37106.0,22279.0,11692.0,952.0,328.0,383.0,16001.0,20824.0,36825.0,37193.0,9359.0,7939.0,17298.0,17740.0,12615.0,30356.0,55990.0,1345000.0,50057.0,792000.0,,,,,,,,,,,,,,,,,,,,,,,,,,,,,,,,,,,,,,,,,,,,,,15270.0,7029.0,1116618.0,4688.0,50.0,271043.0,11735.0,163.0,702651.0,31737.0,7242.0,2096145.0
1GSYD,Greater Sydney,gccsa,NSW,2023,2022-23,357626.0,188702.0,48527.0,14281.0,609136.0,73524.0,27607.0,1829.0,306.0,103266.0,71335.0,22394.0,2660.0,423.0,96812.0,5109.0,769.0,18979.0,1799.0,102045.0,23076.0,35976.0,24666.0,52928.0,8287.0,40068.0,74643.0,97792.0,30165.0,2141.0,11146.0,43791.0,9256.0,25957.0,543.0,152633.0,199591.0,205841.0,27336.0,10869.0,12866.0,33424.0,46582.0,21671.0,922.0,395.0,272.0,45160.0,31673.0,17522.0,1242.0,356.0,379.0,13718.0,21754.0,35472.0,35775.0,8963.0,9581.0,18544.0,19073.0,15900.0,34972.0,44093.0,1308000.0,41465.0,770000.0,,,,,,,,,,,,,,,,,,,,,,,,,,,,,,,,,,,,,,,,,,,,,,,,,,,,,,,,,
1GSYD,Greater Sydney,gccsa,NSW,2024,2023-24,380762.0,185243.0,48639.0,15560.0,630204.0,82888.0,28514.0,2038.0,313.0,113753.0,68356.0,19528.0,2602.0,408.0,90889.0,5060.0,764.0,19132.0,1874.0,104997.0,23211.0,36311.0,25208.0,57323.0,8311.0,42352.0,77150.0,100690.0,30954.0,2198.0,11447.0,46691.0,9439.0,26648.0,424.0,154497.0,204799.0,215721.0,29765.0,11548.0,13884.0,37502.0,50593.0,23934.0,1092.0,350.0,288.0,40572.0,31375.0,16916.0,1259.0,386.0,388.0,12497.0,14056.0,26553.0,27053.0,8837.0,7375.0,16212.0,16981.0,15379.0,32360.0,,,,,,,,,,,,,,,,,,,,,,,,,,,,,,,,,,,,,,,,,,,,,,,,,,,,,,,,,,,,,
1RNSW,Rest of NSW,gccsa,NSW,2011,2010-11,,,,,,,,,,,,,,,,,,,,,,,,,,,,,,,,,,,,,,,,,,,,,,,,,,,,,,,,,,,,,,,,,,,,,,,,,,,,,,,,,,,,,,,,,,,,5.8,2.5,8.3,1.5,7.9,2.8,11.4,7.7,4.2,1.0,2.2,1.4,4.6,2.8,7.2,8.6,13.0,1.2,3.9,2.1,1071376.0,,,,,,,,,,,,
1RNSW,Rest of NSW,gccsa,NSW,2016,2015-16,,,,,,,,,,,,,,,,,,,,,,,,,,,,,,,,,,,,,,,,,,,,,,,,,,,,,,,,,,,,,,,,,,,,871.0,2761.0,3629.0,326.0,271.0,565.0,458.0,341.0,322.0,336.0,551.0,466.0,,,,,,,,,,,,,5.7,2.4,6.0,1.3,8.7,2.0,10.3,7.9,4.0,0.9,2.0,1.4,4.5,3.3,7.2,9.0,14.4,1.2,3.9,3.8,1104163.0,,,,,,,,,,,,
1RNSW,Rest of NSW,gccsa,NSW,2017,2016-17,,,,,,,,,,,,,,,,,,,,,,,,,,,,,,,,,,,,,,,,,,,,,,,,,,,,,,,,,,,,,,,,,,,,748.0,2794.0,3544.0,291.0,241.0,531.0,491.0,367.0,317.0,361.0,501.0,434.0,,,,,,,,,,,,,,,,,,,,,,,,,,,,,,,,,,11114.0,776.0,999964.0,2613.0,8.0,120518.0,1741.0,,87379.0,15482.0,784.0,1211086.0
1RNSW,Rest of NSW,gccsa,NSW,2018,2017-18,,,,,,,,,,,,,,,,,,,,,,,,,,,,,,,,,,,,,,,,,,,,,,,,,,,,,,,,,,,,,,,,49219.0,470000.0,11269.0,420000.0,690.0,3066.0,3759.0,322.0,304.0,532.0,582.0,364.0,294.0,364.0,572.0,426.0,,,,,,,,,,,,,,,,,,,,,,,,,,,,,,,,,,10557.0,993.0,1009528.0,2359.0,,122877.0,1586.0,5.0,88960.0,14512.0,998.0,1224600.0
1RNSW,Rest of NSW,gccsa,NSW,2019,2018-19,,,,,,,,,,,,,,,,,,,,,,,,,,,,,,,,,,,,,,,,,,,,,,,,,,,,,,11422.0,4932.0,16354.0,16445.0,4361.0,1405.0,5767.0,5966.0,3470.0,9436.0,41621.0,469000.0,8846.0,419000.0,651.0,2413.0,3062.0,267.0,263.0,477.0,431.0,281.0,271.0,327.0,469.0,289.0,,,,,,,,,,,,,,,,,,,,,,,,,,,,,,,,,,12404.0,1013.0,1020919.0,3285.0,12.0,126150.0,1455.0,8.0,90407.0,17197.0,1033.0,1240764.0
1RNSW,Rest of NSW,gccsa,NSW,2020,2019-20,134024.0,63478.0,24455.0,5137.0,227094.0,,,,,,,,,,,45372.0,687.0,8252.0,821.0,40313.0,5724.0,13744.0,11128.0,12768.0,1286.0,5948.0,20665.0,20353.0,7768.0,549.0,3071.0,13962.0,2980.0,11499.0,204.0,54631.0,75437.0,83334.0,8823.0,2745.0,2124.0,,,,,,,,,,,,,9939.0,4829.0,14768.0,14816.0,3905.0,1361.0,5267.0,5471.0,3492.0,8963.0,43134.0,490000.0,9717.0,434000.0,511.0,1779.0,2291.0,188.0,181.0,358.0,335.0,215.0,166.0,230.0,360.0,260.0,,,,,,,,,,,,,,,,,,,,,,,,,,,,,,,,,,10442.0,3272.0,1028089.0,2504.0,24.0,128630.0,1484.0,47.0,91844.0,14433.0,3343.0,1251854.0
1RNSW,Rest of NSW,gccsa,NSW,2021,2020-21,133474.0,73539.0,24940.0,5033.0,236986.0,20420.0,9389.0,794.0,90.0,30693.0,17415.0,3937.0,915.0,123.0,22390.0,46063.0,697.0,8569.0,859.0,42488.0,5867.0,14256.0,11918.0,12747.0,1364.0,6215.0,21386.0,21568.0,8437.0,560.0,3277.0,15004.0,3248.0,12277.0,186.0,60498.0,77304.0,84735.0,9310.0,2958.0,2181.0,12051.0,12594.0,5802.0,163.0,54.0,29.0,10466.0,7500.0,4383.0,202.0,73.0,38.0,12707.0,5266.0,17973.0,18214.0,5290.0,1591.0,6880.0,7215.0,3599.0,10814.0,62413.0,550000.0,14997.0,495000.0,264.0,994.0,1251.0,113.0,96.0,156.0,167.0,96.0,81.0,115.0,194.0,234.0,,,,,,,,,,,,,5.1,2.4,5.6,1.2,9.4,2.0,9.4,7.5,3.7,0.8,1.9,1.3,4.9,3.2,7.2,9.2,16.3,1.2,3.8,3.9,1250938.0,9502.0,1263.0,1036328.0,3136.0,15.0,131751.0,1963.0,65.0,93742.0,14601.0,1343.0,1265112.0
1RNSW,Rest of NSW,gccsa,NSW,2022,2021-22,142861.0,75429.0,26089.0,5563.0,249944.0,24908.0,9948.0,970.0,105.0,35923.0,18039.0,5725.0,1166.0,161.0,25096.0,47315.0,703.0,8976.0,923.0,45281.0,6008.0,14753.0,12372.0,13256.0,1498.0,6596.0,22631.0,23106.0,9385.0,579.0,3516.0,16275.0,3495.0,13117.0,160.0,59361.0,81253.0,92323.0,11061.0,3475.0,2471.0,12976.0,15456.0,7111.0,271.0,71.0,49.0,10463.0,7505.0,4380.0,202.0,73.0,39.0,13298.0,4840.0,18138.0,18381.0,6017.0,1544.0,7561.0,7874.0,4127.0,12001.0,57749.0,675000.0,13192.0,580000.0,,,,,,,,,,,,,,,,,,,,,,,,,,,,,,,,,,,,,,,,,,,,,,11040.0,1816.0,1045552.0,2447.0,15.0,134183.0,945.0,5.0,94682.0,14464.0,1836.0,1277740.0
1RNSW,Rest of NSW,gccsa,NSW,2023,2022-23,148516.0,74202.0,26461.0,6005.0,255184.0,23257.0,9728.0,898.0,100.0,33983.0,22684.0,7051.0,1518.0,176.0,31429.0,47279.0,751.0,9097.0,926.0,46943.0,5970.0,14591.0,12185.0,13410.0,1542.0,6769.0,23013.0,23823.0,9871.0,606.0,3602.0,17335.0,3679.0,13621.0,171.0,56483.0,82926.0,96991.0,11914.0,3891.0,2979.0,10916.0,15329.0,7412.0,241.0,46.0,39.0,13469.0,10604.0,6920.0,426.0,97.0,74.0,11126.0,5251.0,16377.0,16538.0,5925.0,1940.0,7865.0,8218.0,4562.0,12781.0,42119.0,700000.0,9742.0,595000.0,,,,,,,,,,,,,,,,,,,,,,,,,,,,,,,,,,,,,,,,,,,,,,,,,,,,,,,,,
1RNSW,Rest of NSW,gccsa,NSW,2024,2023-24,153563.0,73562.0,26445.0,6326.0,259896.0,24060.0,9515.0,958.0,121.0,34654.0,22857.0,6674.0,1494.0,193.0,31221.0,46916.0,783.0,9198.0,911.0,47794.0,5886.0,14314.0,12034.0,13850.0,1618.0,7055.0,23623.0,24537.0,10154.0,627.0,3664.0,18979.0,3800.0,14018.0,131.0,56700.0,83711.0,99763.0,12405.0,4196.0,3118.0,10876.0,15639.0,7748.0,271.0,77.0,41.0,12778.0,10832.0,7017.0,442.0,80.0,75.0,10082.0,5234.0,15316.0,15477.0,5650.0,2385.0,8035.0,8316.0,3807.0,12123.0,,,,,,,,,,,,,,,,,,,,,,,,,,,,,,,,,,,,,,,,,,,,,,,,,,,,,,,,,,,,,
2GMEL,Greater Melbourne,gccsa,VIC,2011,2010-11,,,,,,,,,,,,,,,,,,,,,,,,,,,,,,,,,,,,,,,,,,,,,,,,,,,,,,,,,,,,,,,,,,,,,,,,,,,,,,,,,,,,,,,,,,,,0.5,0.2,10.8,1.0,8.2,5.0,10.6,5.9,4.8,2.3,4.8,1.5,8.9,3.5,5.1,7.9,11.1,1.8,3.6,2.5,1927929.0,,,,,,,,,,,,
2GMEL,Greater Melbourne,gccsa,VIC,2016,2015-16,,,,,,,,,,,,,,,,,,,,,,,,,,,,,,,,,,,,,,,,,,,,,,,,,,,,,,,,,,,,,,,,,,,,1238.0,3128.0,4357.0,480.0,406.0,647.0,487.0,624.0,409.0,430.0,468.0,410.0,,,,,,,,,,,,,0.6,0.2,7.7,1.0,8.2,3.5,10.1,6.5,5.0,2.2,4.5,1.7,9.0,3.6,5.0,8.6,12.0,2.1,3.6,4.9,2115493.0,,,,,,,,,,,,
2GMEL,Greater Melbourne,gccsa,VIC,2017,2016-17,,,,,,,,,,,,,,,,,,,,,,,,,,,,,,,,,,,,,,,,,,,,,,,,,,,,,,,,,,,,,,,,,,,,1130.0,3140.0,4274.0,474.0,410.0,620.0,499.0,602.0,382.0,419.0,458.0,404.0,,,,,,,,,,,,,,,,,,,,,,,,,,,,,,,,,,24179.0,5886.0,1258280.0,10079.0,25.0,290942.0,21127.0,41.0,310654.0,55405.0,5952.0,1863163.0
2GMEL,Greater Melbourne,gccsa,VIC,2018,2017-18,,,,,,,,,,,,,,,,,,,,,,,,,,,,,,,,,,,,,,,,,,,,,,,,,,,,,,,,,,,,,,,,57543.0,728000.0,46110.0,580000.0,1111.0,3163.0,4273.0,480.0,451.0,651.0,461.0,600.0,401.0,441.0,501.0,301.0,,,,,,,,,,,,,,,,,,,,,,,,,,,,,,,,,,26788.0,6970.0,1278098.0,10978.0,59.0,301861.0,17873.0,66.0,328461.0,55653.0,7095.0,1911721.0
2GMEL,Greater Melbourne,gccsa,VIC,2019,2018-19,,,,,,,,,,,,,,,,,,,,,,,,,,,,,,,,,,,,,,,,,,,,,,,,,,,,,,24988.0,22159.0,47147.0,47446.0,10981.0,7812.0,18793.0,19179.0,11511.0,30690.0,47193.0,710000.0,35076.0,565000.0,962.0,2492.0,3457.0,439.0,392.0,492.0,357.0,477.0,318.0,357.0,398.0,222.0,,,,,,,,,,,,,,,,,,,,,,,,,,,,,,,,,,28110.0,6244.0,1299964.0,11336.0,56.0,313141.0,12612.0,162.0,340911.0,52060.0,6462.0,1957319.0
2GMEL,Greater Melbourne,gccsa,VIC,2020,2019-20,320329.0,120170.0,40424.0,11870.0,492793.0,,,,,,,,,,,6392.0,515.0,16430.0,1607.0,84761.0,19041.0,31854.0,22225.0,53285.0,5811.0,26546.0,56859.0,71324.0,24070.0,1638.0,8073.0,32395.0,7698.0,21682.0,587.0,140773.0,160972.0,155410.0,19812.0,7508.0,8318.0,,,,,,,,,,,,,25085.0,23072.0,48157.0,48454.0,10869.0,8613.0,19482.0,19861.0,13480.0,33341.0,49396.0,730000.0,38308.0,594000.0,834.0,1983.0,2816.0,336.0,304.0,423.0,293.0,342.0,232.0,321.0,333.0,246.0,,,,,,,,,,,,,,,,,,,,,,,,,,,,,,,,,,25998.0,5616.0,1320346.0,10328.0,82.0,323387.0,15366.0,447.0,355830.0,51733.0,6145.0,2002907.0
2GMEL,Greater Melbourne,gccsa,VIC,2021,2020-21,311487.0,146767.0,42120.0,11934.0,512308.0,61610.0,21436.0,1430.0,219.0,84695.0,53845.0,7995.0,1447.0,297.0,63584.0,6368.0,528.0,16982.0,1717.0,88753.0,19605.0,35025.0,23417.0,51693.0,6043.0,27692.0,58511.0,74094.0,25278.0,1617.0,8434.0,34577.0,8028.0,23408.0,538.0,163801.0,162653.0,151916.0,18554.0,7265.0,8119.0,37055.0,32357.0,14406.0,506.0,166.0,205.0,34010.0,18866.0,9203.0,790.0,248.0,220.0,29706.0,19911.0,49617.0,50420.0,12644.0,7317.0,19961.0,20609.0,12211.0,32820.0,58044.0,780000.0,49021.0,630000.0,409.0,934.0,1344.0,148.0,136.0,163.0,136.0,166.0,104.0,147.0,143.0,202.0,,,,,,,,,,,,,0.6,0.2,6.9,1.0,9.3,3.0,9.4,6.1,4.9,1.8,4.7,1.6,9.6,3.2,5.4,8.8,13.5,1.8,3.4,4.8,2444991.0,25486.0,5818.0,1340014.0,10089.0,153.0,333323.0,17195.0,588.0,372437.0,52775.0,6559.0,2049123.0
2GMEL,Greater Melbourne,gccsa,VIC,2022,2021-22,357552.0,149552.0,42589.0,12177.0,561880.0,96015.0,22392.0,1710.0,351.0,120465.0,53126.0,13313.0,2127.0,362.0,68924.0,6385.0,563.0,17498.0,1779.0,94869.0,19612.0,39951.0,24838.0,63709.0,6270.0,29341.0,62102.0,76978.0,30879.0,1914.0,9912.0,38337.0,9154.0,27341.0,454.0,176253.0,180185.0,167106.0,20924.0,8138.0,9269.0,55082.0,46908.0,17192.0,750.0,242.0,291.0,34027.0,18875.0,9204.0,789.0,248.0,220.0,26476.0,23479.0,49955.0,51347.0,13205.0,9519.0,22724.0,23757.0,14486.0,38243.0,62097.0,900000.0,50026.0,650000.0,,,,,,,,,,,,,,,,,,,,,,,,,,,,,,,,,,,,,,,,,,,,,,25374.0,7497.0,1357891.0,8120.0,102.0,341341.0,11238.0,104.0,383571.0,44769.0,7703.0,2086189.0
2GMEL,Greater Melbourne,gccsa,VIC,2023,2022-23,367022.0,140309.0,43626.0,13681.0,564638.0,73702.0,19629.0,1576.0,271.0,95178.0,82815.0,15949.0,2322.0,378.0,101464.0,6346.0,555.0,17755.0,1880.0,95990.0,19948.0,37907.0,24190.0,63953.0,6256.0,30271.0,63157.0,78414.0,29528.0,1816.0,9577.0,40855.0,9045.0,26690.0,505.0,156256.0,188185.0,177822.0,22999.0,9017.0,10359.0,32540.0,44612.0,16947.0,668.0,213.0,198.0,50662.0,31699.0,16629.0,1154.0,361.0,329.0,23776.0,19448.0,43224.0,43733.0,13466.0,8936.0,22402.0,23174.0,16908.0,40083.0,48567.0,850000.0,40930.0,610000.0,,,,,,,,,,,,,,,,,,,,,,,,,,,,,,,,,,,,,,,,,,,,,,,,,,,,,,,,,
2GMEL,Greater Melbourne,gccsa,VIC,2024,2023-24,386541.0,136925.0,43698.0,14483.0,581647.0,83222.0,19786.0,1784.0,338.0,105130.0,70734.0,13654.0,2429.0,428.0,87247.0,6189.0,580.0,17578.0,1937.0,97018.0,19544.0,38963.0,24729.0,69646.0,6173.0,31610.0,65473.0,79853.0,30245.0,1866.0,10001.0,43936.0,9192.0,26744.0,379.0,156420.0,194255.0,185981.0,24644.0,9492.0,10852.0,37184.0,48284.0,18424.0,755.0,265.0,220.0,42108.0,28990.0,14420.0,1061.0,342.0,321.0,24200.0,16533.0,40733.0,40826.0,14602.0,8029.0,22631.0,23136.0,14380.0,37516.0,,,,,,,,,,,,,,,,,,,,,,,,,,,,,,,,,,,,,,,,,,,,,,,,,,,,,,,,,,,,,
2RVIC,Rest of Vic.,gccsa,VIC,2011,2010-11,,,,,,,,,,,,,,,,,,,,,,,,,,,,,,,,,,,,,,,,,,,,,,,,,,,,,,,,,,,,,,,,,,,,,,,,,,,,,,,,,,,,,,,,,,,,7.8,0.8,10.4,1.5,8.9,3.0,11.6,6.8,4.1,1.1,2.0,1.0,4.0,2.6,6.1,8.2,13.1,1.3,3.6,2.1,600188.0,,,,,,,,,,,,
2RVIC,Rest of Vic.,gccsa,VIC,2016,2015-16,,,,,,,,,,,,,,,,,,,,,,,,,,,,,,,,,,,,,,,,,,,,,,,,,,,,,,,,,,,,,,,,,,,,416.0,1138.0,1555.0,156.0,107.0,222.0,178.0,135.0,136.0,158.0,235.0,226.0,,,,,,,,,,,,,7.7,0.7,8.1,1.5,8.8,2.2,10.6,7.0,3.9,1.0,1.9,1.1,4.2,2.8,6.1,8.7,14.3,1.5,3.6,4.0,618584.0,,,,,,,,,,,,
2RVIC,Rest of Vic.,gccsa,VIC,2017,2016-17,,,,,,,,,,,,,,,,,,,,,,,,,,,,,,,,,,,,,,,,,,,,,,,,,,,,,,,,,,,,,,,,,,,,398.0,1219.0,1618.0,147.0,129.0,257.0,187.0,159.0,127.0,148.0,268.0,197.0,,,,,,,,,,,,,,,,,,,,,,,,,,,,,,,,,,9000.0,703.0,624787.0,572.0,1.0,53101.0,139.0,2.0,15444.0,9722.0,706.0,694714.0
2RVIC,Rest of Vic.,gccsa,VIC,2018,2017-18,,,,,,,,,,,,,,,,,,,,,,,,,,,,,,,,,,,,,,,,,,,,,,,,,,,,,,,,,,,,,,,,27011.0,348000.0,5170.0,290000.0,363.0,1170.0,1535.0,159.0,119.0,232.0,199.0,150.0,117.0,165.0,233.0,160.0,,,,,,,,,,,,,,,,,,,,,,,,,,,,,,,,,,9885.0,750.0,633922.0,584.0,4.0,53681.0,71.0,5.0,15510.0,10541.0,759.0,704496.0
2RVIC,Rest of Vic.,gccsa,VIC,2019,2018-19,,,,,,,,,,,,,,,,,,,,,,,,,,,,,,,,,,,,,,,,,,,,,,,,,,,,,,11710.0,1108.0,12818.0,12886.0,4250.0,305.0,4555.0,4727.0,2156.0,6884.0,23395.0,365000.0,4548.0,290000.0,292.0,972.0,1264.0,134.0,94.0,192.0,164.0,112.0,111.0,119.0,224.0,112.0,,,,,,,,,,,,,,,,,,,,,,,,,,,,,,,,,,11514.0,848.0,644588.0,800.0,4.0,54477.0,114.0,6.0,15618.0,12429.0,858.0,716067.0
2RVIC,Rest of Vic.,gccsa,VIC,2020,2019-20,82824.0,35586.0,13591.0,2998.0,134999.0,,,,,,,,,,,31725.0,308.0,4956.0,464.0,23944.0,3117.0,8226.0,6913.0,7928.0,647.0,3319.0,11994.0,10366.0,4127.0,267.0,1458.0,6803.0,1817.0,6495.0,125.0,31857.0,44426.0,49928.0,5684.0,1720.0,1384.0,,,,,,,,,,,,,10992.0,926.0,11918.0,12048.0,4080.0,260.0,4340.0,4530.0,2789.0,7319.0,23186.0,385000.0,4412.0,310000.0,246.0,706.0,954.0,94.0,94.0,144.0,125.0,92.0,62.0,101.0,126.0,123.0,,,,,,,,,,,,,,,,,,,,,,,,,,,,,,,,,,11578.0,1149.0,655017.0,785.0,5.0,55257.0,393.0,,16011.0,12756.0,1154.0,727669.0
2RVIC,Rest of Vic.,gccsa,VIC,2021,2020-21,82289.0,40891.0,14033.0,2970.0,140183.0,11449.0,4834.0,439.0,39.0,16761.0,9909.0,2037.0,449.0,80.0,12475.0,31826.0,304.0,5144.0,470.0,25217.0,3177.0,8504.0,7216.0,7974.0,700.0,3488.0,12572.0,10999.0,4497.0,256.0,1516.0,7382.0,1917.0,6921.0,103.0,34636.0,45523.0,50753.0,6036.0,1787.0,1448.0,6589.0,6925.0,3098.0,98.0,21.0,30.0,5919.0,4127.0,2441.0,125.0,38.0,37.0,16488.0,1312.0,17800.0,18298.0,6150.0,359.0,6509.0,6848.0,2984.0,9832.0,29997.0,445000.0,5805.0,355000.0,112.0,345.0,463.0,43.0,22.0,71.0,65.0,40.0,19.0,46.0,65.0,82.0,,,,,,,,,,,,,7.2,0.7,7.4,1.4,10.0,2.2,9.5,6.6,3.8,0.8,1.9,1.0,4.5,2.8,6.3,8.8,16.2,1.5,3.6,3.9,716097.0,11835.0,1129.0,665723.0,1159.0,5.0,56411.0,364.0,1.0,16374.0,13362.0,1135.0,739896.0
2RVIC,Rest of Vic.,gccsa,VIC,2022,2021-22,89041.0,41677.0,14560.0,3154.0,148435.0,15314.0,5184.0,544.0,101.0,21153.0,10220.0,3041.0,680.0,92.0,14033.0,32041.0,333.0,5371.0,499.0,26876.0,3277.0,9033.0,7784.0,8695.0,765.0,3700.0,13190.0,11660.0,5295.0,283.0,1701.0,8225.0,2052.0,7546.0,100.0,35271.0,48008.0,54691.0,6758.0,2079.0,1611.0,8093.0,8877.0,3914.0,180.0,52.0,39.0,5918.0,4128.0,2440.0,124.0,38.0,37.0,13086.0,1207.0,14293.0,14830.0,5602.0,411.0,6013.0,6407.0,3171.0,9578.0,26746.0,550000.0,5063.0,412000.0,,,,,,,,,,,,,,,,,,,,,,,,,,,,,,,,,,,,,,,,,,,,,,13423.0,1159.0,677987.0,946.0,32.0,57325.0,57.0,,16431.0,14435.0,1191.0,753140.0
2RVIC,Rest of Vic.,gccsa,VIC,2023,2022-23,92901.0,40348.0,14770.0,3445.0,151464.0,13581.0,4755.0,533.0,58.0,18927.0,14695.0,3566.0,798.0,80.0,19139.0,31956.0,346.0,5536.0,498.0,27637.0,3408.0,8909.0,7598.0,8801.0,752.0,3808.0,13525.0,12199.0,5490.0,285.0,1688.0,8985.0,2120.0,7806.0,117.0,33929.0,49528.0,56542.0,7341.0,2332.0,1792.0,6074.0,8830.0,3795.0,159.0,38.0,31.0,8094.0,6517.0,4367.0,234.0,66.0,41.0,10368.0,1066.0,11434.0,11655.0,5189.0,353.0,5542.0,5878.0,3091.0,8968.0,20880.0,569000.0,3865.0,420000.0,,,,,,,,,,,,,,,,,,,,,,,,,,,,,,,,,,,,,,,,,,,,,,,,,,,,,,,,,
2RVIC,Rest of Vic.,gccsa,VIC,2024,2023-24,95441.0,39468.0,14626.0,3549.0,153084.0,13882.0,4507.0,532.0,52.0,18973.0,13872.0,3336.0,792.0,107.0,18110.0,31520.0,335.0,5509.0,506.0,27756.0,3203.0,8925.0,7513.0,9278.0,744.0,3971.0,13766.0,12250.0,5626.0,282.0,1761.0,9893.0,2183.0,7974.0,99.0,34035.0,49826.0,57209.0,7698.0,2419.0,1906.0,6299.0,8592.0,3870.0,164.0,35.0,23.0,7622.0,6304.0,3831.0,261.0,58.0,37.0,9037.0,1780.0,10817.0,10990.0,4886.0,738.0,5624.0,5954.0,3806.0,9760.0,,,,,,,,,,,,,,,,,,,,,,,,,,,,,,,,,,,,,,,,,,,,,,,,,,,,,,,,,,,,,
3GBRI,Greater Brisbane,gccsa,QLD,2011,2010-11,,,,,,,,,,,,,,,,,,,,,,,,,,,,,,,,,,,,,,,,,,,,,,,,,,,,,,,,,,,,,,,,,,,,,,,,,,,,,,,,,,,,,,,,,,,,0.7,1.3,9.3,1.2,8.3,4.1,10.1,6.0,5.7,1.4,3.4,1.7,8.3,3.3,7.4,8.1,12.4,1.3,3.7,2.2,1010618.0,,,,,,,,,,,,
3GBRI,Greater Brisbane,gccsa,QLD,2016,2015-16,,,,,,,,,,,,,,,,,,,,,,,,,,,,,,,,,,,,,,,,,,,,,,,,,,,,,,,,,,,,,,,,,,,,1011.0,3007.0,4018.0,404.0,374.0,571.0,448.0,599.0,318.0,434.0,515.0,358.0,,,,,,,,,,,,,0.9,1.2,6.5,1.1,8.6,3.0,9.5,6.5,5.7,1.4,3.2,2.0,7.9,3.5,7.1,9.2,13.1,1.5,3.8,4.3,1073783.0,,,,,,,,,,,,
3GBRI,Greater Brisbane,gccsa,QLD,2017,2016-17,,,,,,,,,,,,,,,,,,,,,,,,,,,,,,,,,,,,,,,,,,,,,,,,,,,,,,,,,,,,,,,,,,,,933.0,3113.0,4043.0,352.0,367.0,612.0,432.0,582.0,362.0,490.0,472.0,362.0,,,,,,,,,,,,,,,,,,,,,,,,,,,,,,,,,,11971.0,1449.0,684262.0,5301.0,8.0,103392.0,12635.0,39.0,139220.0,29907.0,1496.0,927221.0
3GBRI,Greater Brisbane,gccsa,QLD,2018,2017-18,,,,,,,,,,,,,,,,,,,,,,,,,,,,,,,,,,,,,,,,,,,,,,,,,,,,,,,,,,,,,,,,34847.0,530000.0,10727.0,390000.0,981.0,3430.0,4410.0,455.0,410.0,601.0,521.0,588.0,395.0,515.0,548.0,371.0,,,,,,,,,,,,,,,,,,,,,,,,,,,,,,,,,,12878.0,1660.0,695480.0,5234.0,38.0,108588.0,9884.0,23.0,149081.0,27996.0,1721.0,953496.0
3GBRI,Greater Brisbane,gccsa,QLD,2019,2018-19,,,,,,,,,,,,,,,,,,,,,,,,,,,,,,,,,,,,,,,,,,,,,,,,,,,,,,11738.0,6515.0,18253.0,18627.0,4013.0,1836.0,5849.0,6175.0,5465.0,11641.0,31033.0,540000.0,9701.0,389000.0,907.0,2910.0,3814.0,346.0,389.0,590.0,419.0,549.0,333.0,441.0,491.0,256.0,,,,,,,,,,,,,,,,,,,,,,,,,,,,,,,,,,13731.0,1539.0,707672.0,3733.0,10.0,112311.0,5623.0,22.0,154682.0,23090.0,1571.0,975015.0
3GBRI,Greater Brisbane,gccsa,QLD,2020,2019-20,127195.0,52475.0,19348.0,5443.0,204461.0,,,,,,,,,,,5280.0,737.0,7562.0,673.0,34867.0,7045.0,11877.0,7896.0,20194.0,1921.0,9400.0,23669.0,31072.0,10042.0,590.0,3587.0,15421.0,2751.0,9649.0,228.0,56168.0,65588.0,68292.0,8340.0,3060.0,3013.0,,,,,,,,,,,,,11537.0,5554.0,17091.0,17300.0,4062.0,1641.0,5703.0,6007.0,5548.0,11555.0,31436.0,545000.0,10469.0,393000.0,680.0,2213.0,2895.0,313.0,298.0,390.0,293.0,385.0,182.0,355.0,388.0,282.0,,,,,,,,,,,,,,,,,,,,,,,,,,,,,,,,,,11430.0,1427.0,717675.0,3553.0,18.0,115846.0,5919.0,15.0,160586.0,20902.0,1460.0,994457.0
3GBRI,Greater Brisbane,gccsa,QLD,2021,2020-21,123705.0,62582.0,20198.0,5384.0,211869.0,23674.0,9898.0,767.0,102.0,34441.0,21751.0,3955.0,833.0,132.0,26671.0,5266.0,722.0,7808.0,689.0,35784.0,7217.0,12749.0,8241.0,19555.0,2027.0,9840.0,24585.0,32419.0,10464.0,558.0,3712.0,16671.0,2967.0,10395.0,200.0,62421.0,65936.0,69050.0,8290.0,3067.0,3105.0,15238.0,12931.0,5979.0,184.0,53.0,56.0,13896.0,8061.0,4155.0,275.0,84.0,70.0,15939.0,7123.0,23062.0,23262.0,5875.0,2228.0,8103.0,8518.0,5712.0,14230.0,44249.0,590000.0,16900.0,415750.0,365.0,1040.0,1407.0,170.0,129.0,175.0,159.0,154.0,89.0,154.0,157.0,214.0,,,,,,,,,,,,,0.8,1.1,6.1,1.2,8.6,2.6,9.0,6.4,5.4,1.1,3.3,1.8,8.5,3.4,6.7,9.0,15.3,1.5,3.8,4.5,1244782.0,11400.0,1821.0,727254.0,2924.0,31.0,118739.0,3186.0,61.0,163711.0,17510.0,1913.0,1010054.0
3GBRI,Greater Brisbane,gccsa,QLD,2022,2021-22,130218.0,64314.0,20821.0,5891.0,221251.0,27831.0,10567.0,852.0,130.0,39381.0,22398.0,6068.0,1152.0,161.0,29785.0,5378.0,710.0,8078.0,745.0,37268.0,7330.0,13449.0,8552.0,19345.0,2112.0,10338.0,25993.0,33900.0,10942.0,573.0,3911.0,18082.0,3180.0,11175.0,183.0,58455.0,70655.0,75547.0,9441.0,3548.0,3601.0,15190.0,16451.0,7302.0,298.0,71.0,70.0,13906.0,8065.0,4158.0,275.0,84.0,70.0,13260.0,7835.0,21095.0,21234.0,5730.0,2613.0,8343.0,8789.0,6743.0,15532.0,45858.0,732000.0,23026.0,450000.0,,,,,,,,,,,,,,,,,,,,,,,,,,,,,,,,,,,,,,,,,,,,,,14157.0,2273.0,739138.0,2711.0,70.0,121380.0,2980.0,92.0,166599.0,19853.0,2435.0,1027472.0
3GBRI,Greater Brisbane,gccsa,QLD,2023,2022-23,136806.0,63392.0,21420.0,6578.0,228196.0,28166.0,10242.0,844.0,128.0,39380.0,26297.0,6774.0,1232.0,217.0,34520.0,5361.0,703.0,8163.0,782.0,38389.0,7453.0,13645.0,8743.0,20673.0,2100.0,10621.0,26219.0,34672.0,11528.0,596.0,4000.0,19353.0,3324.0,11678.0,193.0,55526.0,74542.0,80095.0,10127.0,3811.0,4095.0,13161.0,17998.0,7796.0,281.0,70.0,74.0,16185.0,11284.0,6369.0,446.0,125.0,135.0,11737.0,7573.0,19310.0,19457.0,5877.0,3262.0,9140.0,9579.0,7746.0,17324.0,34318.0,760000.0,18998.0,485000.0,,,,,,,,,,,,,,,,,,,,,,,,,,,,,,,,,,,,,,,,,,,,,,,,,,,,,,,,,
3GBRI,Greater Brisbane,gccsa,QLD,2024,2023-24,143716.0,63155.0,21491.0,6971.0,235333.0,29730.0,9959.0,927.0,121.0,40737.0,26008.0,6309.0,1244.0,233.0,33800.0,5286.0,736.0,8156.0,816.0,38908.0,7443.0,13757.0,9033.0,22636.0,2136.0,11110.0,26992.0,35593.0,11768.0,599.0,4059.0,20842.0,3388.0,11950.0,137.0,55980.0,76000.0,84027.0,10720.0,4171.0,4442.0,13953.0,18283.0,8085.0,280.0,83.0,56.0,14999.0,11733.0,6410.0,433.0,123.0,108.0,12753.0,5239.0,17992.0,18110.0,6732.0,2085.0,8816.0,9240.0,9098.0,18338.0,,,,,,,,,,,,,,,,,,,,,,,,,,,,,,,,,,,,,,,,,,,,,,,,,,,,,,,,,,,,,
3RQLD,Rest of Qld,gccsa,QLD,2011,2010-11,,,,,,,,,,,,,,,,,,,,,,,,,,,,,,,,,,,,,,,,,,,,,,,,,,,,,,,,,,,,,,,,,,,,,,,,,,,,,,,,,,,,,,,,,,,,4.6,3.9,7.6,1.2,9.7,3.2,11.3,7.9,4.8,1.1,2.0,1.9,4.7,3.1,6.0,7.7,11.4,1.5,4.0,2.5,1024829.0,,,,,,,,,,,,
3RQLD,Rest of Qld,gccsa,QLD,2016,2015-16,,,,,,,,,,,,,,,,,,,,,,,,,,,,,,,,,,,,,,,,,,,,,,,,,,,,,,,,,,,,,,,,,,,,1594.0,3483.0,5073.0,474.0,397.0,783.0,552.0,503.0,506.0,643.0,694.0,528.0,,,,,,,,,,,,,4.7,3.5,5.5,1.1,9.3,2.3,10.3,8.2,4.5,1.0,1.9,2.0,4.6,3.5,6.0,8.8,12.8,1.6,4.0,4.3,1059524.0,,,,,,,,,,,,
3RQLD,Rest of Qld,gccsa,QLD,2017,2016-17,,,,,,,,,,,,,,,,,,,,,,,,,,,,,,,,,,,,,,,,,,,,,,,,,,,,,,,,,,,,,,,,,,,,1377.0,3725.0,5105.0,534.0,414.0,857.0,587.0,557.0,477.0,477.0,699.0,497.0,,,,,,,,,,,,,,,,,,,,,,,,,,,,,,,,,,12631.0,768.0,817848.0,2873.0,15.0,131851.0,3224.0,25.0,132484.0,18728.0,808.0,1083407.0
3RQLD,Rest of Qld,gccsa,QLD,2018,2017-18,,,,,,,,,,,,,,,,,,,,,,,,,,,,,,,,,,,,,,,,,,,,,,,,,,,,,,,,,,,,,,,,35050.0,445000.0,17310.0,389000.0,1325.0,3678.0,5007.0,477.0,465.0,846.0,594.0,545.0,467.0,527.0,637.0,453.0,,,,,,,,,,,,,,,,,,,,,,,,,,,,,,,,,,11717.0,821.0,828744.0,2764.0,29.0,134586.0,2470.0,39.0,134915.0,16951.0,889.0,1099469.0
3RQLD,Rest of Qld,gccsa,QLD,2019,2018-19,,,,,,,,,,,,,,,,,,,,,,,,,,,,,,,,,,,,,,,,,,,,,,,,,,,,,,9698.0,4639.0,14337.0,14535.0,3696.0,1674.0,5370.0,5655.0,3191.0,8845.0,32165.0,437000.0,15465.0,387500.0,1192.0,3205.0,4399.0,425.0,389.0,699.0,545.0,498.0,385.0,442.0,658.0,358.0,,,,,,,,,,,,,,,,,,,,,,,,,,,,,,,,,,10682.0,825.0,838601.0,2129.0,10.0,136705.0,3361.0,97.0,138179.0,16178.0,932.0,1114715.0
3RQLD,Rest of Qld,gccsa,QLD,2020,2019-20,148247.0,59636.0,23407.0,5919.0,237209.0,,,,,,,,,,,35046.0,977.0,8895.0,701.0,42039.0,6450.0,13721.0,9756.0,15074.0,1541.0,8071.0,29142.0,22702.0,9510.0,623.0,3165.0,13782.0,2856.0,12938.0,220.0,59192.0,77532.0,85336.0,9689.0,3120.0,2340.0,,,,,,,,,,,,,8785.0,4321.0,13106.0,13192.0,3531.0,1589.0,5121.0,5423.0,3677.0,9100.0,34763.0,440000.0,15878.0,399000.0,928.0,2328.0,3258.0,306.0,316.0,518.0,458.0,322.0,280.0,296.0,448.0,319.0,,,,,,,,,,,,,,,,,,,,,,,,,,,,,,,,,,9091.0,909.0,846783.0,1966.0,48.0,138623.0,3817.0,43.0,141953.0,14874.0,1000.0,1128589.0
3RQLD,Rest of Qld,gccsa,QLD,2021,2020-21,146265.0,70640.0,24070.0,5856.0,246831.0,23753.0,10051.0,831.0,96.0,34731.0,21419.0,4005.0,922.0,145.0,26491.0,35523.0,956.0,9242.0,736.0,43331.0,6665.0,14564.0,10212.0,14915.0,1683.0,8663.0,29688.0,24236.0,10053.0,632.0,3399.0,14972.0,3149.0,14009.0,203.0,65618.0,79314.0,86298.0,9899.0,3243.0,2459.0,14607.0,13711.0,6147.0,173.0,64.0,29.0,12834.0,8740.0,4767.0,268.0,74.0,38.0,13593.0,4893.0,18486.0,18652.0,5207.0,2116.0,7324.0,7714.0,3216.0,10930.0,54200.0,462500.0,26027.0,440000.0,489.0,1189.0,1682.0,162.0,155.0,261.0,205.0,140.0,109.0,162.0,223.0,256.0,,,,,,,,,,,,,4.3,3.5,5.4,1.2,9.6,2.1,9.6,8.0,4.1,0.8,1.8,1.7,4.8,3.3,5.6,8.7,15.4,1.6,4.1,4.4,1196051.0,8876.0,992.0,854667.0,1538.0,27.0,140134.0,2152.0,67.0,144038.0,12582.0,1086.0,1140085.0
3RQLD,Rest of Qld,gccsa,QLD,2022,2021-22,154802.0,72754.0,25214.0,6438.0,259210.0,28125.0,10691.0,982.0,139.0,39941.0,21777.0,6137.0,1278.0,198.0,29393.0,36196.0,1030.0,9675.0,757.0,45556.0,6757.0,15286.0,10661.0,15016.0,1796.0,9191.0,31128.0,25835.0,10683.0,644.0,3643.0,16592.0,3435.0,15141.0,172.0,63291.0,82656.0,94984.0,11505.0,3847.0,2919.0,15177.0,16809.0,7545.0,275.0,77.0,60.0,12841.0,8739.0,4767.0,268.0,75.0,38.0,11072.0,5924.0,16996.0,17235.0,5284.0,2818.0,8102.0,8554.0,4323.0,12877.0,58233.0,500000.0,28301.0,510000.0,,,,,,,,,,,,,,,,,,,,,,,,,,,,,,,,,,,,,,,,,,,,,,11682.0,1328.0,865021.0,1212.0,46.0,141300.0,2089.0,68.0,146059.0,15009.0,1442.0,1153652.0
3RQLD,Rest of Qld,gccsa,QLD,2023,2022-23,161980.0,71640.0,26011.0,6991.0,266622.0,27526.0,10345.0,925.0,98.0,38894.0,26180.0,6810.0,1458.0,211.0,34659.0,36200.0,1034.0,9942.0,790.0,46938.0,6813.0,15560.0,10745.0,15485.0,1856.0,9551.0,31509.0,26689.0,11432.0,669.0,3732.0,17958.0,3617.0,15871.0,231.0,60915.0,85793.0,99731.0,12482.0,4288.0,3413.0,12781.0,17758.0,7977.0,271.0,68.0,39.0,15446.0,11709.0,7133.0,448.0,123.0,86.0,9634.0,6404.0,16038.0,16388.0,5361.0,4012.0,9374.0,9965.0,8530.0,18495.0,45883.0,540000.0,21907.0,545000.0,,,,,,,,,,,,,,,,,,,,,,,,,,,,,,,,,,,,,,,,,,,,,,,,,,,,,,,,,
3RQLD,Rest of Qld,gccsa,QLD,2024,2023-24,167839.0,71293.0,26507.0,7411.0,273050.0,28504.0,10079.0,992.0,162.0,39737.0,26832.0,6393.0,1395.0,220.0,34849.0,35969.0,1062.0,10034.0,780.0,47937.0,6790.0,15489.0,10775.0,16311.0,1852.0,9979.0,32312.0,27553.0,11769.0,661.0,3847.0,19655.0,3730.0,16394.0,156.0,61272.0,86956.0,103353.0,13172.0,4499.0,3798.0,13128.0,17724.0,8437.0,318.0,86.0,40.0,14783.0,12264.0,7180.0,419.0,109.0,86.0,8847.0,5648.0,14495.0,14812.0,5528.0,3622.0,9150.0,9800.0,5996.0,15796.0,,,,,,,,,,,,,,,,,,,,,,,,,,,,,,,,,,,,,,,,,,,,,,,,,,,,,,,,,,,,,
4GADE,Greater Adelaide,gccsa,SA,2011,2010-11,,,,,,,,,,,,,,,,,,,,,,,,,,,,,,,,,,,,,,,,,,,,,,,,,,,,,,,,,,,,,,,,,,,,,,,,,,,,,,,,,,,,,,,,,,,,1.0,0.8,10.4,1.4,7.6,3.6,11.4,6.1,4.1,1.6,3.4,1.4,6.3,3.5,7.7,8.2,14.2,1.4,4.0,1.8,576818.0,,,,,,,,,,,,
4GADE,Greater Adelaide,gccsa,SA,2016,2015-16,,,,,,,,,,,,,,,,,,,,,,,,,,,,,,,,,,,,,,,,,,,,,,,,,,,,,,,,,,,,,,,,,,,,346.0,991.0,1338.0,133.0,101.0,186.0,155.0,168.0,119.0,129.0,175.0,188.0,,,,,,,,,,,,,1.2,0.8,7.6,1.3,7.8,2.9,10.8,6.7,4.1,1.5,3.1,1.4,6.4,3.7,7.7,8.9,15.6,1.5,4.0,3.3,587057.0,,,,,,,,,,,,
4GADE,Greater Adelaide,gccsa,SA,2017,2016-17,,,,,,,,,,,,,,,,,,,,,,,,,,,,,,,,,,,,,,,,,,,,,,,,,,,,,,,,,,,,,,,,,,,,289.0,1112.0,1399.0,112.0,115.0,194.0,187.0,160.0,129.0,125.0,185.0,185.0,,,,,,,,,,,,,,,,,,,,,,,,,,,,,,,,,,5559.0,2245.0,420675.0,1532.0,236.0,95873.0,1068.0,190.0,49278.0,8159.0,2671.0,566364.0
4GADE,Greater Adelaide,gccsa,SA,2018,2017-18,,,,,,,,,,,,,,,,,,,,,,,,,,,,,,,,,,,,,,,,,,,,,,,,,,,,,,,,,,,,,,,,16727.0,465000.0,6828.0,373000.0,338.0,1168.0,1505.0,136.0,138.0,201.0,188.0,191.0,131.0,144.0,196.0,185.0,,,,,,,,,,,,,,,,,,,,,,,,,,,,,,,,,,6118.0,2557.0,424236.0,1672.0,321.0,97224.0,1253.0,183.0,50348.0,9045.0,3061.0,572348.0
4GADE,Greater Adelaide,gccsa,SA,2019,2018-19,,,,,,,,,,,,,,,,,,,,,,,,,,,,,,,,,,,,,,,,,,,,,,,,,,,,,,6321.0,2644.0,8965.0,9102.0,1945.0,614.0,2558.0,2621.0,1776.0,4397.0,15994.0,475000.0,6819.0,380000.0,283.0,963.0,1249.0,119.0,129.0,173.0,153.0,136.0,102.0,103.0,176.0,156.0,,,,,,,,,,,,,,,,,,,,,,,,,,,,,,,,,,6440.0,2287.0,428389.0,1943.0,381.0,98786.0,1675.0,9.0,52014.0,10069.0,2677.0,579740.0
4GADE,Greater Adelaide,gccsa,SA,2020,2019-20,73938.0,22881.0,9893.0,2810.0,109522.0,,,,,,,,,,,3951.0,366.0,4791.0,373.0,19132.0,4374.0,6429.0,4671.0,9376.0,893.0,5246.0,14519.0,13257.0,5051.0,295.0,1440.0,8738.0,1316.0,5117.0,187.0,29789.0,36976.0,35540.0,4247.0,1569.0,1401.0,,,,,,,,,,,,,6378.0,3341.0,9719.0,10174.0,1996.0,910.0,2906.0,3042.0,2317.0,5359.0,15199.0,480000.0,6832.0,395000.0,236.0,676.0,916.0,86.0,77.0,114.0,133.0,118.0,56.0,86.0,117.0,138.0,,,,,,,,,,,,,,,,,,,,,,,,,,,,,,,,,,5458.0,2162.0,431685.0,1409.0,271.0,99924.0,961.0,51.0,52924.0,7828.0,2484.0,585084.0
4GADE,Greater Adelaide,gccsa,SA,2021,2020-21,73132.0,26768.0,10289.0,2786.0,112975.0,12349.0,3556.0,394.0,56.0,16355.0,11038.0,1480.0,357.0,54.0,12929.0,3964.0,360.0,4842.0,394.0,19673.0,4408.0,6716.0,4956.0,9390.0,939.0,5367.0,14819.0,13814.0,5285.0,293.0,1563.0,9271.0,1354.0,5403.0,164.0,32244.0,37805.0,35600.0,4347.0,1544.0,1435.0,6984.0,6435.0,2769.0,112.0,31.0,24.0,6774.0,3764.0,2160.0,127.0,37.0,33.0,8900.0,2409.0,11309.0,11499.0,2726.0,679.0,3406.0,3534.0,3158.0,6692.0,18032.0,520000.0,8873.0,415500.0,107.0,366.0,468.0,41.0,41.0,56.0,61.0,49.0,27.0,40.0,46.0,105.0,,,,,,,,,,,,,1.2,0.9,6.8,1.3,8.4,2.4,9.7,6.6,4.1,1.2,3.2,1.3,7.1,3.8,7.1,9.0,17.1,1.5,4.0,3.2,670956.0,6538.0,2682.0,435541.0,1402.0,243.0,101083.0,1497.0,127.0,54294.0,9440.0,3052.0,591472.0
4GADE,Greater Adelaide,gccsa,SA,2022,2021-22,76902.0,28020.0,10790.0,3039.0,118750.0,14970.0,4029.0,438.0,83.0,19521.0,11058.0,2184.0,446.0,82.0,13771.0,4020.0,362.0,4998.0,406.0,20704.0,4534.0,7007.0,5190.0,9926.0,1002.0,5648.0,15398.0,14397.0,5694.0,310.0,1734.0,9903.0,1519.0,5875.0,128.0,31566.0,40013.0,38872.0,4870.0,1797.0,1645.0,7859.0,8154.0,3277.0,156.0,38.0,46.0,6774.0,3762.0,2161.0,127.0,37.0,33.0,7596.0,2829.0,10425.0,10476.0,2655.0,966.0,3621.0,3728.0,5189.0,8917.0,19374.0,630000.0,9682.0,450000.0,,,,,,,,,,,,,,,,,,,,,,,,,,,,,,,,,,,,,,,,,,,,,,6794.0,2300.0,440035.0,1388.0,317.0,102154.0,857.0,25.0,55126.0,9039.0,2642.0,597869.0
4GADE,Greater Adelaide,gccsa,SA,2023,2022-23,80353.0,26896.0,11095.0,3360.0,121704.0,14775.0,3658.0,407.0,53.0,18893.0,13979.0,2851.0,640.0,100.0,17570.0,3949.0,375.0,5056.0,412.0,20937.0,4633.0,6997.0,5202.0,10816.0,1007.0,5783.0,15591.0,14612.0,5937.0,313.0,1761.0,10520.0,1596.0,6049.0,158.0,30298.0,42142.0,40307.0,5194.0,1933.0,1830.0,6498.0,8880.0,3309.0,140.0,39.0,27.0,8309.0,5602.0,3343.0,243.0,74.0,49.0,7263.0,2634.0,9897.0,10086.0,2970.0,1103.0,4073.0,4156.0,3496.0,7653.0,17136.0,680000.0,7892.0,493000.0,,,,,,,,,,,,,,,,,,,,,,,,,,,,,,,,,,,,,,,,,,,,,,,,,,,,,,,,,
4GADE,Greater Adelaide,gccsa,SA,2024,2023-24,84820.0,26681.0,11258.0,3477.0,126236.0,16582.0,3851.0,489.0,66.0,20988.0,13276.0,2473.0,575.0,105.0,16428.0,3865.0,365.0,5046.0,427.0,21572.0,4778.0,6945.0,5339.0,12138.0,1039.0,5980.0,16070.0,14957.0,6174.0,329.0,1861.0,11336.0,1644.0,6268.0,112.0,31046.0,43379.0,42269.0,5517.0,2041.0,1995.0,7376.0,9678.0,3707.0,163.0,37.0,31.0,7545.0,5543.0,3027.0,220.0,53.0,40.0,6709.0,2244.0,8953.0,9246.0,2986.0,892.0,3878.0,4085.0,3377.0,7462.0,,,,,,,,,,,,,,,,,,,,,,,,,,,,,,,,,,,,,,,,,,,,,,,,,,,,,,,,,,,,,
4RSAU,Rest of SA,gccsa,SA,2011,2010-11,,,,,,,,,,,,,,,,,,,,,,,,,,,,,,,,,,,,,,,,,,,,,,,,,,,,,,,,,,,,,,,,,,,,,,,,,,,,,,,,,,,,,,,,,,,,14.3,3.0,11.2,1.2,7.1,3.0,10.8,6.8,4.3,0.7,1.4,1.0,2.4,3.1,4.8,7.0,11.5,0.8,3.6,2.0,161623.0,,,,,,,,,,,,
4RSAU,Rest of SA,gccsa,SA,2016,2015-16,,,,,,,,,,,,,,,,,,,,,,,,,,,,,,,,,,,,,,,,,,,,,,,,,,,,,,,,,,,,,,,,,,,,92.0,317.0,412.0,23.0,26.0,62.0,44.0,27.0,36.0,52.0,76.0,63.0,,,,,,,,,,,,,14.6,2.8,9.4,1.1,7.0,2.6,10.4,6.7,4.1,0.6,1.3,1.0,2.6,3.3,5.0,7.6,12.1,0.8,3.6,3.4,158312.0,,,,,,,,,,,,
4RSAU,Rest of SA,gccsa,SA,2017,2016-17,,,,,,,,,,,,,,,,,,,,,,,,,,,,,,,,,,,,,,,,,,,,,,,,,,,,,,,,,,,,,,,,,,,,110.0,360.0,477.0,49.0,32.0,68.0,47.0,38.0,28.0,49.0,75.0,89.0,,,,,,,,,,,,,,,,,,,,,,,,,,,,,,,,,,1689.0,213.0,180054.0,15.0,27.0,17962.0,6.0,,5014.0,1711.0,240.0,203461.0
4RSAU,Rest of SA,gccsa,SA,2018,2017-18,,,,,,,,,,,,,,,,,,,,,,,,,,,,,,,,,,,,,,,,,,,,,,,,,,,,,,,,,,,,,,,,5687.0,275000.0,644.0,180000.0,98.0,354.0,453.0,44.0,30.0,70.0,58.0,38.0,31.0,53.0,62.0,67.0,,,,,,,,,,,,,,,,,,,,,,,,,,,,,,,,,,1636.0,269.0,181421.0,49.0,9.0,18002.0,7.0,1.0,5020.0,1694.0,279.0,204876.0
4RSAU,Rest of SA,gccsa,SA,2019,2018-19,,,,,,,,,,,,,,,,,,,,,,,,,,,,,,,,,,,,,,,,,,,,,,,,,,,,,,1588.0,69.0,1657.0,1660.0,469.0,19.0,487.0,515.0,326.0,841.0,5400.0,285000.0,589.0,189000.0,66.0,308.0,379.0,35.0,28.0,38.0,46.0,29.0,20.0,50.0,76.0,48.0,,,,,,,,,,,,,,,,,,,,,,,,,,,,,,,,,,1654.0,264.0,182811.0,47.0,20.0,18029.0,1.0,,5021.0,1702.0,284.0,206294.0
4RSAU,Rest of SA,gccsa,SA,2020,2019-20,21751.0,8620.0,3975.0,708.0,35054.0,,,,,,,,,,,12937.0,142.0,1440.0,187.0,4365.0,864.0,2049.0,1408.0,1669.0,84.0,734.0,3580.0,1662.0,781.0,65.0,166.0,1096.0,280.0,1514.0,31.0,7965.0,10944.0,13848.0,1583.0,425.0,289.0,,,,,,,,,,,,,1489.0,58.0,1547.0,1560.0,462.0,13.0,475.0,511.0,875.0,1387.0,5565.0,288000.0,640.0,184500.0,76.0,226.0,300.0,32.0,26.0,34.0,38.0,17.0,13.0,34.0,62.0,42.0,,,,,,,,,,,,,,,,,,,,,,,,,,,,,,,,,,1412.0,305.0,183918.0,26.0,8.0,18047.0,,,5021.0,1438.0,313.0,207419.0
4RSAU,Rest of SA,gccsa,SA,2021,2020-21,21710.0,9364.0,3970.0,673.0,35717.0,2419.0,761.0,111.0,10.0,3301.0,2223.0,363.0,116.0,16.0,2718.0,12913.0,143.0,1470.0,185.0,4470.0,871.0,2097.0,1446.0,1700.0,96.0,751.0,3723.0,1733.0,834.0,60.0,195.0,1156.0,289.0,1558.0,27.0,8395.0,11017.0,13913.0,1670.0,422.0,300.0,1288.0,1360.0,614.0,29.0,8.0,3.0,1282.0,885.0,515.0,35.0,8.0,3.0,2527.0,48.0,2575.0,2579.0,770.0,44.0,814.0,817.0,667.0,1485.0,8134.0,300000.0,1013.0,215000.0,37.0,137.0,172.0,10.0,12.0,14.0,14.0,10.0,19.0,19.0,29.0,47.0,,,,,,,,,,,,,14.0,2.8,9.0,1.2,7.9,2.2,9.5,6.8,4.0,0.5,1.1,0.8,2.7,3.5,4.7,7.9,13.4,0.9,3.7,3.5,167723.0,1599.0,245.0,185272.0,33.0,11.0,18069.0,4.0,58.0,4967.0,1636.0,314.0,208741.0
4RSAU,Rest of SA,gccsa,SA,2022,2021-22,22361.0,9577.0,4023.0,732.0,36696.0,2844.0,876.0,113.0,21.0,3849.0,2380.0,556.0,165.0,15.0,3114.0,12902.0,152.0,1558.0,186.0,4632.0,897.0,2121.0,1485.0,1748.0,89.0,812.0,3817.0,1835.0,909.0,70.0,212.0,1281.0,314.0,1647.0,25.0,7878.0,11172.0,14846.0,1928.0,529.0,344.0,1378.0,1636.0,773.0,35.0,23.0,5.0,1287.0,887.0,513.0,35.0,8.0,3.0,2222.0,91.0,2313.0,2325.0,730.0,20.0,750.0,807.0,542.0,1349.0,8880.0,330000.0,1210.0,210000.0,,,,,,,,,,,,,,,,,,,,,,,,,,,,,,,,,,,,,,,,,,,,,,1917.0,250.0,186939.0,98.0,16.0,18151.0,1.0,1.0,4967.0,2016.0,267.0,210490.0
4RSAU,Rest of SA,gccsa,SA,2023,2022-23,23052.0,9411.0,3941.0,739.0,37143.0,2777.0,797.0,124.0,4.0,3702.0,2774.0,637.0,189.0,23.0,3623.0,12760.0,158.0,1539.0,185.0,4816.0,898.0,2073.0,1480.0,1780.0,92.0,824.0,3928.0,1852.0,1029.0,60.0,237.0,1381.0,329.0,1693.0,29.0,7748.0,11509.0,14729.0,2169.0,581.0,407.0,1219.0,1695.0,751.0,30.0,6.0,3.0,1578.0,1185.0,848.0,51.0,15.0,11.0,2253.0,102.0,2355.0,2439.0,843.0,34.0,877.0,957.0,508.0,1465.0,7130.0,370425.0,1012.0,235000.0,,,,,,,,,,,,,,,,,,,,,,,,,,,,,,,,,,,,,,,,,,,,,,,,,,,,,,,,,
4RSAU,Rest of SA,gccsa,SA,2024,2023-24,23658.0,9150.0,3948.0,770.0,37526.0,2892.0,845.0,131.0,15.0,3883.0,2805.0,605.0,184.0,27.0,3628.0,12562.0,153.0,1569.0,198.0,4871.0,902.0,2030.0,1501.0,1810.0,90.0,870.0,4080.0,1895.0,1047.0,60.0,249.0,1539.0,324.0,1741.0,27.0,7657.0,11557.0,14781.0,2386.0,734.0,414.0,1263.0,1705.0,862.0,38.0,7.0,3.0,1532.0,1170.0,843.0,56.0,14.0,10.0,1960.0,52.0,2012.0,2065.0,793.0,17.0,810.0,880.0,609.0,1489.0,,,,,,,,,,,,,,,,,,,,,,,,,,,,,,,,,,,,,,,,,,,,,,,,,,,,,,,,,,,,,
5GPER,Greater Perth,gccsa,WA,2011,2010-11,,,,,,,,,,,,,,,,,,,,,,,,,,,,,,,,,,,,,,,,,,,,,,,,,,,,,,,,,,,,,,,,,,,,,,,,,,,,,,,,,,,,,,,,,,,,0.6,4.8,8.5,1.1,10.0,3.9,10.4,5.8,4.4,1.2,2.9,1.8,8.3,3.2,6.4,8.1,10.9,1.5,3.9,2.2,857631.0,,,,,,,,,,,,
5GPER,Greater Perth,gccsa,WA,2016,2015-16,,,,,,,,,,,,,,,,,,,,,,,,,,,,,,,,,,,,,,,,,,,,,,,,,,,,,,,,,,,,,,,,,,,,783.0,1551.0,2332.0,270.0,193.0,413.0,195.0,292.0,162.0,292.0,280.0,222.0,,,,,,,,,,,,,0.8,5.0,5.7,1.1,9.9,2.7,9.8,6.5,4.6,1.1,2.7,1.8,7.2,3.3,6.4,8.8,12.3,1.7,4.0,4.7,920201.0,,,,,,,,,,,,
5GPER,Greater Perth,gccsa,WA,2017,2016-17,,,,,,,,,,,,,,,,,,,,,,,,,,,,,,,,,,,,,,,,,,,,,,,,,,,,,,,,,,,,,,,,,,,,841.0,2031.0,2872.0,310.0,269.0,530.0,301.0,340.0,241.0,350.0,291.0,242.0,,,,,,,,,,,,,,,,,,,,,,,,,,,,,,,,,,13759.0,1662.0,635645.0,2048.0,75.0,125540.0,4947.0,8.0,70109.0,20756.0,1745.0,831745.0
5GPER,Greater Perth,gccsa,WA,2018,2017-18,,,,,,,,,,,,,,,,,,,,,,,,,,,,,,,,,,,,,,,,,,,,,,,,,,,,,,,,,,,,,,,,24483.0,500000.0,8350.0,410000.0,892.0,2412.0,3309.0,318.0,329.0,589.0,363.0,389.0,288.0,406.0,400.0,233.0,,,,,,,,,,,,,,,,,,,,,,,,,,,,,,,,,,11564.0,1883.0,645326.0,1864.0,60.0,127344.0,2590.0,54.0,72645.0,16020.0,1997.0,845768.0
5GPER,Greater Perth,gccsa,WA,2019,2018-19,,,,,,,,,,,,,,,,,,,,,,,,,,,,,,,,,,,,,,,,,,,,,,,,,,,,,,9983.0,2794.0,12777.0,13221.0,3219.0,776.0,3996.0,4180.0,3229.0,7409.0,22943.0,485000.0,7337.0,390000.0,884.0,2037.0,2922.0,315.0,329.0,509.0,303.0,357.0,229.0,357.0,309.0,210.0,,,,,,,,,,,,,,,,,,,,,,,,,,,,,,,,,,10410.0,2019.0,653717.0,1453.0,99.0,128698.0,2595.0,313.0,74927.0,14459.0,2431.0,857796.0
5GPER,Greater Perth,gccsa,WA,2020,2019-20,114501.0,40701.0,16555.0,4777.0,176534.0,,,,,,,,,,,3724.0,2478.0,7149.0,569.0,31526.0,5944.0,9679.0,6806.0,18084.0,1423.0,9486.0,20658.0,25463.0,7623.0,531.0,2416.0,12034.0,2289.0,8444.0,208.0,50614.0,57380.0,56450.0,6885.0,2668.0,2537.0,,,,,,,,,,,,,9258.0,2756.0,12014.0,12512.0,3075.0,891.0,3966.0,4165.0,3380.0,7546.0,23320.0,480000.0,7831.0,375000.0,715.0,1548.0,2259.0,260.0,239.0,388.0,217.0,260.0,189.0,255.0,257.0,202.0,,,,,,,,,,,,,,,,,,,,,,,,,,,,,,,,,,8942.0,1823.0,660836.0,1035.0,94.0,129639.0,2751.0,107.0,77571.0,12729.0,2024.0,868501.0
5GPER,Greater Perth,gccsa,WA,2021,2020-21,113357.0,47621.0,17097.0,4835.0,182910.0,20584.0,6817.0,561.0,90.0,28052.0,18000.0,2750.0,631.0,123.0,21504.0,3788.0,2562.0,7406.0,584.0,32253.0,6095.0,10146.0,7092.0,18147.0,1423.0,9803.0,21357.0,26640.0,7981.0,527.0,2533.0,12900.0,2386.0,9098.0,189.0,55879.0,57521.0,56955.0,7251.0,2668.0,2636.0,12786.0,10577.0,4440.0,153.0,42.0,54.0,11565.0,6406.0,3204.0,183.0,73.0,73.0,18511.0,3572.0,22083.0,22916.0,5695.0,1420.0,7115.0,7401.0,3753.0,11154.0,34538.0,525000.0,12229.0,408000.0,308.0,704.0,1011.0,118.0,96.0,143.0,106.0,107.0,71.0,104.0,135.0,138.0,,,,,,,,,,,,,0.7,6.6,5.3,1.1,8.9,2.5,8.9,6.5,4.5,0.9,2.4,1.5,7.8,3.1,6.0,8.8,14.1,1.8,3.9,4.7,1058890.0,9402.0,2496.0,667742.0,688.0,94.0,130233.0,1697.0,39.0,79229.0,11787.0,2629.0,877659.0
5GPER,Greater Perth,gccsa,WA,2022,2021-22,119274.0,48351.0,17821.0,5341.0,190788.0,23893.0,7328.0,713.0,128.0,32063.0,18817.0,4223.0,844.0,154.0,24040.0,3761.0,2770.0,7726.0,586.0,33845.0,6106.0,10502.0,7337.0,18178.0,1501.0,10254.0,22157.0,27772.0,8477.0,536.0,2676.0,13872.0,2601.0,9963.0,167.0,52318.0,61085.0,62800.0,8357.0,3113.0,3120.0,12475.0,13590.0,5643.0,217.0,60.0,82.0,11576.0,6406.0,3204.0,183.0,73.0,73.0,12929.0,2767.0,15696.0,16194.0,4651.0,1175.0,5825.0,6092.0,4758.0,10850.0,29657.0,550000.0,13206.0,410000.0,,,,,,,,,,,,,,,,,,,,,,,,,,,,,,,,,,,,,,,,,,,,,,9869.0,1606.0,676005.0,528.0,61.0,130700.0,1177.0,29.0,80377.0,11580.0,1696.0,887543.0
5GPER,Greater Perth,gccsa,WA,2023,2022-23,125236.0,47140.0,18303.0,5927.0,196606.0,23829.0,6838.0,618.0,112.0,31397.0,22172.0,4601.0,995.0,191.0,27959.0,3717.0,2801.0,7735.0,630.0,34575.0,6141.0,10621.0,7493.0,19784.0,1544.0,10382.0,22411.0,28218.0,8972.0,548.0,2778.0,14942.0,2637.0,10502.0,175.0,50178.0,64801.0,66010.0,8714.0,3385.0,3518.0,10684.0,14699.0,5695.0,204.0,62.0,53.0,13366.0,8928.0,5243.0,330.0,91.0,90.0,9801.0,1341.0,11142.0,11587.0,4197.0,630.0,4827.0,5155.0,3924.0,9078.0,28108.0,580000.0,13279.0,405000.0,,,,,,,,,,,,,,,,,,,,,,,,,,,,,,,,,,,,,,,,,,,,,,,,,,,,,,,,,
5GPER,Greater Perth,gccsa,WA,2024,2023-24,132566.0,47300.0,18375.0,6346.0,204587.0,26767.0,7148.0,689.0,145.0,34749.0,21696.0,4309.0,1022.0,195.0,27229.0,3685.0,2818.0,7884.0,664.0,35386.0,6093.0,10696.0,7665.0,22826.0,1594.0,10722.0,22998.0,28895.0,9404.0,556.0,2844.0,16033.0,2686.0,10995.0,133.0,51877.0,66263.0,69621.0,9388.0,3573.0,3867.0,12152.0,15745.0,6500.0,228.0,73.0,55.0,12272.0,9377.0,5056.0,324.0,100.0,101.0,12159.0,2151.0,14310.0,14795.0,5575.0,1049.0,6624.0,6942.0,5406.0,12349.0,,,,,,,,,,,,,,,,,,,,,,,,,,,,,,,,,,,,,,,,,,,,,,,,,,,,,,,,,,,,,
5RWAU,Rest of WA,gccsa,WA,2011,2010-11,,,,,,,,,,,,,,,,,,,,,,,,,,,,,,,,,,,,,,,,,,,,,,,,,,,,,,,,,,,,,,,,,,,,,,,,,,,,,,,,,,,,,,,,,,,,8.9,11.2,7.2,1.3,10.9,2.5,9.2,6.2,4.8,0.6,1.2,1.5,3.2,2.7,5.8,7.6,8.4,0.7,3.9,2.3,237324.0,,,,,,,,,,,,
5RWAU,Rest of WA,gccsa,WA,2016,2015-16,,,,,,,,,,,,,,,,,,,,,,,,,,,,,,,,,,,,,,,,,,,,,,,,,,,,,,,,,,,,,,,,,,,,191.0,485.0,671.0,57.0,51.0,125.0,71.0,71.0,41.0,91.0,101.0,81.0,,,,,,,,,,,,,9.1,11.1,5.3,1.3,9.2,2.0,8.7,6.4,4.7,0.5,1.1,1.4,3.3,3.1,5.7,8.3,9.6,1.1,3.9,4.2,235428.0,,,,,,,,,,,,
5RWAU,Rest of WA,gccsa,WA,2017,2016-17,,,,,,,,,,,,,,,,,,,,,,,,,,,,,,,,,,,,,,,,,,,,,,,,,,,,,,,,,,,,,,,,,,,,216.0,534.0,753.0,64.0,71.0,147.0,74.0,81.0,57.0,91.0,94.0,79.0,,,,,,,,,,,,,,,,,,,,,,,,,,,,,,,,,,2827.0,270.0,213298.0,238.0,21.0,22303.0,50.0,,5502.0,3117.0,291.0,241617.0
5RWAU,Rest of WA,gccsa,WA,2018,2017-18,,,,,,,,,,,,,,,,,,,,,,,,,,,,,,,,,,,,,,,,,,,,,,,,,,,,,,,,,,,,,,,,6437.0,324000.0,965.0,255000.0,201.0,624.0,828.0,76.0,68.0,144.0,80.0,81.0,66.0,106.0,134.0,74.0,,,,,,,,,,,,,,,,,,,,,,,,,,,,,,,,,,2465.0,239.0,215524.0,110.0,13.0,22400.0,94.0,,5596.0,2671.0,252.0,244036.0
5RWAU,Rest of WA,gccsa,WA,2019,2018-19,,,,,,,,,,,,,,,,,,,,,,,,,,,,,,,,,,,,,,,,,,,,,,,,,,,,,,1995.0,130.0,2125.0,2209.0,704.0,34.0,738.0,822.0,671.0,1493.0,6169.0,322500.0,1013.0,245000.0,176.0,475.0,656.0,55.0,56.0,105.0,76.0,56.0,39.0,100.0,107.0,61.0,,,,,,,,,,,,,,,,,,,,,,,,,,,,,,,,,,2247.0,245.0,217526.0,106.0,23.0,22483.0,9.0,,5605.0,2363.0,268.0,246131.0
5RWAU,Rest of WA,gccsa,WA,2020,2019-20,27206.0,11676.0,5196.0,1238.0,45316.0,,,,,,,,,,,12544.0,376.0,1765.0,177.0,7162.0,984.0,2722.0,1933.0,2444.0,168.0,1109.0,4593.0,2883.0,1411.0,82.0,366.0,1764.0,398.0,2383.0,52.0,9777.0,13806.0,17554.0,2876.0,822.0,481.0,,,,,,,,,,,,,1645.0,98.0,1743.0,1832.0,606.0,30.0,636.0,730.0,880.0,1610.0,6795.0,329000.0,1040.0,230000.0,144.0,372.0,519.0,48.0,41.0,85.0,64.0,54.0,33.0,74.0,73.0,44.0,,,,,,,,,,,,,,,,,,,,,,,,,,,,,,,,,,1778.0,258.0,219046.0,129.0,34.0,22578.0,19.0,,5624.0,1927.0,292.0,247766.0
5RWAU,Rest of WA,gccsa,WA,2021,2020-21,27003.0,12873.0,5253.0,1214.0,46343.0,3490.0,1323.0,143.0,21.0,4977.0,3145.0,628.0,168.0,34.0,3975.0,12580.0,378.0,1793.0,184.0,7267.0,1008.0,2749.0,1974.0,2464.0,187.0,1133.0,4778.0,3036.0,1487.0,78.0,391.0,1871.0,418.0,2518.0,49.0,10497.0,13885.0,17878.0,2837.0,742.0,504.0,2007.0,1947.0,974.0,37.0,4.0,8.0,1794.0,1309.0,810.0,56.0,16.0,5.0,3843.0,115.0,3958.0,4031.0,1273.0,30.0,1303.0,1393.0,818.0,2211.0,11203.0,380000.0,1540.0,275000.0,50.0,169.0,224.0,15.0,15.0,34.0,26.0,19.0,16.0,26.0,30.0,34.0,,,,,,,,,,,,,9.0,11.3,5.2,1.4,8.5,2.1,8.3,6.8,4.6,0.4,0.9,1.2,3.0,2.9,5.7,8.6,11.4,1.0,3.7,4.0,245471.0,1765.0,269.0,220542.0,89.0,24.0,22643.0,22.0,,5646.0,1876.0,293.0,249349.0
5RWAU,Rest of WA,gccsa,WA,2022,2021-22,28375.0,13016.0,5374.0,1343.0,48103.0,4329.0,1618.0,175.0,39.0,6151.0,3335.0,901.0,232.0,36.0,4509.0,12605.0,374.0,1878.0,178.0,7616.0,1061.0,2778.0,2102.0,2567.0,188.0,1239.0,4979.0,3222.0,1569.0,78.0,416.0,2054.0,455.0,2703.0,46.0,10131.0,14144.0,18808.0,3363.0,1021.0,638.0,2135.0,2565.0,1342.0,74.0,20.0,13.0,1796.0,1310.0,811.0,56.0,16.0,5.0,2753.0,141.0,2894.0,2966.0,1085.0,71.0,1157.0,1268.0,1133.0,2400.0,9572.0,375000.0,2028.0,310000.0,,,,,,,,,,,,,,,,,,,,,,,,,,,,,,,,,,,,,,,,,,,,,,1976.0,278.0,222240.0,65.0,15.0,22693.0,5.0,,5651.0,2046.0,293.0,251102.0
5RWAU,Rest of WA,gccsa,WA,2023,2022-23,29295.0,12879.0,5458.0,1401.0,49033.0,4090.0,1505.0,173.0,13.0,5781.0,4023.0,891.0,233.0,44.0,5191.0,12403.0,381.0,1935.0,174.0,7869.0,1085.0,2796.0,2130.0,2576.0,191.0,1296.0,5118.0,3339.0,1655.0,84.0,438.0,2171.0,458.0,2888.0,46.0,9842.0,14643.0,18992.0,3531.0,1274.0,751.0,1827.0,2579.0,1272.0,76.0,22.0,5.0,2133.0,1763.0,1218.0,80.0,25.0,9.0,2202.0,91.0,2293.0,2432.0,991.0,44.0,1036.0,1174.0,1469.0,2643.0,8341.0,395000.0,1870.0,315000.0,,,,,,,,,,,,,,,,,,,,,,,,,,,,,,,,,,,,,,,,,,,,,,,,,,,,,,,,,
5RWAU,Rest of WA,gccsa,WA,2024,2023-24,30082.0,12724.0,5598.0,1409.0,49813.0,4301.0,1523.0,191.0,24.0,6039.0,4073.0,969.0,286.0,41.0,5374.0,12225.0,383.0,1958.0,172.0,7986.0,1095.0,2784.0,2110.0,2623.0,191.0,1339.0,5330.0,3427.0,1730.0,79.0,434.0,2379.0,481.0,3038.0,34.0,9858.0,14743.0,19333.0,3676.0,1359.0,841.0,1888.0,2632.0,1419.0,74.0,27.0,12.0,2202.0,1796.0,1245.0,108.0,14.0,5.0,2303.0,61.0,2364.0,2577.0,1113.0,20.0,1133.0,1394.0,1598.0,2992.0,,,,,,,,,,,,,,,,,,,,,,,,,,,,,,,,,,,,,,,,,,,,,,,,,,,,,,,,,,,,,
6GHOB,Greater Hobart,gccsa,TAS,2011,2010-11,,,,,,,,,,,,,,,,,,,,,,,,,,,,,,,,,,,,,,,,,,,,,,,,,,,,,,,,,,,,,,,,,,,,,,,,,,,,,,,,,,,,,,,,,,,,1.6,0.3,6.3,2.1,7.5,2.7,11.4,7.1,3.5,2.1,2.8,1.4,6.2,2.5,12.2,9.6,12.8,2.1,3.7,1.9,96873.0,,,,,,,,,,,,
6GHOB,Greater Hobart,gccsa,TAS,2016,2015-16,,,,,,,,,,,,,,,,,,,,,,,,,,,,,,,,,,,,,,,,,,,,,,,,,,,,,,,,,,,,,,,,,,,,49.0,209.0,259.0,19.0,31.0,32.0,31.0,30.0,30.0,29.0,29.0,39.0,,,,,,,,,,,,,1.9,0.3,5.2,2.0,7.5,1.8,10.8,7.8,3.5,1.9,2.5,1.3,6.0,2.9,10.7,10.1,14.8,2.3,3.7,3.0,98886.0,,,,,,,,,,,,
6GHOB,Greater Hobart,gccsa,TAS,2017,2016-17,,,,,,,,,,,,,,,,,,,,,,,,,,,,,,,,,,,,,,,,,,,,,,,,,,,,,,,,,,,,,,,,,,,,54.0,238.0,294.0,28.0,21.0,46.0,38.0,36.0,31.0,14.0,38.0,38.0,,,,,,,,,,,,,,,,,,,,,,,,,,,,,,,,,,767.0,32.0,84772.0,74.0,,6201.0,76.0,,9178.0,917.0,32.0,100379.0
6GHOB,Greater Hobart,gccsa,TAS,2018,2017-18,,,,,,,,,,,,,,,,,,,,,,,,,,,,,,,,,,,,,,,,,,,,,,,,,,,,,,,,,,,,,,,,3917.0,430000.0,1522.0,340000.0,46.0,256.0,309.0,39.0,23.0,33.0,39.0,36.0,26.0,23.0,43.0,33.0,,,,,,,,,,,,,,,,,,,,,,,,,,,,,,,,,,782.0,30.0,85524.0,246.0,7.0,6440.0,32.0,39.0,9171.0,1060.0,76.0,101363.0
6GHOB,Greater Hobart,gccsa,TAS,2019,2018-19,,,,,,,,,,,,,,,,,,,,,,,,,,,,,,,,,,,,,,,,,,,,,,,,,,,,,,1440.0,136.0,1576.0,1684.0,476.0,45.0,520.0,550.0,415.0,965.0,3543.0,468000.0,1415.0,375000.0,35.0,218.0,251.0,30.0,19.0,41.0,30.0,28.0,18.0,17.0,43.0,26.0,,,,,,,,,,,,,,,,,,,,,,,,,,,,,,,,,,1247.0,40.0,86731.0,154.0,2.0,6592.0,60.0,1.0,9230.0,1461.0,43.0,102781.0
6GHOB,Greater Hobart,gccsa,TAS,2020,2019-20,10250.0,4157.0,1916.0,511.0,16834.0,,,,,,,,,,,713.0,34.0,764.0,45.0,2924.0,448.0,1110.0,1067.0,1732.0,136.0,533.0,1637.0,2073.0,765.0,51.0,272.0,1474.0,271.0,768.0,17.0,4567.0,5402.0,5719.0,757.0,229.0,160.0,,,,,,,,,,,,,1378.0,133.0,1511.0,1592.0,444.0,40.0,484.0,515.0,331.0,845.0,3175.0,510000.0,1222.0,400000.0,33.0,157.0,187.0,27.0,10.0,17.0,25.0,25.0,12.0,10.0,22.0,33.0,,,,,,,,,,,,,,,,,,,,,,,,,,,,,,,,,,1238.0,23.0,87946.0,162.0,1.0,6753.0,44.0,,9274.0,1444.0,24.0,104201.0
6GHOB,Greater Hobart,gccsa,TAS,2021,2020-21,10289.0,4774.0,2018.0,484.0,17565.0,1834.0,744.0,79.0,4.0,2661.0,1580.0,306.0,74.0,11.0,1971.0,726.0,34.0,798.0,50.0,3145.0,463.0,1157.0,1088.0,1685.0,151.0,567.0,1649.0,2206.0,835.0,57.0,285.0,1526.0,281.0,848.0,14.0,5169.0,5475.0,5768.0,774.0,213.0,166.0,1195.0,1009.0,437.0,15.0,3.0,3.0,1034.0,575.0,326.0,28.0,5.0,3.0,1679.0,156.0,1835.0,1898.0,600.0,55.0,655.0,684.0,333.0,1017.0,3179.0,587500.0,1416.0,456500.0,11.0,89.0,99.0,6.0,3.0,9.0,11.0,9.0,9.0,8.0,11.0,29.0,,,,,,,,,,,,,2.0,0.3,5.1,2.2,8.5,1.7,9.4,7.8,3.3,1.3,2.2,1.2,6.4,2.9,10.0,10.5,16.8,2.3,3.7,2.5,118720.0,1306.0,34.0,89218.0,145.0,6.0,6892.0,57.0,,9331.0,1508.0,40.0,105669.0
6GHOB,Greater Hobart,gccsa,TAS,2022,2021-22,10687.0,4949.0,2081.0,525.0,18242.0,2051.0,802.0,86.0,3.0,2948.0,1668.0,454.0,105.0,24.0,2256.0,712.0,30.0,825.0,51.0,3385.0,456.0,1187.0,1121.0,1704.0,145.0,586.0,1708.0,2283.0,891.0,59.0,311.0,1585.0,313.0,891.0,6.0,4968.0,5746.0,6183.0,863.0,287.0,191.0,1261.0,1175.0,483.0,16.0,3.0,3.0,1036.0,575.0,326.0,28.0,5.0,3.0,1155.0,255.0,1410.0,1520.0,478.0,91.0,569.0,600.0,409.0,1009.0,3129.0,750000.0,1276.0,570000.0,,,,,,,,,,,,,,,,,,,,,,,,,,,,,,,,,,,,,,,,,,,,,,1471.0,27.0,90662.0,63.0,1.0,6954.0,55.0,,9386.0,1589.0,28.0,107230.0
6GHOB,Greater Hobart,gccsa,TAS,2023,2022-23,11347.0,4804.0,2126.0,592.0,18869.0,2207.0,712.0,83.0,9.0,3011.0,1790.0,530.0,131.0,18.0,2469.0,724.0,29.0,813.0,52.0,3492.0,437.0,1185.0,1155.0,1865.0,148.0,600.0,1754.0,2389.0,939.0,54.0,312.0,1674.0,326.0,910.0,11.0,4838.0,6087.0,6500.0,903.0,321.0,220.0,1140.0,1316.0,529.0,13.0,9.0,4.0,1169.0,759.0,497.0,26.0,7.0,5.0,1189.0,113.0,1302.0,1381.0,512.0,40.0,552.0,589.0,708.0,1297.0,2849.0,712000.0,1210.0,560000.0,,,,,,,,,,,,,,,,,,,,,,,,,,,,,,,,,,,,,,,,,,,,,,,,,,,,,,,,,
6GHOB,Greater Hobart,gccsa,TAS,2024,2023-24,11677.0,4735.0,2150.0,605.0,19167.0,2181.0,651.0,100.0,6.0,2938.0,1871.0,464.0,120.0,12.0,2467.0,725.0,27.0,797.0,52.0,3569.0,408.0,1138.0,1171.0,1960.0,152.0,636.0,1778.0,2377.0,942.0,57.0,310.0,1795.0,344.0,919.0,10.0,4776.0,6169.0,6743.0,914.0,334.0,232.0,1166.0,1210.0,537.0,20.0,3.0,3.0,1179.0,795.0,447.0,31.0,7.0,3.0,866.0,108.0,974.0,1010.0,421.0,40.0,462.0,486.0,472.0,958.0,,,,,,,,,,,,,,,,,,,,,,,,,,,,,,,,,,,,,,,,,,,,,,,,,,,,,,,,,,,,,
6RTAS,Rest of Tas.,gccsa,TAS,2011,2010-11,,,,,,,,,,,,,,,,,,,,,,,,,,,,,,,,,,,,,,,,,,,,,,,,,,,,,,,,,,,,,,,,,,,,,,,,,,,,,,,,,,,,,,,,,,,,7.3,2.1,10.7,1.3,7.7,3.7,11.2,7.4,4.9,1.0,2.1,1.2,3.5,2.8,6.5,8.4,11.3,1.3,3.7,2.1,120047.0,,,,,,,,,,,,
6RTAS,Rest of Tas.,gccsa,TAS,2016,2015-16,,,,,,,,,,,,,,,,,,,,,,,,,,,,,,,,,,,,,,,,,,,,,,,,,,,,,,,,,,,,,,,,,,,,103.0,359.0,463.0,35.0,30.0,65.0,45.0,39.0,43.0,53.0,73.0,80.0,,,,,,,,,,,,,8.1,1.6,8.2,1.3,7.7,2.6,11.0,7.5,4.8,0.9,1.7,1.2,3.7,3.0,5.4,8.6,13.6,1.5,3.8,3.7,117399.0,,,,,,,,,,,,
6RTAS,Rest of Tas.,gccsa,TAS,2017,2016-17,,,,,,,,,,,,,,,,,,,,,,,,,,,,,,,,,,,,,,,,,,,,,,,,,,,,,,,,,,,,,,,,,,,,72.0,380.0,448.0,36.0,30.0,51.0,61.0,39.0,40.0,52.0,88.0,68.0,,,,,,,,,,,,,,,,,,,,,,,,,,,,,,,,,,1059.0,38.0,130931.0,126.0,,9023.0,57.0,,4562.0,1242.0,38.0,144900.0
6RTAS,Rest of Tas.,gccsa,TAS,2018,2017-18,,,,,,,,,,,,,,,,,,,,,,,,,,,,,,,,,,,,,,,,,,,,,,,,,,,,,,,,,,,,,,,,6971.0,288000.0,1219.0,250000.0,82.0,422.0,510.0,30.0,25.0,70.0,54.0,44.0,52.0,47.0,105.0,84.0,,,,,,,,,,,,,,,,,,,,,,,,,,,,,,,,,,1004.0,45.0,131890.0,239.0,,9262.0,27.0,,4589.0,1270.0,45.0,146125.0
6RTAS,Rest of Tas.,gccsa,TAS,2019,2018-19,,,,,,,,,,,,,,,,,,,,,,,,,,,,,,,,,,,,,,,,,,,,,,,,,,,,,,1411.0,58.0,1469.0,1537.0,413.0,12.0,425.0,452.0,258.0,710.0,6201.0,305000.0,1139.0,269000.0,58.0,307.0,370.0,28.0,16.0,56.0,47.0,36.0,30.0,47.0,70.0,38.0,,,,,,,,,,,,,,,,,,,,,,,,,,,,,,,,,,1290.0,46.0,133134.0,93.0,,9355.0,11.0,,4600.0,1395.0,46.0,147474.0
6RTAS,Rest of Tas.,gccsa,TAS,2020,2019-20,13357.0,5629.0,2700.0,608.0,22294.0,,,,,,,,,,,4878.0,82.0,1056.0,62.0,3497.0,549.0,1499.0,1280.0,1285.0,125.0,532.0,2295.0,1766.0,628.0,48.0,190.0,1150.0,244.0,1096.0,32.0,5497.0,7187.0,8051.0,1044.0,292.0,223.0,,,,,,,,,,,,,1538.0,40.0,1578.0,1606.0,487.0,8.0,495.0,514.0,257.0,771.0,5908.0,335000.0,1045.0,289000.0,49.0,225.0,275.0,16.0,24.0,30.0,48.0,20.0,24.0,30.0,48.0,44.0,,,,,,,,,,,,,,,,,,,,,,,,,,,,,,,,,,1261.0,42.0,134353.0,59.0,2.0,9412.0,29.0,6.0,4623.0,1350.0,50.0,148774.0
6RTAS,Rest of Tas.,gccsa,TAS,2021,2020-21,13370.0,6267.0,2728.0,642.0,23007.0,1849.0,751.0,79.0,7.0,2686.0,1698.0,336.0,80.0,8.0,2122.0,4896.0,81.0,1087.0,60.0,3715.0,569.0,1514.0,1311.0,1318.0,123.0,556.0,2344.0,1850.0,661.0,46.0,206.0,1236.0,261.0,1151.0,22.0,5860.0,7446.0,8055.0,1093.0,316.0,237.0,1151.0,1024.0,481.0,23.0,4.0,3.0,1072.0,650.0,412.0,21.0,,,2332.0,29.0,2361.0,2394.0,780.0,7.0,787.0,824.0,425.0,1249.0,6824.0,385000.0,1310.0,329250.0,19.0,132.0,148.0,14.0,13.0,17.0,13.0,13.0,5.0,18.0,26.0,29.0,,,,,,,,,,,,,8.1,1.7,7.5,1.4,8.6,2.8,9.8,7.5,4.7,0.8,1.6,1.0,3.9,2.9,4.9,8.5,16.0,1.4,3.8,3.0,135680.0,1490.0,38.0,135805.0,66.0,1.0,9477.0,2.0,1.0,4624.0,1558.0,40.0,150292.0
6RTAS,Rest of Tas.,gccsa,TAS,2022,2021-22,14065.0,6403.0,2878.0,692.0,24040.0,2201.0,874.0,113.0,15.0,3203.0,1737.0,482.0,127.0,14.0,2359.0,4901.0,83.0,1129.0,66.0,3977.0,572.0,1552.0,1349.0,1455.0,137.0,595.0,2459.0,1935.0,731.0,52.0,229.0,1299.0,279.0,1230.0,21.0,5866.0,7596.0,8724.0,1243.0,346.0,265.0,1220.0,1295.0,653.0,26.0,7.0,4.0,1073.0,650.0,412.0,21.0,3.0,3.0,1683.0,92.0,1775.0,1819.0,616.0,29.0,645.0,675.0,381.0,1057.0,6244.0,499000.0,1081.0,397500.0,,,,,,,,,,,,,,,,,,,,,,,,,,,,,,,,,,,,,,,,,,,,,,1957.0,94.0,137668.0,21.0,4.0,9494.0,19.0,,4643.0,1997.0,98.0,152191.0
6RTAS,Rest of Tas.,gccsa,TAS,2023,2022-23,14484.0,6266.0,2907.0,742.0,24399.0,2120.0,734.0,106.0,9.0,2969.0,2166.0,540.0,148.0,20.0,2874.0,4847.0,78.0,1103.0,74.0,4098.0,558.0,1533.0,1322.0,1483.0,142.0,592.0,2479.0,1938.0,782.0,50.0,237.0,1467.0,293.0,1305.0,18.0,5583.0,7933.0,8845.0,1350.0,400.0,288.0,1072.0,1305.0,561.0,20.0,6.0,5.0,1313.0,922.0,643.0,35.0,10.0,6.0,1577.0,69.0,1646.0,1723.0,670.0,17.0,687.0,735.0,416.0,1151.0,5010.0,525000.0,1043.0,430000.0,,,,,,,,,,,,,,,,,,,,,,,,,,,,,,,,,,,,,,,,,,,,,,,,,,,,,,,,,
6RTAS,Rest of Tas.,gccsa,TAS,2024,2023-24,14879.0,6208.0,2883.0,768.0,24738.0,2191.0,784.0,119.0,20.0,3114.0,2055.0,536.0,168.0,22.0,2779.0,4809.0,83.0,1119.0,76.0,4258.0,540.0,1511.0,1313.0,1488.0,139.0,625.0,2488.0,1931.0,823.0,56.0,243.0,1604.0,305.0,1312.0,15.0,5459.0,8122.0,9070.0,1376.0,418.0,294.0,1037.0,1374.0,656.0,36.0,4.0,3.0,1206.0,914.0,609.0,42.0,11.0,6.0,1495.0,16.0,1511.0,1560.0,678.0,8.0,685.0,731.0,390.0,1120.0,,,,,,,,,,,,,,,,,,,,,,,,,,,,,,,,,,,,,,,,,,,,,,,,,,,,,,,,,,,,,
7GDAR,Greater Darwin,gccsa,NT,2011,2010-11,,,,,,,,,,,,,,,,,,,,,,,,,,,,,,,,,,,,,,,,,,,,,,,,,,,,,,,,,,,,,,,,,,,,,,,,,,,,,,,,,,,,,,,,,,,,0.9,2.2,4.2,1.5,9.1,2.7,8.6,6.0,5.5,1.2,1.7,1.7,5.6,3.2,21.6,7.8,9.3,2.0,3.7,1.5,63043.0,,,,,,,,,,,,
7GDAR,Greater Darwin,gccsa,NT,2016,2015-16,,,,,,,,,,,,,,,,,,,,,,,,,,,,,,,,,,,,,,,,,,,,,,,,,,,,,,,,,,,,,,,,,,,,35.0,155.0,194.0,13.0,18.0,39.0,42.0,31.0,11.0,7.0,13.0,13.0,,,,,,,,,,,,,1.1,2.1,2.8,1.8,12.0,2.0,7.4,6.6,4.8,1.1,1.3,1.7,6.5,3.0,18.6,8.0,9.4,2.0,3.3,4.5,71358.0,,,,,,,,,,,,
7GDAR,Greater Darwin,gccsa,NT,2017,2016-17,,,,,,,,,,,,,,,,,,,,,,,,,,,,,,,,,,,,,,,,,,,,,,,,,,,,,,,,,,,,,,,,,,,,52.0,158.0,216.0,27.0,27.0,27.0,38.0,33.0,9.0,16.0,22.0,13.0,,,,,,,,,,,,,,,,,,,,,,,,,,,,,,,,,,623.0,12.0,33500.0,133.0,14.0,5985.0,308.0,,14763.0,1064.0,26.0,54278.0
7GDAR,Greater Darwin,gccsa,NT,2018,2017-18,,,,,,,,,,,,,,,,,,,,,,,,,,,,,,,,,,,,,,,,,,,,,,,,,,,,,,,,,,,,,,,,980.0,500000.0,601.0,345000.0,57.0,187.0,248.0,31.0,22.0,49.0,29.0,42.0,22.0,21.0,10.0,19.0,,,,,,,,,,,,,,,,,,,,,,,,,,,,,,,,,,522.0,119.0,33903.0,49.0,1.0,6033.0,48.0,,14811.0,619.0,120.0,54777.0
7GDAR,Greater Darwin,gccsa,NT,2019,2018-19,,,,,,,,,,,,,,,,,,,,,,,,,,,,,,,,,,,,,,,,,,,,,,,,,,,,,,350.0,47.0,397.0,425.0,167.0,15.0,182.0,213.0,,,949.0,498000.0,570.0,315000.0,58.0,161.0,220.0,18.0,28.0,38.0,40.0,45.0,15.0,16.0,15.0,14.0,,,,,,,,,,,,,,,,,,,,,,,,,,,,,,,,,,406.0,28.0,34281.0,48.0,,6081.0,126.0,,14937.0,580.0,28.0,55329.0
7GDAR,Greater Darwin,gccsa,NT,2020,2019-20,6491.0,2463.0,1284.0,360.0,10598.0,,,,,,,,,,,427.0,51.0,370.0,37.0,2159.0,229.0,583.0,488.0,1044.0,69.0,327.0,1425.0,1172.0,561.0,45.0,146.0,658.0,147.0,636.0,24.0,2614.0,3359.0,3751.0,551.0,179.0,144.0,,,,,,,,,,,,,282.0,43.0,325.0,402.0,148.0,11.0,159.0,211.0,,,899.0,470000.0,583.0,290000.0,39.0,139.0,180.0,22.0,17.0,22.0,28.0,22.0,22.0,20.0,20.0,17.0,,,,,,,,,,,,,,,,,,,,,,,,,,,,,,,,,,305.0,129.0,34457.0,21.0,,6102.0,113.0,75.0,14975.0,439.0,204.0,55564.0
7GDAR,Greater Darwin,gccsa,NT,2021,2020-21,6337.0,2914.0,1288.0,356.0,10895.0,1162.0,484.0,58.0,12.0,1716.0,1094.0,216.0,43.0,15.0,1368.0,435.0,52.0,371.0,43.0,2179.0,244.0,585.0,513.0,1072.0,66.0,352.0,1427.0,1219.0,561.0,46.0,154.0,744.0,143.0,670.0,19.0,2909.0,3263.0,3841.0,544.0,199.0,139.0,733.0,629.0,331.0,16.0,5.0,3.0,675.0,442.0,245.0,12.0,3.0,6.0,507.0,6.0,513.0,513.0,240.0,2.0,242.0,268.0,,,1376.0,535000.0,620.0,330000.0,13.0,56.0,67.0,11.0,11.0,3.0,6.0,17.0,8.0,3.0,3.0,13.0,,,,,,,,,,,,,1.2,2.2,2.6,1.7,8.8,1.7,7.3,7.7,4.4,0.8,1.1,1.3,5.5,3.1,18.7,8.3,13.6,2.0,3.9,4.2,74631.0,343.0,77.0,34723.0,14.0,19.0,6097.0,46.0,,15021.0,403.0,96.0,55871.0
7GDAR,Greater Darwin,gccsa,NT,2022,2021-22,6788.0,3003.0,1354.0,399.0,11550.0,1444.0,571.0,68.0,3.0,2080.0,1037.0,291.0,72.0,13.0,1406.0,443.0,53.0,393.0,47.0,2255.0,237.0,621.0,560.0,1123.0,69.0,361.0,1475.0,1335.0,618.0,46.0,176.0,817.0,177.0,728.0,19.0,2811.0,3503.0,4198.0,643.0,226.0,167.0,767.0,865.0,431.0,10.0,5.0,,677.0,441.0,245.0,12.0,3.0,6.0,289.0,22.0,311.0,311.0,169.0,6.0,175.0,202.0,,,1680.0,587600.0,905.0,385000.0,,,,,,,,,,,,,,,,,,,,,,,,,,,,,,,,,,,,,,,,,,,,,,405.0,23.0,35105.0,14.0,13.0,6098.0,45.0,,15066.0,464.0,36.0,56299.0
7GDAR,Greater Darwin,gccsa,NT,2023,2022-23,7066.0,3013.0,1375.0,446.0,11900.0,1485.0,514.0,43.0,4.0,2046.0,1282.0,328.0,85.0,5.0,1700.0,432.0,58.0,402.0,40.0,2309.0,226.0,627.0,550.0,1201.0,72.0,385.0,1489.0,1374.0,654.0,49.0,179.0,866.0,179.0,788.0,20.0,2662.0,3757.0,4368.0,660.0,257.0,196.0,694.0,936.0,403.0,10.0,,3.0,758.0,546.0,361.0,19.0,3.0,,376.0,15.0,391.0,392.0,226.0,6.0,232.0,258.0,,,1249.0,580000.0,822.0,375667.5,,,,,,,,,,,,,,,,,,,,,,,,,,,,,,,,,,,,,,,,,,,,,,,,,,,,,,,,,
7GDAR,Greater Darwin,gccsa,NT,2024,2023-24,7260.0,3065.0,1435.0,453.0,12213.0,1502.0,548.0,58.0,11.0,2119.0,1359.0,306.0,72.0,10.0,1747.0,418.0,59.0,403.0,41.0,2296.0,233.0,636.0,545.0,1311.0,69.0,402.0,1491.0,1409.0,695.0,62.0,203.0,929.0,210.0,790.0,12.0,2711.0,3800.0,4532.0,665.0,286.0,217.0,717.0,913.0,458.0,11.0,7.0,3.0,715.0,649.0,362.0,17.0,8.0,,234.0,48.0,282.0,293.0,157.0,27.0,184.0,215.0,,,,,,,,,,,,,,,,,,,,,,,,,,,,,,,,,,,,,,,,,,,,,,,,,,,,,,,,,,,,,,,
7RNTE,Rest of NT,gccsa,NT,2011,2010-11,,,,,,,,,,,,,,,,,,,,,,,,,,,,,,,,,,,,,,,,,,,,,,,,,,,,,,,,,,,,,,,,,,,,,,,,,,,,,,,,,,,,,,,,,,,,3.6,3.7,3.6,1.0,6.5,1.1,7.4,6.5,3.3,0.8,0.6,1.0,3.6,2.8,19.9,11.0,11.4,2.8,6.7,2.7,34770.0,,,,,,,,,,,,
7RNTE,Rest of NT,gccsa,NT,2016,2015-16,,,,,,,,,,,,,,,,,,,,,,,,,,,,,,,,,,,,,,,,,,,,,,,,,,,,,,,,,,,,,,,,,,,,7.0,56.0,66.0,5.0,15.0,5.0,13.0,7.0,5.0,4.0,4.0,3.0,,,,,,,,,,,,,4.1,3.3,1.3,1.1,5.7,1.0,7.0,7.1,3.5,0.8,0.6,0.9,3.3,3.0,17.2,12.3,14.9,2.3,5.8,4.8,30754.0,,,,,,,,,,,,
7RNTE,Rest of NT,gccsa,NT,2017,2016-17,,,,,,,,,,,,,,,,,,,,,,,,,,,,,,,,,,,,,,,,,,,,,,,,,,,,,,,,,,,,,,,,,,,,15.0,82.0,96.0,6.0,8.0,11.0,18.0,21.0,8.0,11.0,4.0,8.0,,,,,,,,,,,,,,,,,,,,,,,,,,,,,,,,,,152.0,30.0,23617.0,81.0,5.0,5388.0,2.0,,1353.0,235.0,35.0,30458.0
7RNTE,Rest of NT,gccsa,NT,2018,2017-18,,,,,,,,,,,,,,,,,,,,,,,,,,,,,,,,,,,,,,,,,,,,,,,,,,,,,,,,,,,,,,,,371.0,442000.0,162.0,334000.0,18.0,94.0,115.0,6.0,19.0,12.0,21.0,25.0,4.0,7.0,7.0,6.0,,,,,,,,,,,,,,,,,,,,,,,,,,,,,,,,,,204.0,17.0,23804.0,57.0,,5445.0,1.0,,1354.0,262.0,17.0,30703.0
7RNTE,Rest of NT,gccsa,NT,2019,2018-19,,,,,,,,,,,,,,,,,,,,,,,,,,,,,,,,,,,,,,,,,,,,,,,,,,,,,,63.0,52.0,115.0,255.0,26.0,15.0,41.0,138.0,,,325.0,430000.0,167.0,359000.0,15.0,70.0,81.0,6.0,17.0,8.0,19.0,13.0,3.0,8.0,13.0,3.0,,,,,,,,,,,,,,,,,,,,,,,,,,,,,,,,,,143.0,28.0,23919.0,87.0,,5532.0,,,1354.0,230.0,28.0,30905.0
7RNTE,Rest of NT,gccsa,NT,2020,2019-20,2048.0,832.0,586.0,191.0,3657.0,,,,,,,,,,,424.0,20.0,90.0,11.0,665.0,73.0,313.0,233.0,266.0,33.0,86.0,453.0,274.0,172.0,19.0,49.0,182.0,61.0,226.0,7.0,730.0,1107.0,1424.0,258.0,86.0,52.0,,,,,,,,,,,,,61.0,7.0,68.0,180.0,28.0,2.0,30.0,133.0,,,282.0,422500.0,154.0,332500.0,13.0,43.0,56.0,3.0,,8.0,18.0,12.0,,8.0,8.0,4.0,,,,,,,,,,,,,,,,,,,,,,,,,,,,,,,,,,100.0,24.0,23995.0,71.0,1.0,5602.0,,3.0,1351.0,171.0,28.0,31048.0
7RNTE,Rest of NT,gccsa,NT,2021,2020-21,2057.0,936.0,610.0,166.0,3769.0,370.0,141.0,15.0,3.0,528.0,320.0,56.0,21.0,7.0,404.0,435.0,18.0,90.0,10.0,680.0,82.0,304.0,238.0,277.0,35.0,77.0,463.0,290.0,180.0,20.0,48.0,215.0,60.0,240.0,7.0,839.0,1140.0,1400.0,243.0,102.0,45.0,198.0,222.0,101.0,7.0,,,168.0,144.0,87.0,7.0,,,72.0,8.0,80.0,282.0,28.0,2.0,30.0,142.0,,,499.0,445000.0,127.0,305000.0,6.0,27.0,32.0,6.0,6.0,3.0,7.0,3.0,3.0,7.0,3.0,3.0,,,,,,,,,,,,,4.8,2.9,1.5,1.0,6.3,1.1,7.1,6.6,3.0,0.6,0.5,0.7,3.3,2.6,17.2,11.9,18.0,3.1,3.9,4.1,31846.0,135.0,11.0,24119.0,44.0,3.0,5643.0,20.0,,1371.0,199.0,14.0,31233.0
7RNTE,Rest of NT,gccsa,NT,2022,2021-22,2117.0,981.0,615.0,178.0,3890.0,429.0,186.0,29.0,4.0,647.0,366.0,91.0,28.0,5.0,493.0,452.0,21.0,88.0,10.0,686.0,79.0,311.0,258.0,292.0,38.0,80.0,461.0,290.0,204.0,21.0,49.0,233.0,57.0,246.0,5.0,828.0,1148.0,1500.0,255.0,100.0,58.0,219.0,270.0,147.0,11.0,,,171.0,144.0,88.0,7.0,,,59.0,99.0,158.0,218.0,29.0,20.0,49.0,107.0,,,537.0,470000.0,148.0,306800.0,,,,,,,,,,,,,,,,,,,,,,,,,,,,,,,,,,,,,,,,,,,,,,106.0,20.0,24205.0,25.0,,5668.0,4.0,,1375.0,139.0,20.0,31352.0
7RNTE,Rest of NT,gccsa,NT,2023,2022-23,2168.0,970.0,591.0,183.0,3912.0,411.0,164.0,15.0,,592.0,392.0,93.0,41.0,,528.0,451.0,16.0,88.0,13.0,683.0,85.0,303.0,242.0,275.0,37.0,83.0,450.0,288.0,230.0,27.0,55.0,257.0,62.0,259.0,8.0,747.0,1151.0,1560.0,281.0,106.0,67.0,155.0,280.0,150.0,5.0,3.0,3.0,229.0,175.0,114.0,6.0,,,87.0,62.0,149.0,203.0,50.0,23.0,73.0,121.0,,,341.0,480000.0,90.0,319500.0,,,,,,,,,,,,,,,,,,,,,,,,,,,,,,,,,,,,,,,,,,,,,,,,,,,,,,,,,
7RNTE,Rest of NT,gccsa,NT,2024,2023-24,2115.0,987.0,579.0,203.0,3884.0,379.0,187.0,25.0,4.0,595.0,439.0,100.0,36.0,10.0,583.0,437.0,17.0,97.0,13.0,680.0,73.0,284.0,235.0,260.0,40.0,96.0,435.0,291.0,219.0,27.0,65.0,281.0,65.0,273.0,6.0,725.0,1127.0,1584.0,274.0,105.0,67.0,176.0,262.0,151.0,7.0,,,217.0,218.0,136.0,10.0,4.0,,48.0,3.0,51.0,143.0,31.0,1.0,32.0,157.0,,,,,,,,,,,,,,,,,,,,,,,,,,,,,,,,,,,,,,,,,,,,,,,,,,,,,,,,,,,,,,,
8ACTE,Australian Capital Territory,gccsa,ACT,2011,2010-11,,,,,,,,,,,,,,,,,,,,,,,,,,,,,,,,,,,,,,,,,,,,,,,,,,,,,,,,,,,,,,,,,,,,,,,,,,,,,,,,,,,,,,,,,,,,0.2,,2.1,0.8,6.1,1.2,7.6,5.8,2.2,1.9,1.8,1.2,9.8,2.4,32.7,8.8,9.2,1.7,3.2,1.4,195620.0,,,,,,,,,,,,
8ACTE,Australian Capital Territory,gccsa,ACT,2016,2015-16,,,,,,,,,,,,,,,,,,,,,,,,,,,,,,,,,,,,,,,,,,,,,,,,,,,,,,,,,,,,,,,,,,,,67.0,302.0,368.0,34.0,31.0,58.0,47.0,65.0,31.0,24.0,39.0,37.0,,,,,,,,,,,,,0.3,0.1,1.6,0.7,5.8,1.0,7.1,6.5,2.3,1.8,1.5,1.3,9.4,2.5,30.8,9.6,10.4,1.7,3.0,2.6,205419.0,,,,,,,,,,,,
8ACTE,Australian Capital Territory,gccsa,ACT,2017,2016-17,,,,,,,,,,,,,,,,,,,,,,,,,,,,,,,,,,,,,,,,,,,,,,,,,,,,,,,,,,,,,,,,,,,,100.0,302.0,400.0,48.0,50.0,54.0,50.0,80.0,36.0,20.0,30.0,31.0,,,,,,,,,,,,,,,,,,,,,,,,,,,,,,,,,,1068.0,695.0,110489.0,990.0,5.0,27892.0,2397.0,159.0,30491.0,4455.0,859.0,168882.0
8ACTE,Australian Capital Territory,gccsa,ACT,2018,2017-18,,,,,,,,,,,,,,,,,,,,,,,,,,,,,,,,,,,,,,,,,,,,,,,,,,,,,,,,,,,,,,,,4200.0,687000.0,4319.0,439900.0,83.0,335.0,415.0,45.0,52.0,62.0,59.0,83.0,39.0,29.0,29.0,35.0,,,,,,,,,,,,,,,,,,,,,,,,,,,,,,,,,,962.0,467.0,110984.0,1573.0,140.0,29325.0,2066.0,130.0,32427.0,4601.0,737.0,172746.0
8ACTE,Australian Capital Territory,gccsa,ACT,2019,2018-19,,,,,,,,,,,,,,,,,,,,,,,,,,,,,,,,,,,,,,,,,,,,,,,,,,,,,,1263.0,4799.0,6062.0,6180.0,550.0,1346.0,1896.0,1958.0,993.0,2951.0,3647.0,705000.0,3708.0,450000.0,67.0,249.0,310.0,33.0,30.0,48.0,38.0,49.0,20.0,16.0,43.0,28.0,,,,,,,,,,,,,,,,,,,,,,,,,,,,,,,,,,1339.0,274.0,112049.0,1078.0,6.0,30397.0,2398.0,253.0,34572.0,4815.0,533.0,177028.0
8ACTE,Australian Capital Territory,gccsa,ACT,2020,2019-20,17345.0,8289.0,3100.0,886.0,29620.0,,,,,,,,,,,335.0,21.0,626.0,78.0,5748.0,463.0,1459.0,1513.0,2410.0,391.0,1186.0,3136.0,5856.0,1414.0,129.0,640.0,2470.0,452.0,1260.0,33.0,7645.0,8914.0,10770.0,1367.0,485.0,439.0,,,,,,,,,,,,,1209.0,3656.0,4865.0,4928.0,505.0,1020.0,1525.0,1578.0,1073.0,2650.0,4570.0,717500.0,4316.0,465000.0,57.0,192.0,248.0,21.0,42.0,45.0,27.0,41.0,10.0,26.0,27.0,10.0,,,,,,,,,,,,,,,,,,,,,,,,,,,,,,,,,,1156.0,251.0,112954.0,1220.0,15.0,31602.0,2561.0,236.0,36897.0,4937.0,502.0,181463.0
8ACTE,Australian Capital Territory,gccsa,ACT,2021,2020-21,17231.0,9961.0,3279.0,919.0,31390.0,3578.0,1805.0,152.0,15.0,5550.0,3032.0,651.0,120.0,21.0,3824.0,334.0,23.0,655.0,93.0,6136.0,472.0,1570.0,1639.0,2478.0,399.0,1232.0,3227.0,6316.0,1513.0,126.0,701.0,2644.0,455.0,1348.0,29.0,8639.0,9085.0,11243.0,1435.0,502.0,486.0,2249.0,2091.0,1158.0,38.0,10.0,4.0,1907.0,1176.0,680.0,47.0,11.0,13.0,1367.0,3452.0,4819.0,5017.0,583.0,984.0,1567.0,1689.0,1708.0,3397.0,5635.0,815000.0,6076.0,502900.0,34.0,92.0,126.0,24.0,18.0,13.0,12.0,20.0,6.0,12.0,16.0,12.0,,,,,,,,,,,,,0.3,0.1,1.7,0.8,6.7,0.8,6.4,6.3,2.1,1.5,1.4,1.2,10.9,2.6,29.8,9.4,11.5,1.8,2.9,1.9,248388.0,1357.0,371.0,113940.0,872.0,7.0,32467.0,2981.0,83.0,39795.0,5210.0,461.0,186212.0
8ACTE,Australian Capital Territory,gccsa,ACT,2022,2021-22,18443.0,10831.0,3440.0,977.0,33694.0,4252.0,2157.0,153.0,17.0,6575.0,3292.0,951.0,170.0,28.0,4435.0,365.0,27.0,711.0,113.0,6496.0,501.0,1686.0,1745.0,2668.0,411.0,1281.0,3460.0,6821.0,1695.0,126.0,716.0,2878.0,459.0,1516.0,26.0,8731.0,9955.0,12349.0,1577.0,577.0,507.0,2449.0,2629.0,1435.0,43.0,17.0,11.0,1908.0,1176.0,680.0,47.0,11.0,13.0,1525.0,4492.0,6017.0,6195.0,630.0,1364.0,1994.0,2082.0,825.0,2907.0,4517.0,1020000.0,5031.0,572000.0,,,,,,,,,,,,,,,,,,,,,,,,,,,,,,,,,,,,,,,,,,,,,,1164.0,286.0,114818.0,840.0,1.0,33306.0,3006.0,,42801.0,5010.0,287.0,190935.0
8ACTE,Australian Capital Territory,gccsa,ACT,2023,2022-23,19491.0,10877.0,3541.0,1074.0,34983.0,4159.0,1891.0,131.0,13.0,6194.0,3604.0,1124.0,190.0,31.0,4949.0,373.0,27.0,709.0,123.0,6615.0,535.0,1718.0,1848.0,2862.0,414.0,1346.0,3525.0,7108.0,1831.0,131.0,707.0,3019.0,491.0,1573.0,28.0,8279.0,10457.0,13241.0,1768.0,634.0,604.0,2021.0,2734.0,1384.0,32.0,17.0,6.0,2360.0,1488.0,988.0,74.0,27.0,16.0,978.0,2671.0,3649.0,3851.0,459.0,895.0,1354.0,1455.0,1172.0,2627.0,4207.0,995000.0,4154.0,600000.0,,,,,,,,,,,,,,,,,,,,,,,,,,,,,,,,,,,,,,,,,,,,,,,,,,,,,,,,,
8ACTE,Australian Capital Territory,gccsa,ACT,2024,2023-24,20773.0,10748.0,3569.0,1142.0,36232.0,4595.0,1719.0,162.0,18.0,6494.0,3775.0,1135.0,203.0,23.0,5138.0,355.0,22.0,715.0,111.0,6780.0,527.0,1753.0,1917.0,3280.0,425.0,1404.0,3535.0,7228.0,1943.0,129.0,729.0,3206.0,497.0,1639.0,29.0,8703.0,10699.0,13728.0,1835.0,647.0,616.0,2327.0,2678.0,1424.0,46.0,14.0,9.0,2225.0,1734.0,1081.0,70.0,22.0,14.0,780.0,3629.0,4409.0,4547.0,384.0,1335.0,1719.0,1786.0,870.0,2656.0,,,,,,,,,,,,,,,,,,,,,,,,,,,,,,,,,,,,,,,,,,,,,,,,,,,,,,,,,,,,,
9OTER,Other Territories,gccsa,OTH,2011,2010-11,,,,,,,,,,,,,,,,,,,,,,,,,,,,,,,,,,,,,,,,,,,,,,,,,,,,,,,,,,,,,,,,,,,,,,,,,,,,,,,,,,,,,,,,,,,,,11.7,0.6,2.7,6.6,1.2,7.4,4.0,5.9,,0.3,0.4,2.9,5.1,30.7,9.4,5.5,2.5,2.3,1.6,1155.0,,,,,,,,,,,,
9OTER,Other Territories,gccsa,OTH,2016,2015-16,,,,,,,,,,,,,,,,,,,,,,,,,,,,,,,,,,,,,,,,,,,,,,,,,,,,,,,,,,,,,,,,,,,,,,,,,,,,,,,,,,,,,,,,,,,,1.7,7.0,2.1,2.0,6.6,0.9,8.7,11.6,4.8,0.9,0.8,1.3,2.0,5.6,20.0,7.3,5.0,3.3,2.7,5.2,2150.0,,,,,,,,,,,,
9OTER,Other Territories,gccsa,OTH,2017,2016-17,,,,,,,,,,,,,,,,,,,,,,,,,,,,,,,,,,,,,,,,,,,,,,,,,,,,,,,,,,,,,,,,,,,,,,,,,,,,,,,,,,,,,,,,,,,,,,,,,,,,,,,,,,,,,,,,,,,,,,,,,,,,
9OTER,Other Territories,gccsa,OTH,2018,2017-18,,,,,,,,,,,,,,,,,,,,,,,,,,,,,,,,,,,,,,,,,,,,,,,,,,,,,,,,,,,,,,,,9.0,465000.0,5.0,180000.0,,3.0,3.0,,,,3.0,,,,,,,,,,,,,,,,,,,,,,,,,,,,,,,,,,,,,,,,,,,,,,,,,,
9OTER,Other Territories,gccsa,OTH,2019,2018-19,,,,,,,,,,,,,,,,,,,,,,,,,,,,,,,,,,,,,,,,,,,,,,,,,,,,,,,,,,,,,,,,,,,,,,,,,,,,,,,,,,,,,,,,,,,,,,,,,,,,,,,,,,,,,,,,,,,,,,,,,,,,
9OTER,Other Territories,gccsa,OTH,2020,2019-20,38.0,33.0,19.0,6.0,96.0,,,,,,,,,,,3.0,3.0,,,17.0,5.0,11.0,12.0,11.0,,3.0,,16.0,6.0,,3.0,,,6.0,,43.0,18.0,31.0,4.0,,,,,,,,,,,,,,,,,,,,,,,,,5.0,280000.0,,,,,,,,,,,,,,,,,,,,,,,,,,,,,,,,,,,,,,,,,,,,,,,,,,,,,,,,,,,
9OTER,Other Territories,gccsa,OTH,2021,2020-21,34.0,41.0,16.0,6.0,97.0,4.0,7.0,,,11.0,5.0,4.0,,,10.0,3.0,,3.0,,15.0,6.0,13.0,12.0,13.0,,,,16.0,4.0,,3.0,3.0,,7.0,,43.0,20.0,28.0,5.0,,,9.0,,,,,,4.0,3.0,3.0,,,,,,,,,,,,,,9.0,410000.0,10.0,250000.0,,5.0,5.0,,,,,,,,,,,,,,,,,,,,,,1.3,4.1,1.4,2.2,9.3,0.9,8.9,11.5,4.6,0.7,1.2,1.1,2.7,6.7,18.7,7.2,6.7,2.9,3.0,5.2,2243.0,,,,,,,,,,,,
9OTER,Other Territories,gccsa,OTH,2022,2021-22,49.0,42.0,18.0,11.0,123.0,8.0,7.0,3.0,3.0,25.0,4.0,3.0,,,5.0,3.0,3.0,3.0,,21.0,6.0,16.0,13.0,13.0,,,,25.0,7.0,,4.0,,3.0,4.0,,44.0,24.0,47.0,4.0,,,7.0,9.0,7.0,,,,4.0,3.0,3.0,,,,,,,,,,,,,,7.0,380000.0,7.0,220000.0,,,,,,,,,,,,,,,,,,,,,,,,,,,,,,,,,,,,,,,,,,,,,,,,,,,,,,,,,
9OTER,Other Territories,gccsa,OTH,2023,2022-23,51.0,43.0,23.0,7.0,124.0,6.0,7.0,,,13.0,7.0,,3.0,,10.0,4.0,,3.0,,23.0,4.0,13.0,14.0,14.0,3.0,3.0,3.0,17.0,7.0,,4.0,3.0,,9.0,,47.0,25.0,44.0,7.0,3.0,,6.0,4.0,3.0,,,,4.0,5.0,,,,,,,,,,,,,,,8.0,410000.0,9.0,180000.0,,,,,,,,,,,,,,,,,,,,,,,,,,,,,,,,,,,,,,,,,,,,,,,,,,,,,,,,,
9OTER,Other Territories,gccsa,OTH,2024,2023-24,47.0,41.0,23.0,9.0,120.0,4.0,5.0,3.0,,12.0,8.0,3.0,,,11.0,4.0,3.0,3.0,,17.0,3.0,15.0,11.0,16.0,,,3.0,19.0,5.0,,4.0,4.0,3.0,8.0,,53.0,21.0,34.0,12.0,3.0,,4.0,3.0,3.0,,3.0,,4.0,3.0,3.0,,,,,,,,,,,,,,,,,,,,,,,,,,,,,,,,,,,,,,,,,,,,,,,,,,,,,,,,,,,,,,,,,,,,,,,,,,
101,Capital Region,sa4,NSW,2011,2010-11,,,,,,,,,,,,,,,,,,,,,,,,,,,,,,,,,,,,,,,,,,,,,,,,,,,,,,,,,,,,,,,,,,,,,,,,,,,,,,,,2201829.0,37542.0,355649.0,4434771.0,73206.0,133117.0,,,,,,,6.5,0.4,5.6,1.5,9.0,2.4,11.0,8.1,3.9,1.2,1.5,1.4,5.3,2.6,14.2,7.1,10.8,1.7,3.6,2.1,94668.0,,,,,,,,,,,,
101,Capital Region,sa4,NSW,2016,2015-16,,,,,,,,,,,,,,,,,,,,,,,,,,,,,,,,,,,,,,,,,,,,,,,,,,,,,,,,,,,,,,,,,,,,85.0,234.0,318.0,29.0,22.0,44.0,41.0,45.0,31.0,29.0,40.0,39.0,2190060.0,40942.0,395725.0,4722761.0,82058.0,1021448.0,135453.0,,,859.5,164.0,426.0,6.5,0.5,4.4,1.3,9.4,1.7,9.8,8.1,3.7,1.1,1.3,1.5,5.1,3.1,14.1,7.5,11.6,1.8,3.7,3.8,97338.0,,,,,,,,,,,,
101,Capital Region,sa4,NSW,2017,2016-17,,,,,,,,,,,,,,,,,,,,,,,,,,,,,,,,,,,,,,,,,,,,,,,,,,,,,,,,,,,,,,,,,,,,67.0,218.0,289.0,25.0,15.0,45.0,37.0,35.0,30.0,26.0,36.0,40.0,,,,,,,,,,,,,,,,,,,,,,,,,,,,,,,,,,1208.0,35.0,93215.0,159.0,,10003.0,24.0,,8469.0,1391.0,35.0,111939.0
101,Capital Region,sa4,NSW,2018,2017-18,,,,,,,,,,,,,,,,,,,,,,,,,,,,,,,,,,,,,,,,,,,,,,,,,,,,,,,,,,,,,,,,4452.0,484750.0,1217.0,334000.0,63.0,272.0,337.0,37.0,27.0,54.0,57.0,36.0,30.0,30.0,46.0,32.0,,,,,,,,,,,,,,,,,,,,,,,,,,,,,,,,,,1025.0,89.0,94151.0,119.0,,10122.0,3.0,,8472.0,1154.0,89.0,113004.0
101,Capital Region,sa4,NSW,2019,2018-19,,,,,,,,,,,,,,,,,,,,,,,,,,,,,,,,,,,,,,,,,,,,,,,,,,,,,,1169.0,236.0,1405.0,1439.0,458.0,51.0,509.0,532.0,148.0,679.0,3825.0,485000.0,1023.0,342000.0,61.0,185.0,244.0,21.0,19.0,45.0,41.0,19.0,26.0,22.0,26.0,19.0,,,,,,,,,,,,,,,,,,,,,,,,,,,,,,,,,,1405.0,60.0,95496.0,243.0,1.0,10364.0,21.0,,8493.0,1675.0,61.0,114618.0
101,Capital Region,sa4,NSW,2020,2019-20,12209.0,6269.0,2328.0,458.0,21264.0,,,,,,,,,,,5035.0,55.0,746.0,74.0,4330.0,441.0,1248.0,1157.0,1157.0,106.0,380.0,1586.0,1892.0,686.0,39.0,273.0,812.0,271.0,951.0,25.0,5130.0,7083.0,7881.0,788.0,215.0,167.0,,,,,,,,,,,,,781.0,191.0,972.0,990.0,338.0,54.0,392.0,407.0,467.0,874.0,3892.0,520000.0,979.0,355000.0,39.0,129.0,165.0,15.0,18.0,27.0,23.0,26.0,10.0,16.0,20.0,17.0,,,,,,,,,,,,,,,,,,,,,,,,,,,,,,,,,,1009.0,991.0,95514.0,124.0,,10488.0,15.0,,8508.0,1148.0,991.0,114775.0
101,Capital Region,sa4,NSW,2021,2020-21,12048.0,7187.0,2419.0,424.0,22078.0,1814.0,821.0,72.0,9.0,2716.0,1619.0,359.0,86.0,15.0,2079.0,5083.0,55.0,760.0,78.0,4566.0,458.0,1275.0,1228.0,1097.0,112.0,404.0,1652.0,2031.0,755.0,45.0,300.0,870.0,286.0,1004.0,19.0,5575.0,7312.0,7959.0,815.0,239.0,178.0,1038.0,1143.0,519.0,13.0,,3.0,960.0,708.0,430.0,24.0,5.0,3.0,1044.0,317.0,1361.0,1381.0,440.0,88.0,528.0,550.0,222.0,772.0,5829.0,585000.0,1482.0,420000.0,24.0,74.0,89.0,8.0,14.0,11.0,13.0,13.0,3.0,8.0,11.0,13.0,2229961.0,33340.8,351393.1,4704096.1,81603.3,222948.5,181415.0,294.2,1374.0,1098.7,285.8,545.5,5.9,0.5,4.1,1.4,10.9,1.7,8.8,7.5,3.3,0.9,1.2,1.3,5.7,3.0,14.7,7.8,12.2,1.7,3.6,3.8,111423.0,725.0,37.0,96202.0,182.0,,10670.0,17.0,38.0,8487.0,924.0,75.0,115624.0
101,Capital Region,sa4,NSW,2022,2021-22,12921.0,7366.0,2539.0,446.0,23278.0,2229.0,911.0,81.0,5.0,3221.0,1632.0,522.0,100.0,21.0,2271.0,5208.0,56.0,820.0,89.0,4830.0,464.0,1321.0,1293.0,1185.0,113.0,459.0,1762.0,2186.0,837.0,54.0,316.0,933.0,292.0,1060.0,13.0,5726.0,7561.0,8631.0,908.0,257.0,188.0,1172.0,1404.0,624.0,13.0,5.0,,959.0,703.0,427.0,22.0,4.0,3.0,1272.0,332.0,1604.0,1636.0,598.0,96.0,694.0,728.0,375.0,1103.0,5143.0,740000.0,1517.0,490000.0,,,,,,,,,,,,,,,,,,,,,,,,,,,,,,,,,,,,,,,,,,,,,,941.0,57.0,97086.0,168.0,,10838.0,9.0,,8496.0,1123.0,57.0,116690.0
101,Capital Region,sa4,NSW,2023,2022-23,13485.0,7310.0,2523.0,488.0,23806.0,2049.0,882.0,80.0,11.0,3022.0,1923.0,600.0,138.0,9.0,2670.0,5185.0,64.0,811.0,96.0,5045.0,454.0,1302.0,1251.0,1213.0,123.0,463.0,1826.0,2288.0,916.0,56.0,317.0,1013.0,284.0,1079.0,20.0,5378.0,7796.0,9066.0,1021.0,327.0,218.0,982.0,1360.0,645.0,26.0,6.0,3.0,1203.0,882.0,599.0,30.0,4.0,4.0,1230.0,446.0,1676.0,1681.0,672.0,142.0,814.0,839.0,737.0,1576.0,3721.0,770000.0,1005.0,525000.0,,,,,,,,,,,,,,,,,,,,,,,,,,,,,,,,,,,,,,,,,,,,,,,,,,,,,,,,,
101,Capital Region,sa4,NSW,2024,2023-24,13974.0,7153.0,2494.0,505.0,24126.0,2114.0,844.0,82.0,9.0,3049.0,2036.0,625.0,137.0,19.0,2817.0,5135.0,67.0,801.0,93.0,5160.0,479.0,1269.0,1212.0,1249.0,131.0,484.0,1882.0,2335.0,915.0,60.0,325.0,1099.0,299.0,1116.0,16.0,5328.0,7940.0,9281.0,1011.0,326.0,240.0,941.0,1391.0,681.0,17.0,9.0,5.0,1184.0,957.0,614.0,59.0,4.0,3.0,1050.0,363.0,1413.0,1429.0,641.0,136.0,777.0,799.0,252.0,1052.0,,,,,,,,,,,,,,,,,,,,,,,,,,,,,,,,,,,,,,,,,,,,,,,,,,,,,,,,,,,,,
102,Central Coast,sa4,NSW,2011,2010-11,,,,,,,,,,,,,,,,,,,,,,,,,,,,,,,,,,,,,,,,,,,,,,,,,,,,,,,,,,,,,,,,,,,,,,,,,,,,,,,,9456.0,20.0,1665.0,1204.0,24.0,5515714.0,,,,,,,0.7,0.5,8.8,1.4,9.6,3.5,12.5,7.2,4.3,2.0,3.2,1.7,5.5,3.4,6.4,7.2,14.2,1.5,4.1,2.3,131014.0,,,,,,,,,,,,
102,Central Coast,sa4,NSW,2016,2015-16,,,,,,,,,,,,,,,,,,,,,,,,,,,,,,,,,,,,,,,,,,,,,,,,,,,,,,,,,,,,,,,,,,,,147.0,445.0,590.0,48.0,50.0,108.0,79.0,72.0,62.0,49.0,65.0,53.0,9889.0,7.0,1816.0,251.0,,4211250.0,,,,161.4,52.5,103.3,0.8,0.5,6.3,1.1,11.3,2.5,11.1,7.6,3.8,1.9,3.3,1.7,5.4,3.6,6.2,7.7,15.3,1.5,4.2,4.2,139595.0,,,,,,,,,,,,
102,Central Coast,sa4,NSW,2017,2016-17,,,,,,,,,,,,,,,,,,,,,,,,,,,,,,,,,,,,,,,,,,,,,,,,,,,,,,,,,,,,,,,,,,,,111.0,385.0,504.0,41.0,34.0,82.0,82.0,54.0,49.0,47.0,75.0,41.0,,,,,,,,,,,,,,,,,,,,,,,,,,,,,,,,,,1192.0,113.0,113949.0,222.0,,18234.0,303.0,,13695.0,1718.0,113.0,146059.0
102,Central Coast,sa4,NSW,2018,2017-18,,,,,,,,,,,,,,,,,,,,,,,,,,,,,,,,,,,,,,,,,,,,,,,,,,,,,,,,,,,,,,,,5671.0,660000.0,1647.0,530000.0,112.0,453.0,570.0,47.0,53.0,89.0,81.0,60.0,52.0,49.0,79.0,48.0,,,,,,,,,,,,,,,,,,,,,,,,,,,,,,,,,,915.0,96.0,114768.0,149.0,,18383.0,340.0,,14035.0,1404.0,96.0,147367.0
102,Central Coast,sa4,NSW,2019,2018-19,,,,,,,,,,,,,,,,,,,,,,,,,,,,,,,,,,,,,,,,,,,,,,,,,,,,,,824.0,836.0,1660.0,1666.0,341.0,248.0,589.0,595.0,225.0,820.0,4408.0,635000.0,1301.0,503000.0,99.0,337.0,439.0,49.0,37.0,57.0,67.0,49.0,38.0,38.0,77.0,25.0,,,,,,,,,,,,,,,,,,,,,,,,,,,,,,,,,,1065.0,102.0,115731.0,123.0,,18506.0,486.0,,14521.0,1674.0,102.0,148939.0
102,Central Coast,sa4,NSW,2020,2019-20,12572.0,7949.0,2310.0,549.0,23380.0,,,,,,,,,,,489.0,51.0,908.0,87.0,5827.0,712.0,1450.0,1067.0,1365.0,255.0,796.0,2206.0,3040.0,1128.0,73.0,415.0,1744.0,468.0,1281.0,18.0,5080.0,8401.0,8582.0,869.0,248.0,200.0,,,,,,,,,,,,,686.0,410.0,1096.0,1145.0,284.0,121.0,406.0,428.0,369.0,796.0,5034.0,650000.0,1454.0,495000.0,92.0,271.0,364.0,37.0,32.0,62.0,50.0,38.0,27.0,28.0,57.0,33.0,,,,,,,,,,,,,,,,,,,,,,,,,,,,,,,,,,835.0,103.0,116463.0,104.0,,18610.0,809.0,,15330.0,1748.0,103.0,150584.0
102,Central Coast,sa4,NSW,2021,2020-21,12207.0,9312.0,2434.0,534.0,24487.0,2275.0,1326.0,93.0,3.0,3696.0,2064.0,552.0,83.0,12.0,2711.0,504.0,53.0,947.0,86.0,6044.0,746.0,1549.0,1193.0,1292.0,281.0,841.0,2291.0,3179.0,1219.0,80.0,439.0,1864.0,497.0,1366.0,16.0,5775.0,8627.0,8739.0,894.0,260.0,192.0,1433.0,1528.0,707.0,24.0,3.0,3.0,1263.0,935.0,510.0,19.0,5.0,4.0,1008.0,347.0,1355.0,1356.0,445.0,101.0,546.0,556.0,266.0,822.0,7258.0,767000.0,2183.0,582750.0,42.0,139.0,181.0,17.0,18.0,18.0,24.0,17.0,13.0,18.0,23.0,33.0,12161.5,15.6,2902.3,3695.1,29.1,3286282.0,,386.0,539.4,177.9,68.8,67.0,0.8,0.5,5.9,1.0,11.5,2.2,10.2,7.0,3.7,1.7,3.3,1.6,6.0,3.3,6.1,8.2,17.8,1.3,3.8,4.0,150834.0,802.0,172.0,117093.0,159.0,5.0,18764.0,353.0,,15683.0,1314.0,177.0,151721.0
102,Central Coast,sa4,NSW,2022,2021-22,13148.0,9362.0,2587.0,583.0,25681.0,2770.0,1274.0,92.0,15.0,4144.0,2078.0,858.0,147.0,18.0,3101.0,513.0,49.0,1013.0,93.0,6330.0,755.0,1593.0,1190.0,1304.0,306.0,883.0,2407.0,3393.0,1351.0,78.0,473.0,1972.0,503.0,1467.0,17.0,5851.0,9009.0,9321.0,972.0,312.0,215.0,1434.0,1851.0,817.0,31.0,7.0,6.0,1266.0,933.0,513.0,18.0,6.0,3.0,814.0,614.0,1428.0,1428.0,412.0,202.0,614.0,631.0,302.0,933.0,6301.0,955000.0,1959.0,650000.0,,,,,,,,,,,,,,,,,,,,,,,,,,,,,,,,,,,,,,,,,,,,,,908.0,334.0,117667.0,124.0,1.0,18887.0,137.0,2.0,15818.0,1179.0,337.0,152563.0
102,Central Coast,sa4,NSW,2023,2022-23,13778.0,9243.0,2696.0,580.0,26297.0,2688.0,1254.0,116.0,10.0,4068.0,2495.0,1016.0,171.0,21.0,3703.0,515.0,62.0,996.0,91.0,6516.0,742.0,1631.0,1186.0,1332.0,317.0,907.0,2421.0,3427.0,1432.0,81.0,458.0,2108.0,531.0,1520.0,24.0,5403.0,9191.0,10027.0,1085.0,325.0,266.0,1227.0,1881.0,933.0,22.0,4.0,3.0,1587.0,1286.0,772.0,31.0,9.0,7.0,835.0,1084.0,1919.0,1919.0,493.0,489.0,982.0,1019.0,341.0,1359.0,4641.0,900000.0,1429.0,655000.0,,,,,,,,,,,,,,,,,,,,,,,,,,,,,,,,,,,,,,,,,,,,,,,,,,,,,,,,,
102,Central Coast,sa4,NSW,2024,2023-24,14406.0,9070.0,2680.0,622.0,26778.0,2808.0,1287.0,96.0,8.0,4206.0,2626.0,978.0,209.0,20.0,3833.0,519.0,52.0,1013.0,91.0,6591.0,752.0,1613.0,1170.0,1402.0,322.0,972.0,2450.0,3489.0,1461.0,81.0,481.0,2251.0,555.0,1506.0,6.0,5365.0,9292.0,10373.0,1113.0,355.0,280.0,1312.0,1954.0,907.0,24.0,3.0,3.0,1511.0,1407.0,858.0,46.0,16.0,7.0,762.0,432.0,1194.0,1194.0,477.0,189.0,667.0,697.0,330.0,1027.0,,,,,,,,,,,,,,,,,,,,,,,,,,,,,,,,,,,,,,,,,,,,,,,,,,,,,,,,,,,,,
103,Central West,sa4,NSW,2011,2010-11,,,,,,,,,,,,,,,,,,,,,,,,,,,,,,,,,,,,,,,,,,,,,,,,,,,,,,,,,,,,,,,,,,,,,,,,,,,,,,,,5016665.0,16324.0,527757.0,5187804.0,13140.0,,,,,,,,10.0,6.0,8.2,1.6,6.5,2.7,10.4,6.7,4.3,0.9,1.4,1.1,3.6,2.4,6.6,8.8,11.9,0.8,3.8,2.2,85665.0,,,,,,,,,,,,
103,Central West,sa4,NSW,2016,2015-16,,,,,,,,,,,,,,,,,,,,,,,,,,,,,,,,,,,,,,,,,,,,,,,,,,,,,,,,,,,,,,,,,,,,53.0,226.0,274.0,19.0,19.0,56.0,26.0,24.0,23.0,41.0,44.0,33.0,4753670.0,24438.0,553114.0,5224662.0,41875.0,85.0,1142340.0,,,1686.2,916.2,483.8,9.6,5.4,6.1,1.3,7.2,2.1,9.9,6.9,3.8,0.9,1.4,1.1,3.5,2.7,7.1,9.2,13.2,0.9,3.9,3.7,86288.0,,,,,,,,,,,,
103,Central West,sa4,NSW,2017,2016-17,,,,,,,,,,,,,,,,,,,,,,,,,,,,,,,,,,,,,,,,,,,,,,,,,,,,,,,,,,,,,,,,,,,,60.0,231.0,297.0,21.0,15.0,59.0,42.0,27.0,31.0,25.0,49.0,31.0,,,,,,,,,,,,,,,,,,,,,,,,,,,,,,,,,,894.0,21.0,82765.0,71.0,,6671.0,13.0,,3067.0,978.0,21.0,93003.0
103,Central West,sa4,NSW,2018,2017-18,,,,,,,,,,,,,,,,,,,,,,,,,,,,,,,,,,,,,,,,,,,,,,,,,,,,,,,,,,,,,,,,4501.0,359990.0,282.0,280000.0,52.0,281.0,328.0,26.0,17.0,38.0,49.0,42.0,28.0,39.0,54.0,34.0,,,,,,,,,,,,,,,,,,,,,,,,,,,,,,,,,,827.0,18.0,83574.0,115.0,,6786.0,21.0,,3088.0,963.0,18.0,93948.0
103,Central West,sa4,NSW,2019,2018-19,,,,,,,,,,,,,,,,,,,,,,,,,,,,,,,,,,,,,,,,,,,,,,,,,,,,,,697.0,140.0,837.0,838.0,251.0,33.0,284.0,300.0,522.0,823.0,3811.0,370000.0,275.0,285000.0,46.0,195.0,245.0,24.0,14.0,47.0,29.0,20.0,18.0,37.0,38.0,24.0,,,,,,,,,,,,,,,,,,,,,,,,,,,,,,,,,,826.0,21.0,84379.0,128.0,,6914.0,89.0,,3177.0,1046.0,21.0,94973.0
103,Central West,sa4,NSW,2020,2019-20,12165.0,5326.0,2186.0,396.0,20073.0,,,,,,,,,,,6527.0,112.0,751.0,65.0,2947.0,478.0,1080.0,925.0,1103.0,72.0,401.0,1522.0,1291.0,478.0,41.0,190.0,876.0,200.0,1000.0,14.0,4966.0,6471.0,7474.0,756.0,239.0,167.0,,,,,,,,,,,,,668.0,135.0,803.0,805.0,265.0,31.0,296.0,313.0,170.0,483.0,3713.0,385000.0,252.0,290000.0,41.0,136.0,176.0,14.0,16.0,31.0,30.0,12.0,,24.0,34.0,21.0,,,,,,,,,,,,,,,,,,,,,,,,,,,,,,,,,,651.0,81.0,84949.0,109.0,,7023.0,15.0,,3192.0,775.0,81.0,95667.0
103,Central West,sa4,NSW,2021,2020-21,12152.0,6030.0,2132.0,377.0,20691.0,1634.0,644.0,57.0,10.0,2345.0,1392.0,302.0,75.0,15.0,1784.0,6650.0,113.0,766.0,63.0,3048.0,495.0,1069.0,963.0,1117.0,83.0,433.0,1559.0,1367.0,516.0,33.0,204.0,927.0,220.0,1055.0,10.0,5393.0,6551.0,7486.0,816.0,254.0,191.0,892.0,990.0,443.0,12.0,4.0,4.0,848.0,574.0,355.0,21.0,9.0,4.0,830.0,125.0,955.0,964.0,343.0,31.0,375.0,411.0,202.0,613.0,5489.0,430000.0,408.0,325000.0,4.0,88.0,97.0,13.0,4.0,9.0,20.0,10.0,4.0,4.0,20.0,10.0,5170998.6,20450.0,449869.6,4922161.2,6494.4,1457.0,1462285.3,2066.5,1072.0,2427.1,1547.6,565.2,8.6,6.0,5.7,1.2,7.8,2.0,8.9,6.7,3.6,0.7,1.3,1.1,3.6,2.7,7.3,9.3,14.9,0.9,3.9,3.7,95519.0,608.0,33.0,85524.0,88.0,,7111.0,8.0,,3200.0,704.0,33.0,96338.0
103,Central West,sa4,NSW,2022,2021-22,13025.0,6148.0,2246.0,430.0,21849.0,2054.0,777.0,83.0,4.0,2923.0,1363.0,396.0,97.0,10.0,1867.0,6854.0,117.0,817.0,66.0,3274.0,488.0,1133.0,1003.0,1159.0,103.0,472.0,1694.0,1455.0,607.0,30.0,209.0,1001.0,248.0,1104.0,8.0,5376.0,6822.0,8143.0,999.0,292.0,215.0,1095.0,1235.0,560.0,16.0,10.0,3.0,851.0,579.0,356.0,22.0,12.0,3.0,815.0,181.0,996.0,1029.0,400.0,53.0,453.0,492.0,310.0,802.0,5072.0,550000.0,351.0,389000.0,,,,,,,,,,,,,,,,,,,,,,,,,,,,,,,,,,,,,,,,,,,,,,722.0,79.0,86167.0,131.0,,7242.0,3.0,,3203.0,865.0,79.0,97124.0
103,Central West,sa4,NSW,2023,2022-23,13441.0,6098.0,2216.0,460.0,22215.0,1792.0,749.0,67.0,4.0,2612.0,1756.0,485.0,121.0,10.0,2372.0,6819.0,118.0,827.0,69.0,3459.0,510.0,1130.0,969.0,1158.0,100.0,493.0,1692.0,1461.0,651.0,32.0,226.0,1085.0,244.0,1160.0,12.0,5114.0,6983.0,8490.0,1049.0,333.0,246.0,855.0,1147.0,590.0,15.0,3.0,3.0,1022.0,793.0,536.0,23.0,5.0,5.0,781.0,139.0,920.0,934.0,429.0,45.0,474.0,504.0,235.0,740.0,3498.0,590000.0,251.0,450000.0,,,,,,,,,,,,,,,,,,,,,,,,,,,,,,,,,,,,,,,,,,,,,,,,,,,,,,,,,
103,Central West,sa4,NSW,2024,2023-24,13622.0,5969.0,2224.0,495.0,22310.0,1715.0,721.0,87.0,26.0,2548.0,1829.0,503.0,121.0,19.0,2472.0,6757.0,118.0,819.0,58.0,3477.0,495.0,1090.0,967.0,1151.0,99.0,513.0,1735.0,1471.0,674.0,34.0,208.0,1199.0,234.0,1199.0,10.0,5100.0,6900.0,8609.0,1093.0,358.0,250.0,839.0,1083.0,584.0,30.0,6.0,4.0,1065.0,773.0,598.0,30.0,3.0,4.0,625.0,95.0,720.0,733.0,362.0,30.0,392.0,421.0,329.0,750.0,,,,,,,,,,,,,,,,,,,,,,,,,,,,,,,,,,,,,,,,,,,,,,,,,,,,,,,,,,,,,
104,Coffs Harbour - Grafton,sa4,NSW,2011,2010-11,,,,,,,,,,,,,,,,,,,,,,,,,,,,,,,,,,,,,,,,,,,,,,,,,,,,,,,,,,,,,,,,,,,,,,,,,,,,,,,,359394.0,11589.0,114471.0,1520.0,157.0,46.0,,,,,,,4.8,0.4,6.3,1.1,8.8,2.7,13.3,9.4,3.8,1.1,1.9,1.7,4.1,2.9,6.9,8.6,14.8,1.4,3.9,2.1,50534.0,,,,,,,,,,,,
104,Coffs Harbour - Grafton,sa4,NSW,2016,2015-16,,,,,,,,,,,,,,,,,,,,,,,,,,,,,,,,,,,,,,,,,,,,,,,,,,,,,,,,,,,,,,,,,,,,76.0,155.0,231.0,21.0,21.0,37.0,31.0,33.0,22.0,15.0,25.0,28.0,336600.0,12708.0,112564.0,944.0,380.0,24.0,19724.0,,,250.5,161.3,64.6,5.8,0.4,4.3,0.9,9.5,1.8,11.8,9.3,3.7,1.0,1.5,1.6,4.1,3.4,6.6,8.8,16.4,1.4,3.9,3.8,52076.0,,,,,,,,,,,,
104,Coffs Harbour - Grafton,sa4,NSW,2017,2016-17,,,,,,,,,,,,,,,,,,,,,,,,,,,,,,,,,,,,,,,,,,,,,,,,,,,,,,,,,,,,,,,,,,,,42.0,144.0,190.0,7.0,16.0,30.0,17.0,20.0,17.0,20.0,30.0,28.0,,,,,,,,,,,,,,,,,,,,,,,,,,,,,,,,,,453.0,14.0,51043.0,78.0,,5913.0,115.0,,5638.0,646.0,14.0,62844.0
104,Coffs Harbour - Grafton,sa4,NSW,2018,2017-18,,,,,,,,,,,,,,,,,,,,,,,,,,,,,,,,,,,,,,,,,,,,,,,,,,,,,,,,,,,,,,,,2496.0,465000.0,686.0,352750.0,41.0,161.0,206.0,22.0,25.0,31.0,38.0,11.0,12.0,22.0,28.0,18.0,,,,,,,,,,,,,,,,,,,,,,,,,,,,,,,,,,463.0,14.0,51492.0,106.0,,6019.0,71.0,,5709.0,640.0,14.0,63470.0
104,Coffs Harbour - Grafton,sa4,NSW,2019,2018-19,,,,,,,,,,,,,,,,,,,,,,,,,,,,,,,,,,,,,,,,,,,,,,,,,,,,,,600.0,347.0,947.0,947.0,193.0,96.0,289.0,292.0,291.0,583.0,2116.0,475000.0,537.0,357000.0,23.0,114.0,137.0,10.0,10.0,17.0,31.0,13.0,10.0,10.0,19.0,20.0,,,,,,,,,,,,,,,,,,,,,,,,,,,,,,,,,,525.0,12.0,52005.0,116.0,,6135.0,15.0,,5724.0,656.0,12.0,64114.0
104,Coffs Harbour - Grafton,sa4,NSW,2020,2019-20,6398.0,3059.0,1208.0,255.0,10920.0,,,,,,,,,,,1917.0,34.0,434.0,30.0,2011.0,249.0,697.0,626.0,565.0,53.0,259.0,971.0,951.0,405.0,29.0,170.0,772.0,160.0,575.0,12.0,2597.0,3733.0,3973.0,409.0,131.0,77.0,,,,,,,,,,,,,385.0,106.0,491.0,492.0,145.0,25.0,170.0,178.0,106.0,284.0,2085.0,499000.0,573.0,368000.0,31.0,80.0,111.0,13.0,7.0,14.0,14.0,3.0,6.0,13.0,21.0,16.0,,,,,,,,,,,,,,,,,,,,,,,,,,,,,,,,,,498.0,193.0,52310.0,70.0,1.0,6204.0,59.0,,5783.0,627.0,194.0,64547.0
104,Coffs Harbour - Grafton,sa4,NSW,2021,2020-21,6341.0,3587.0,1253.0,247.0,11428.0,1024.0,482.0,49.0,7.0,1562.0,872.0,216.0,45.0,5.0,1138.0,1980.0,31.0,441.0,31.0,2141.0,249.0,715.0,674.0,574.0,59.0,255.0,1001.0,1004.0,441.0,30.0,176.0,834.0,168.0,615.0,9.0,2898.0,3832.0,4084.0,409.0,135.0,70.0,606.0,629.0,316.0,8.0,,3.0,474.0,428.0,234.0,12.0,4.0,3.0,550.0,204.0,754.0,763.0,218.0,81.0,298.0,311.0,200.0,510.0,2864.0,585000.0,753.0,439500.0,13.0,46.0,63.0,3.0,7.0,13.0,11.0,10.0,3.0,,3.0,20.0,350436.1,10362.2,118523.4,804.1,411.1,9.8,11731.6,549.1,783.6,422.1,317.0,80.4,5.8,0.5,3.8,0.9,9.6,1.7,10.5,8.8,3.2,0.7,1.4,1.4,4.2,3.6,7.1,9.1,18.2,1.3,3.9,4.1,59192.0,381.0,33.0,52658.0,83.0,1.0,6286.0,1.0,,5784.0,465.0,34.0,64978.0
104,Coffs Harbour - Grafton,sa4,NSW,2022,2021-22,6781.0,3587.0,1337.0,270.0,11976.0,1194.0,453.0,65.0,9.0,1713.0,884.0,295.0,74.0,3.0,1260.0,2009.0,34.0,462.0,34.0,2283.0,266.0,737.0,690.0,588.0,77.0,238.0,1059.0,1078.0,488.0,28.0,176.0,916.0,172.0,637.0,12.0,2812.0,4133.0,4362.0,439.0,146.0,87.0,615.0,774.0,311.0,14.0,3.0,3.0,476.0,430.0,234.0,11.0,5.0,3.0,557.0,330.0,887.0,888.0,230.0,117.0,347.0,359.0,123.0,482.0,2605.0,736000.0,735.0,555000.0,,,,,,,,,,,,,,,,,,,,,,,,,,,,,,,,,,,,,,,,,,,,,,423.0,54.0,53027.0,74.0,2.0,6358.0,4.0,,5788.0,503.0,56.0,65425.0
104,Coffs Harbour - Grafton,sa4,NSW,2023,2022-23,7025.0,3562.0,1314.0,281.0,12182.0,1118.0,466.0,43.0,6.0,1633.0,1113.0,350.0,85.0,16.0,1564.0,1987.0,36.0,463.0,39.0,2395.0,268.0,713.0,668.0,580.0,73.0,240.0,1032.0,1130.0,506.0,34.0,193.0,968.0,177.0,673.0,7.0,2680.0,4187.0,4570.0,491.0,154.0,100.0,487.0,768.0,365.0,11.0,3.0,3.0,659.0,551.0,345.0,14.0,4.0,,470.0,144.0,614.0,614.0,223.0,53.0,276.0,293.0,110.0,402.0,1886.0,755000.0,495.0,540000.0,,,,,,,,,,,,,,,,,,,,,,,,,,,,,,,,,,,,,,,,,,,,,,,,,,,,,,,,,
104,Coffs Harbour - Grafton,sa4,NSW,2024,2023-24,7245.0,3495.0,1292.0,300.0,12332.0,1142.0,426.0,52.0,9.0,1632.0,1111.0,330.0,84.0,12.0,1537.0,1972.0,35.0,462.0,35.0,2423.0,269.0,713.0,656.0,590.0,77.0,240.0,1071.0,1128.0,520.0,29.0,197.0,1046.0,171.0,674.0,6.0,2668.0,4178.0,4672.0,531.0,186.0,97.0,487.0,771.0,349.0,14.0,4.0,,641.0,535.0,338.0,19.0,3.0,4.0,579.0,117.0,696.0,696.0,271.0,39.0,310.0,324.0,150.0,474.0,,,,,,,,,,,,,,,,,,,,,,,,,,,,,,,,,,,,,,,,,,,,,,,,,,,,,,,,,,,,,
105,Far West and Orana,sa4,NSW,2011,2010-11,,,,,,,,,,,,,,,,,,,,,,,,,,,,,,,,,,,,,,,,,,,,,,,,,,,,,,,,,,,,,,,,,,,,,,,,,,,,,,,,25478358.0,7282.0,721791.0,5776664.0,8432.0,20702.0,,,,,,,13.5,4.0,4.5,1.6,5.8,3.0,10.6,6.8,4.2,0.8,1.5,0.9,3.1,2.3,7.8,9.0,13.2,1.2,3.8,2.3,48086.0,,,,,,,,,,,,
105,Far West and Orana,sa4,NSW,2016,2015-16,,,,,,,,,,,,,,,,,,,,,,,,,,,,,,,,,,,,,,,,,,,,,,,,,,,,,,,,,,,,,,,,,,,,44.0,146.0,189.0,20.0,15.0,16.0,32.0,15.0,15.0,19.0,29.0,30.0,25114759.0,9578.0,688922.0,5910799.0,9599.0,19969.0,1098910.0,,,1548.7,778.0,542.3,12.7,4.2,3.8,1.3,6.4,2.3,9.6,7.0,3.7,0.8,1.3,0.9,3.1,2.6,7.7,9.5,14.1,1.2,3.9,3.8,46712.0,,,,,,,,,,,,
105,Far West and Orana,sa4,NSW,2017,2016-17,,,,,,,,,,,,,,,,,,,,,,,,,,,,,,,,,,,,,,,,,,,,,,,,,,,,,,,,,,,,,,,,,,,,29.0,153.0,177.0,10.0,10.0,29.0,43.0,15.0,18.0,14.0,29.0,15.0,,,,,,,,,,,,,,,,,,,,,,,,,,,,,,,,,,336.0,4.0,46681.0,84.0,,2608.0,1.0,,2494.0,429.0,4.0,51951.0
105,Far West and Orana,sa4,NSW,2018,2017-18,,,,,,,,,,,,,,,,,,,,,,,,,,,,,,,,,,,,,,,,,,,,,,,,,,,,,,,,,,,,,,,,1923.0,245000.0,63.0,276500.0,31.0,162.0,191.0,10.0,13.0,17.0,42.0,14.0,19.0,23.0,19.0,23.0,,,,,,,,,,,,,,,,,,,,,,,,,,,,,,,,,,296.0,4.0,46973.0,77.0,,2685.0,3.0,,2497.0,376.0,4.0,52323.0
105,Far West and Orana,sa4,NSW,2019,2018-19,,,,,,,,,,,,,,,,,,,,,,,,,,,,,,,,,,,,,,,,,,,,,,,,,,,,,,266.0,81.0,347.0,386.0,93.0,18.0,111.0,126.0,154.0,280.0,1766.0,250000.0,38.0,255000.0,27.0,109.0,142.0,8.0,10.0,16.0,22.0,16.0,12.0,13.0,33.0,13.0,,,,,,,,,,,,,,,,,,,,,,,,,,,,,,,,,,355.0,5.0,47323.0,90.0,,2775.0,2.0,,2499.0,447.0,5.0,52765.0
105,Far West and Orana,sa4,NSW,2020,2019-20,7242.0,2980.0,1144.0,207.0,11573.0,,,,,,,,,,,4308.0,83.0,280.0,51.0,1605.0,265.0,592.0,587.0,652.0,29.0,193.0,865.0,549.0,265.0,23.0,107.0,457.0,81.0,569.0,12.0,2699.0,3719.0,4557.0,398.0,106.0,94.0,,,,,,,,,,,,,206.0,77.0,283.0,286.0,71.0,18.0,89.0,99.0,106.0,205.0,1714.0,255000.0,74.0,314500.0,25.0,131.0,154.0,9.0,10.0,12.0,29.0,23.0,12.0,13.0,21.0,15.0,,,,,,,,,,,,,,,,,,,,,,,,,,,,,,,,,,254.0,12.0,47565.0,85.0,7.0,2853.0,,,2499.0,339.0,19.0,53085.0
105,Far West and Orana,sa4,NSW,2021,2020-21,7236.0,3309.0,1131.0,195.0,11871.0,912.0,342.0,41.0,4.0,1299.0,773.0,144.0,36.0,4.0,957.0,4359.0,81.0,297.0,53.0,1636.0,270.0,602.0,605.0,679.0,28.0,206.0,898.0,553.0,281.0,24.0,111.0,482.0,78.0,615.0,13.0,3005.0,3680.0,4472.0,488.0,140.0,86.0,511.0,532.0,247.0,7.0,3.0,,434.0,302.0,211.0,6.0,4.0,,421.0,63.0,484.0,519.0,139.0,14.0,154.0,177.0,177.0,354.0,2713.0,260000.0,72.0,305000.0,4.0,70.0,71.0,9.0,5.0,4.0,12.0,,,9.0,12.0,17.0,24612969.9,6723.3,527297.6,4873231.0,9781.7,937.2,1733595.7,544.0,323.0,2473.1,1692.8,601.2,11.2,4.2,3.6,1.4,7.3,2.2,8.8,6.7,3.6,0.6,1.2,0.9,2.9,2.5,7.8,9.9,16.7,1.2,3.5,4.0,49502.0,225.0,18.0,47772.0,57.0,,2910.0,3.0,,2502.0,285.0,18.0,53352.0
105,Far West and Orana,sa4,NSW,2022,2021-22,7644.0,3355.0,1203.0,222.0,12424.0,1168.0,391.0,41.0,5.0,1601.0,847.0,179.0,52.0,8.0,1089.0,4494.0,79.0,301.0,59.0,1750.0,273.0,601.0,608.0,739.0,33.0,225.0,953.0,585.0,326.0,27.0,112.0,502.0,89.0,654.0,13.0,2698.0,3607.0,5140.0,648.0,210.0,127.0,528.0,641.0,406.0,18.0,6.0,,430.0,304.0,211.0,8.0,4.0,,328.0,93.0,421.0,426.0,132.0,24.0,156.0,164.0,142.0,306.0,2947.0,275000.0,96.0,342500.0,,,,,,,,,,,,,,,,,,,,,,,,,,,,,,,,,,,,,,,,,,,,,,354.0,19.0,48107.0,111.0,3.0,3018.0,7.0,,2509.0,472.0,22.0,53802.0
105,Far West and Orana,sa4,NSW,2023,2022-23,7937.0,3241.0,1182.0,244.0,12604.0,1127.0,363.0,35.0,8.0,1533.0,1019.0,300.0,53.0,4.0,1376.0,4515.0,86.0,312.0,54.0,1743.0,272.0,598.0,594.0,739.0,31.0,232.0,988.0,603.0,368.0,25.0,126.0,536.0,103.0,669.0,10.0,2678.0,3651.0,5222.0,709.0,205.0,139.0,489.0,702.0,329.0,8.0,3.0,3.0,581.0,429.0,314.0,26.0,7.0,4.0,368.0,60.0,428.0,460.0,161.0,20.0,182.0,209.0,174.0,383.0,2256.0,290000.0,83.0,352500.0,,,,,,,,,,,,,,,,,,,,,,,,,,,,,,,,,,,,,,,,,,,,,,,,,,,,,,,,,
105,Far West and Orana,sa4,NSW,2024,2023-24,8072.0,3150.0,1236.0,226.0,12684.0,1049.0,340.0,47.0,,1443.0,1026.0,235.0,73.0,13.0,1347.0,4432.0,85.0,317.0,53.0,1799.0,273.0,573.0,575.0,748.0,30.0,240.0,1026.0,630.0,362.0,29.0,124.0,574.0,109.0,693.0,10.0,2614.0,3684.0,5344.0,702.0,203.0,137.0,425.0,669.0,325.0,17.0,9.0,,552.0,436.0,330.0,19.0,3.0,6.0,200.0,168.0,368.0,386.0,122.0,67.0,189.0,211.0,218.0,429.0,,,,,,,,,,,,,,,,,,,,,,,,,,,,,,,,,,,,,,,,,,,,,,,,,,,,,,,,,,,,,
106,Hunter Valley exc Newcastle,sa4,NSW,2011,2010-11,,,,,,,,,,,,,,,,,,,,,,,,,,,,,,,,,,,,,,,,,,,,,,,,,,,,,,,,,,,,,,,,,,,,,,,,,,,,,,,,819309.0,36077.0,286010.0,190266.0,271.0,4044691.0,,,,,,,3.4,9.2,10.1,1.7,7.9,2.9,10.7,7.8,4.3,0.6,1.7,1.6,4.2,3.1,6.3,6.1,10.2,1.1,4.8,2.3,107289.0,,,,,,,,,,,,
106,Hunter Valley exc Newcastle,sa4,NSW,2016,2015-16,,,,,,,,,,,,,,,,,,,,,,,,,,,,,,,,,,,,,,,,,,,,,,,,,,,,,,,,,,,,,,,,,,,,98.0,341.0,441.0,31.0,28.0,75.0,48.0,34.0,35.0,54.0,75.0,68.0,870710.0,22582.0,301931.0,220193.0,2944.0,2619908.0,8987.0,,,362.1,31.5,256.3,3.4,9.0,6.7,1.6,8.5,2.0,10.1,8.1,4.4,0.6,1.8,1.5,4.1,3.7,6.6,6.7,11.7,1.0,4.5,3.9,110962.0,,,,,,,,,,,,
106,Hunter Valley exc Newcastle,sa4,NSW,2017,2016-17,,,,,,,,,,,,,,,,,,,,,,,,,,,,,,,,,,,,,,,,,,,,,,,,,,,,,,,,,,,,,,,,,,,,81.0,352.0,435.0,32.0,29.0,72.0,45.0,35.0,32.0,59.0,59.0,61.0,,,,,,,,,,,,,,,,,,,,,,,,,,,,,,,,,,1398.0,49.0,99737.0,240.0,,12481.0,39.0,,4280.0,1677.0,49.0,116657.0
106,Hunter Valley exc Newcastle,sa4,NSW,2018,2017-18,,,,,,,,,,,,,,,,,,,,,,,,,,,,,,,,,,,,,,,,,,,,,,,,,,,,,,,,,,,,,,,,5715.0,440500.0,935.0,346000.0,70.0,360.0,421.0,28.0,32.0,72.0,50.0,37.0,31.0,61.0,70.0,46.0,,,,,,,,,,,,,,,,,,,,,,,,,,,,,,,,,,1439.0,54.0,101122.0,188.0,,12669.0,122.0,,4402.0,1749.0,54.0,118352.0
106,Hunter Valley exc Newcastle,sa4,NSW,2019,2018-19,,,,,,,,,,,,,,,,,,,,,,,,,,,,,,,,,,,,,,,,,,,,,,,,,,,,,,1841.0,273.0,2114.0,2121.0,624.0,59.0,683.0,700.0,400.0,1100.0,4799.0,450000.0,703.0,348000.0,65.0,284.0,347.0,23.0,27.0,57.0,32.0,37.0,29.0,52.0,42.0,32.0,,,,,,,,,,,,,,,,,,,,,,,,,,,,,,,,,,1836.0,52.0,102906.0,223.0,,12892.0,76.0,,4478.0,2135.0,52.0,120435.0
106,Hunter Valley exc Newcastle,sa4,NSW,2020,2019-20,10407.0,5293.0,2076.0,534.0,18310.0,,,,,,,,,,,2902.0,92.0,813.0,55.0,3327.0,417.0,1134.0,932.0,1174.0,68.0,461.0,1788.0,1726.0,747.0,45.0,252.0,902.0,264.0,1190.0,21.0,4803.0,5971.0,6286.0,770.0,257.0,223.0,,,,,,,,,,,,,1900.0,366.0,2266.0,2271.0,632.0,81.0,714.0,732.0,803.0,1534.0,5187.0,453750.0,735.0,355000.0,54.0,231.0,284.0,22.0,13.0,54.0,39.0,26.0,15.0,32.0,44.0,31.0,,,,,,,,,,,,,,,,,,,,,,,,,,,,,,,,,,1725.0,76.0,104555.0,221.0,2.0,13111.0,,1.0,4477.0,1946.0,79.0,122302.0
106,Hunter Valley exc Newcastle,sa4,NSW,2021,2020-21,10347.0,6173.0,2163.0,529.0,19212.0,1728.0,915.0,66.0,4.0,2713.0,1479.0,388.0,67.0,12.0,1946.0,2969.0,95.0,848.0,64.0,3524.0,438.0,1156.0,1006.0,1232.0,71.0,492.0,1841.0,1855.0,807.0,45.0,275.0,966.0,271.0,1236.0,21.0,5360.0,6190.0,6374.0,780.0,274.0,234.0,1158.0,1052.0,490.0,12.0,3.0,,946.0,648.0,370.0,19.0,5.0,4.0,2162.0,927.0,3089.0,3095.0,767.0,214.0,982.0,1005.0,344.0,1350.0,7542.0,500000.0,1194.0,392000.0,27.0,135.0,165.0,14.0,14.0,18.0,16.0,14.0,14.0,19.0,27.0,26.0,826768.7,21632.7,260691.6,186765.3,2769.2,3262011.9,18438.7,155.4,788.6,395.7,50.3,252.0,3.0,8.2,6.3,1.5,9.1,2.4,9.4,7.6,4.1,0.5,1.8,1.2,4.3,4.0,6.3,7.0,13.8,1.0,4.3,4.0,130822.0,1735.0,93.0,106197.0,416.0,,13527.0,32.0,,4509.0,2183.0,93.0,124392.0
106,Hunter Valley exc Newcastle,sa4,NSW,2022,2021-22,11056.0,6470.0,2262.0,571.0,20357.0,2052.0,993.0,82.0,3.0,3127.0,1526.0,557.0,103.0,15.0,2203.0,3100.0,106.0,872.0,64.0,3744.0,479.0,1195.0,1055.0,1248.0,87.0,515.0,1907.0,1931.0,929.0,47.0,293.0,1101.0,296.0,1371.0,15.0,5313.0,6560.0,7054.0,877.0,304.0,254.0,1188.0,1322.0,602.0,14.0,,5.0,946.0,648.0,373.0,18.0,4.0,5.0,2508.0,483.0,2991.0,3014.0,957.0,121.0,1079.0,1114.0,447.0,1561.0,7165.0,645000.0,1256.0,460000.0,,,,,,,,,,,,,,,,,,,,,,,,,,,,,,,,,,,,,,,,,,,,,,1860.0,197.0,107860.0,317.0,,13844.0,2.0,,4511.0,2179.0,197.0,126374.0
106,Hunter Valley exc Newcastle,sa4,NSW,2023,2022-23,11585.0,6428.0,2267.0,614.0,20894.0,1954.0,1013.0,81.0,7.0,3055.0,1897.0,691.0,129.0,19.0,2736.0,3108.0,115.0,893.0,57.0,3877.0,459.0,1165.0,1038.0,1309.0,89.0,546.0,1946.0,1994.0,957.0,46.0,300.0,1149.0,323.0,1503.0,20.0,5031.0,6758.0,7570.0,905.0,339.0,291.0,1049.0,1313.0,671.0,16.0,4.0,,1266.0,902.0,573.0,27.0,7.0,5.0,1873.0,940.0,2813.0,2813.0,790.0,324.0,1114.0,1150.0,468.0,1618.0,5073.0,680000.0,896.0,515000.0,,,,,,,,,,,,,,,,,,,,,,,,,,,,,,,,,,,,,,,,,,,,,,,,,,,,,,,,,
106,Hunter Valley exc Newcastle,sa4,NSW,2024,2023-24,11952.0,6545.0,2305.0,661.0,21463.0,2064.0,981.0,91.0,6.0,3143.0,1994.0,624.0,116.0,13.0,2747.0,3137.0,119.0,900.0,55.0,3901.0,441.0,1183.0,1020.0,1357.0,102.0,568.0,1999.0,2081.0,993.0,50.0,302.0,1296.0,344.0,1597.0,8.0,5053.0,6860.0,7869.0,969.0,377.0,335.0,1036.0,1365.0,704.0,27.0,5.0,3.0,1184.0,956.0,554.0,33.0,5.0,4.0,1704.0,721.0,2425.0,2425.0,761.0,216.0,977.0,1009.0,371.0,1379.0,,,,,,,,,,,,,,,,,,,,,,,,,,,,,,,,,,,,,,,,,,,,,,,,,,,,,,,,,,,,,
107,Illawarra,sa4,NSW,2011,2010-11,,,,,,,,,,,,,,,,,,,,,,,,,,,,,,,,,,,,,,,,,,,,,,,,,,,,,,,,,,,,,,,,,,,,,,,,,,,,,,,,11388.0,11135.0,2736.0,5769.0,2.0,,,,,,,,0.4,2.6,9.9,1.1,7.9,2.6,10.5,7.2,5.1,1.2,3.6,1.5,5.2,3.1,7.0,10.4,13.3,1.4,4.0,2.0,119423.0,,,,,,,,,,,,
107,Illawarra,sa4,NSW,2016,2015-16,,,,,,,,,,,,,,,,,,,,,,,,,,,,,,,,,,,,,,,,,,,,,,,,,,,,,,,,,,,,,,,,,,,,58.0,240.0,293.0,30.0,21.0,50.0,32.0,34.0,28.0,21.0,43.0,38.0,7050.0,8573.0,2057.0,,2.0,737.0,,,,23.9,1.5,5.5,0.5,2.0,6.0,1.1,9.5,2.0,10.1,7.5,4.6,1.1,3.5,1.5,5.3,3.4,7.3,10.9,14.7,1.4,4.0,3.7,127328.0,,,,,,,,,,,,
107,Illawarra,sa4,NSW,2017,2016-17,,,,,,,,,,,,,,,,,,,,,,,,,,,,,,,,,,,,,,,,,,,,,,,,,,,,,,,,,,,,,,,,,,,,75.0,275.0,354.0,27.0,22.0,47.0,54.0,44.0,24.0,37.0,49.0,44.0,,,,,,,,,,,,,,,,,,,,,,,,,,,,,,,,,,884.0,222.0,88153.0,558.0,1.0,14578.0,756.0,,18839.0,2200.0,223.0,121888.0
107,Illawarra,sa4,NSW,2018,2017-18,,,,,,,,,,,,,,,,,,,,,,,,,,,,,,,,,,,,,,,,,,,,,,,,,,,,,,,,,,,,,,,,3756.0,740000.0,1635.0,590000.0,55.0,256.0,310.0,26.0,22.0,56.0,60.0,32.0,26.0,26.0,40.0,26.0,,,,,,,,,,,,,,,,,,,,,,,,,,,,,,,,,,908.0,302.0,88759.0,481.0,,15059.0,484.0,5.0,19318.0,1874.0,307.0,123455.0
107,Illawarra,sa4,NSW,2019,2018-19,,,,,,,,,,,,,,,,,,,,,,,,,,,,,,,,,,,,,,,,,,,,,,,,,,,,,,1236.0,1113.0,2349.0,2353.0,524.0,331.0,855.0,867.0,389.0,1256.0,3133.0,700000.0,1324.0,570000.0,47.0,242.0,291.0,27.0,26.0,39.0,43.0,30.0,36.0,33.0,37.0,24.0,,,,,,,,,,,,,,,,,,,,,,,,,,,,,,,,,,1105.0,342.0,89522.0,780.0,,15839.0,498.0,4.0,19812.0,2385.0,346.0,125494.0
107,Illawarra,sa4,NSW,2020,2019-20,10252.0,5978.0,2082.0,449.0,18761.0,,,,,,,,,,,329.0,37.0,709.0,48.0,4040.0,469.0,1278.0,953.0,1225.0,191.0,664.0,1890.0,2429.0,787.0,71.0,377.0,1755.0,351.0,1145.0,13.0,4078.0,6515.0,6981.0,717.0,267.0,203.0,,,,,,,,,,,,,908.0,1137.0,2045.0,2056.0,393.0,337.0,730.0,746.0,214.0,959.0,3632.0,705000.0,1573.0,570000.0,54.0,180.0,234.0,24.0,16.0,31.0,34.0,22.0,25.0,24.0,41.0,18.0,,,,,,,,,,,,,,,,,,,,,,,,,,,,,,,,,,1143.0,321.0,90344.0,541.0,2.0,16378.0,566.0,25.0,20353.0,2252.0,348.0,127398.0
107,Illawarra,sa4,NSW,2021,2020-21,10155.0,7053.0,2121.0,463.0,19792.0,1957.0,1053.0,67.0,6.0,3083.0,1637.0,434.0,106.0,15.0,2192.0,334.0,40.0,731.0,44.0,4330.0,482.0,1333.0,1023.0,1177.0,200.0,690.0,1981.0,2569.0,877.0,73.0,404.0,1852.0,406.0,1231.0,15.0,4771.0,6613.0,7174.0,754.0,270.0,210.0,1198.0,1264.0,594.0,14.0,10.0,3.0,976.0,754.0,450.0,27.0,9.0,4.0,1221.0,1240.0,2461.0,2472.0,556.0,395.0,951.0,965.0,330.0,1295.0,4676.0,799000.0,2535.0,600000.0,25.0,92.0,117.0,11.0,9.0,16.0,16.0,12.0,3.0,9.0,23.0,20.0,9664.0,10414.9,2949.3,55.2,,222.4,,1.9,21.4,38.4,3.9,8.3,0.4,1.9,5.9,1.0,10.1,1.7,8.9,7.0,4.5,1.0,3.3,1.3,6.1,3.1,7.3,10.6,17.2,1.4,3.7,3.5,142732.0,929.0,369.0,90904.0,826.0,4.0,17200.0,654.0,1.0,21006.0,2409.0,374.0,129433.0
107,Illawarra,sa4,NSW,2022,2021-22,11076.0,7322.0,2270.0,488.0,21157.0,2435.0,1076.0,75.0,9.0,3595.0,1704.0,605.0,101.0,11.0,2423.0,340.0,38.0,763.0,52.0,4712.0,497.0,1400.0,1066.0,1200.0,210.0,717.0,2113.0,2791.0,963.0,82.0,446.0,2008.0,420.0,1317.0,20.0,4767.0,7224.0,7774.0,859.0,313.0,219.0,1266.0,1554.0,745.0,17.0,9.0,3.0,966.0,753.0,444.0,30.0,8.0,3.0,914.0,1382.0,2296.0,2331.0,501.0,511.0,1012.0,1036.0,188.0,1223.0,4119.0,1005000.0,2206.0,702500.0,,,,,,,,,,,,,,,,,,,,,,,,,,,,,,,,,,,,,,,,,,,,,,1017.0,411.0,91510.0,450.0,7.0,17643.0,585.0,,21591.0,2053.0,418.0,131068.0
107,Illawarra,sa4,NSW,2023,2022-23,11571.0,7243.0,2307.0,528.0,21649.0,2272.0,1075.0,73.0,8.0,3428.0,2303.0,816.0,164.0,14.0,3297.0,328.0,44.0,761.0,57.0,4775.0,503.0,1398.0,1055.0,1263.0,196.0,748.0,2139.0,2924.0,1007.0,92.0,442.0,2126.0,456.0,1320.0,15.0,4443.0,7301.0,8363.0,929.0,325.0,288.0,1087.0,1539.0,777.0,15.0,3.0,7.0,1343.0,1143.0,711.0,41.0,9.0,8.0,794.0,1282.0,2076.0,2128.0,525.0,549.0,1074.0,1124.0,511.0,1636.0,3291.0,975000.0,1591.0,715500.0,,,,,,,,,,,,,,,,,,,,,,,,,,,,,,,,,,,,,,,,,,,,,,,,,,,,,,,,,
107,Illawarra,sa4,NSW,2024,2023-24,12247.0,7174.0,2349.0,577.0,22347.0,2491.0,1114.0,76.0,8.0,3694.0,2176.0,792.0,121.0,12.0,3101.0,331.0,51.0,778.0,53.0,4821.0,516.0,1364.0,1059.0,1358.0,208.0,789.0,2219.0,3054.0,1032.0,97.0,455.0,2355.0,482.0,1317.0,14.0,4481.0,7404.0,8750.0,1026.0,382.0,304.0,1175.0,1668.0,824.0,15.0,8.0,5.0,1213.0,1128.0,712.0,32.0,5.0,9.0,733.0,896.0,1629.0,1629.0,489.0,437.0,926.0,940.0,225.0,1165.0,,,,,,,,,,,,,,,,,,,,,,,,,,,,,,,,,,,,,,,,,,,,,,,,,,,,,,,,,,,,,
108,Mid North Coast,sa4,NSW,2011,2010-11,,,,,,,,,,,,,,,,,,,,,,,,,,,,,,,,,,,,,,,,,,,,,,,,,,,,,,,,,,,,,,,,,,,,,,,,,,,,,,,,404339.0,45462.0,151883.0,2460.0,3350.0,919214.0,,,,,,,4.3,0.8,6.7,2.5,9.0,2.5,13.5,9.0,3.9,0.9,1.8,1.7,3.8,3.2,5.2,8.4,15.7,1.3,4.0,2.1,71303.0,,,,,,,,,,,,
108,Mid North Coast,sa4,NSW,2016,2015-16,,,,,,,,,,,,,,,,,,,,,,,,,,,,,,,,,,,,,,,,,,,,,,,,,,,,,,,,,,,,,,,,,,,,75.0,222.0,298.0,30.0,23.0,40.0,53.0,25.0,22.0,22.0,35.0,53.0,344393.0,47378.0,134901.0,1939.0,1442.0,1161475.0,2203.0,,,305.5,49.2,139.1,4.4,0.7,4.9,2.0,10.2,1.6,12.0,9.1,3.8,0.7,1.5,1.7,3.8,3.6,5.1,8.9,17.2,1.2,3.9,3.7,74159.0,,,,,,,,,,,,
108,Mid North Coast,sa4,NSW,2017,2016-17,,,,,,,,,,,,,,,,,,,,,,,,,,,,,,,,,,,,,,,,,,,,,,,,,,,,,,,,,,,,,,,,,,,,55.0,195.0,250.0,21.0,23.0,26.0,24.0,25.0,24.0,20.0,44.0,34.0,,,,,,,,,,,,,,,,,,,,,,,,,,,,,,,,,,948.0,50.0,83469.0,187.0,,10019.0,110.0,,10433.0,1245.0,50.0,104146.0
108,Mid North Coast,sa4,NSW,2018,2017-18,,,,,,,,,,,,,,,,,,,,,,,,,,,,,,,,,,,,,,,,,,,,,,,,,,,,,,,,,,,,,,,,4289.0,480000.0,1086.0,360000.0,60.0,247.0,307.0,19.0,22.0,37.0,49.0,27.0,16.0,26.0,49.0,52.0,,,,,,,,,,,,,,,,,,,,,,,,,,,,,,,,,,1065.0,32.0,84502.0,184.0,,10203.0,9.0,,10442.0,1258.0,32.0,105372.0
108,Mid North Coast,sa4,NSW,2019,2018-19,,,,,,,,,,,,,,,,,,,,,,,,,,,,,,,,,,,,,,,,,,,,,,,,,,,,,,919.0,471.0,1390.0,1393.0,325.0,123.0,448.0,455.0,248.0,703.0,3487.0,470000.0,912.0,380000.0,64.0,188.0,254.0,27.0,13.0,50.0,37.0,24.0,18.0,30.0,27.0,27.0,,,,,,,,,,,,,,,,,,,,,,,,,,,,,,,,,,1087.0,28.0,85561.0,161.0,,10364.0,63.0,,10505.0,1316.0,28.0,106660.0
108,Mid North Coast,sa4,NSW,2020,2019-20,9864.0,4454.0,1660.0,319.0,16297.0,,,,,,,,,,,3071.0,34.0,595.0,46.0,3263.0,334.0,1066.0,875.0,873.0,71.0,388.0,1407.0,1254.0,572.0,42.0,212.0,1131.0,201.0,855.0,7.0,4352.0,5685.0,5463.0,534.0,153.0,110.0,,,,,,,,,,,,,829.0,254.0,1083.0,1084.0,310.0,59.0,370.0,375.0,224.0,599.0,3742.0,485000.0,1006.0,387000.0,38.0,120.0,160.0,14.0,16.0,15.0,29.0,9.0,10.0,16.0,27.0,28.0,,,,,,,,,,,,,,,,,,,,,,,,,,,,,,,,,,900.0,326.0,86135.0,193.0,,10557.0,112.0,,10617.0,1205.0,326.0,107539.0
108,Mid North Coast,sa4,NSW,2021,2020-21,9855.0,5035.0,1756.0,301.0,16947.0,1437.0,585.0,60.0,5.0,2087.0,1297.0,284.0,62.0,6.0,1649.0,3096.0,33.0,621.0,50.0,3408.0,337.0,1129.0,914.0,854.0,78.0,409.0,1433.0,1337.0,604.0,41.0,225.0,1253.0,218.0,900.0,7.0,4672.0,5793.0,5613.0,591.0,170.0,108.0,816.0,918.0,338.0,10.0,4.0,,777.0,576.0,315.0,4.0,3.0,5.0,1093.0,333.0,1426.0,1448.0,423.0,106.0,529.0,547.0,125.0,672.0,5325.0,558000.0,1552.0,440000.0,34.0,71.0,107.0,6.0,3.0,14.0,16.0,6.0,12.0,11.0,15.0,24.0,362809.8,48271.5,129173.5,7355.8,2353.1,1155604.3,2226.3,56.5,2048.1,408.2,93.7,145.7,4.1,0.7,4.4,1.8,10.0,1.5,11.0,8.9,3.4,0.6,1.5,1.4,3.8,3.6,5.2,9.4,19.7,1.1,3.8,3.9,85976.0,800.0,75.0,86860.0,203.0,,10760.0,91.0,24.0,10684.0,1094.0,99.0,108534.0
108,Mid North Coast,sa4,NSW,2022,2021-22,10563.0,5194.0,1788.0,363.0,17901.0,1786.0,651.0,51.0,4.0,2499.0,1272.0,431.0,110.0,8.0,1824.0,3209.0,36.0,644.0,56.0,3601.0,348.0,1160.0,963.0,883.0,81.0,434.0,1478.0,1452.0,704.0,37.0,225.0,1387.0,214.0,973.0,3.0,4670.0,6170.0,6086.0,656.0,199.0,121.0,890.0,1162.0,426.0,11.0,,3.0,778.0,572.0,313.0,5.0,3.0,6.0,1588.0,230.0,1818.0,1852.0,643.0,61.0,703.0,732.0,191.0,923.0,5020.0,696750.0,1271.0,530000.0,,,,,,,,,,,,,,,,,,,,,,,,,,,,,,,,,,,,,,,,,,,,,,1006.0,123.0,87743.0,241.0,,11001.0,21.0,,10705.0,1271.0,123.0,109682.0
108,Mid North Coast,sa4,NSW,2023,2022-23,11045.0,5148.0,1865.0,401.0,18459.0,1714.0,670.0,77.0,9.0,2470.0,1683.0,495.0,108.0,6.0,2292.0,3229.0,36.0,668.0,51.0,3780.0,356.0,1154.0,986.0,881.0,84.0,443.0,1484.0,1519.0,762.0,44.0,248.0,1491.0,227.0,1010.0,6.0,4555.0,6323.0,6485.0,711.0,233.0,152.0,783.0,1122.0,542.0,19.0,3.0,3.0,964.0,820.0,516.0,24.0,3.0,,1353.0,403.0,1756.0,1760.0,604.0,144.0,748.0,764.0,305.0,1069.0,3372.0,730000.0,936.0,560000.0,,,,,,,,,,,,,,,,,,,,,,,,,,,,,,,,,,,,,,,,,,,,,,,,,,,,,,,,,
108,Mid North Coast,sa4,NSW,2024,2023-24,11339.0,5099.0,1859.0,410.0,18707.0,1672.0,640.0,77.0,8.0,2394.0,1722.0,491.0,119.0,13.0,2345.0,3163.0,37.0,660.0,51.0,3881.0,360.0,1135.0,982.0,882.0,95.0,453.0,1495.0,1537.0,768.0,57.0,255.0,1638.0,242.0,1020.0,4.0,4651.0,6268.0,6662.0,711.0,243.0,172.0,755.0,1116.0,507.0,16.0,3.0,3.0,964.0,847.0,489.0,33.0,14.0,6.0,1239.0,264.0,1503.0,1503.0,560.0,109.0,669.0,691.0,144.0,835.0,,,,,,,,,,,,,,,,,,,,,,,,,,,,,,,,,,,,,,,,,,,,,,,,,,,,,,,,,,,,,
109,Murray,sa4,NSW,2011,2010-11,,,,,,,,,,,,,,,,,,,,,,,,,,,,,,,,,,,,,,,,,,,,,,,,,,,,,,,,,,,,,,,,,,,,,,,,,,,,,,,,8123654.0,62176.0,301643.0,3322114.0,219051.0,,,,,,,,11.4,0.4,10.8,1.2,7.6,3.0,11.1,7.8,4.5,0.9,1.7,1.0,3.7,2.4,6.3,7.5,11.8,1.0,3.5,2.4,49885.0,,,,,,,,,,,,
109,Murray,sa4,NSW,2016,2015-16,,,,,,,,,,,,,,,,,,,,,,,,,,,,,,,,,,,,,,,,,,,,,,,,,,,,,,,,,,,,,,,,,,,,32.0,133.0,163.0,10.0,8.0,28.0,20.0,15.0,19.0,20.0,32.0,23.0,8357208.0,63939.0,336467.0,3550023.0,271694.0,8.0,795924.0,,,1569.7,888.4,429.0,11.4,0.3,8.2,1.1,8.3,2.3,10.0,8.0,4.6,0.8,1.5,1.0,3.6,2.8,6.1,8.4,12.8,1.0,3.8,4.0,50100.0,,,,,,,,,,,,
109,Murray,sa4,NSW,2017,2016-17,,,,,,,,,,,,,,,,,,,,,,,,,,,,,,,,,,,,,,,,,,,,,,,,,,,,,,,,,,,,,,,,,,,,39.0,145.0,183.0,18.0,6.0,34.0,23.0,18.0,14.0,18.0,24.0,23.0,,,,,,,,,,,,,,,,,,,,,,,,,,,,,,,,,,627.0,39.0,46841.0,113.0,,7202.0,16.0,,641.0,756.0,39.0,54788.0
109,Murray,sa4,NSW,2018,2017-18,,,,,,,,,,,,,,,,,,,,,,,,,,,,,,,,,,,,,,,,,,,,,,,,,,,,,,,,,,,,,,,,2227.0,289000.0,406.0,210000.0,33.0,152.0,184.0,12.0,14.0,26.0,23.0,32.0,7.0,16.0,27.0,20.0,,,,,,,,,,,,,,,,,,,,,,,,,,,,,,,,,,611.0,59.0,47393.0,17.0,,7219.0,10.0,,651.0,639.0,59.0,55368.0
109,Murray,sa4,NSW,2019,2018-19,,,,,,,,,,,,,,,,,,,,,,,,,,,,,,,,,,,,,,,,,,,,,,,,,,,,,,579.0,35.0,614.0,614.0,220.0,9.0,229.0,240.0,59.0,298.0,2072.0,285000.0,366.0,212500.0,26.0,116.0,151.0,9.0,16.0,17.0,25.0,10.0,13.0,17.0,25.0,17.0,,,,,,,,,,,,,,,,,,,,,,,,,,,,,,,,,,615.0,27.0,47981.0,14.0,7.0,7226.0,49.0,,700.0,683.0,34.0,56017.0
109,Murray,sa4,NSW,2020,2019-20,7197.0,3050.0,1298.0,292.0,11837.0,,,,,,,,,,,3394.0,18.0,408.0,163.0,1761.0,318.0,577.0,558.0,719.0,37.0,289.0,1206.0,729.0,311.0,24.0,115.0,544.0,89.0,566.0,11.0,2578.0,3722.0,4673.0,563.0,168.0,133.0,,,,,,,,,,,,,653.0,49.0,702.0,702.0,251.0,22.0,272.0,286.0,107.0,394.0,2127.0,305000.0,410.0,225000.0,20.0,94.0,110.0,12.0,7.0,15.0,12.0,10.0,8.0,8.0,19.0,20.0,,,,,,,,,,,,,,,,,,,,,,,,,,,,,,,,,,543.0,25.0,48499.0,8.0,4.0,7230.0,22.0,,722.0,573.0,29.0,56561.0
109,Murray,sa4,NSW,2021,2020-21,7184.0,3513.0,1348.0,297.0,12342.0,948.0,424.0,35.0,5.0,1412.0,826.0,147.0,45.0,7.0,1025.0,3410.0,18.0,427.0,164.0,1873.0,319.0,607.0,635.0,768.0,36.0,306.0,1209.0,775.0,319.0,23.0,121.0,593.0,98.0,630.0,11.0,2851.0,3752.0,4818.0,589.0,194.0,138.0,559.0,555.0,289.0,4.0,3.0,3.0,457.0,346.0,227.0,13.0,4.0,3.0,990.0,23.0,1013.0,1018.0,387.0,6.0,393.0,415.0,132.0,547.0,2945.0,350000.0,534.0,235000.0,6.0,50.0,59.0,3.0,3.0,5.0,10.0,3.0,5.0,5.0,10.0,19.0,8414102.1,36648.4,290800.5,3760581.5,296111.0,,962012.7,2359.5,13231.3,2334.2,1576.9,536.0,10.2,0.4,7.9,1.0,9.4,2.3,9.3,7.2,4.4,0.6,1.3,1.0,3.5,2.7,6.2,8.9,15.0,1.0,3.5,4.1,55555.0,674.0,36.0,49137.0,16.0,,7246.0,31.0,,753.0,721.0,36.0,57246.0
109,Murray,sa4,NSW,2022,2021-22,7728.0,3510.0,1424.0,321.0,12989.0,1254.0,423.0,56.0,12.0,1745.0,887.0,260.0,46.0,16.0,1201.0,3469.0,16.0,442.0,166.0,2019.0,341.0,626.0,658.0,822.0,43.0,331.0,1283.0,839.0,369.0,26.0,135.0,638.0,105.0,658.0,12.0,2818.0,3945.0,5101.0,752.0,223.0,158.0,630.0,755.0,332.0,23.0,5.0,3.0,460.0,347.0,225.0,12.0,5.0,3.0,750.0,50.0,800.0,801.0,337.0,18.0,355.0,373.0,120.0,493.0,2852.0,430000.0,525.0,290000.0,,,,,,,,,,,,,,,,,,,,,,,,,,,,,,,,,,,,,,,,,,,,,,834.0,71.0,49900.0,40.0,,7286.0,,,753.0,874.0,71.0,58049.0
109,Murray,sa4,NSW,2023,2022-23,8043.0,3456.0,1433.0,342.0,13274.0,1121.0,440.0,57.0,5.0,1623.0,1130.0,256.0,78.0,15.0,1479.0,3502.0,17.0,452.0,173.0,2121.0,331.0,629.0,642.0,808.0,37.0,343.0,1305.0,866.0,372.0,24.0,134.0,704.0,125.0,679.0,10.0,2768.0,4005.0,5256.0,807.0,243.0,195.0,513.0,707.0,371.0,26.0,4.0,,601.0,507.0,347.0,30.0,9.0,3.0,700.0,55.0,755.0,761.0,358.0,35.0,393.0,414.0,197.0,612.0,2072.0,475500.0,471.0,330000.0,,,,,,,,,,,,,,,,,,,,,,,,,,,,,,,,,,,,,,,,,,,,,,,,,,,,,,,,,
109,Murray,sa4,NSW,2024,2023-24,8227.0,3501.0,1410.0,358.0,13496.0,1155.0,446.0,36.0,10.0,1649.0,1139.0,272.0,70.0,14.0,1495.0,3505.0,13.0,484.0,182.0,2148.0,325.0,619.0,656.0,822.0,39.0,340.0,1345.0,891.0,388.0,21.0,134.0,762.0,124.0,698.0,11.0,2692.0,4031.0,5477.0,820.0,280.0,196.0,492.0,738.0,395.0,18.0,3.0,3.0,615.0,507.0,341.0,30.0,8.0,4.0,596.0,31.0,627.0,656.0,312.0,12.0,324.0,362.0,247.0,609.0,,,,,,,,,,,,,,,,,,,,,,,,,,,,,,,,,,,,,,,,,,,,,,,,,,,,,,,,,,,,,
110,New England and North West,sa4,NSW,2011,2010-11,,,,,,,,,,,,,,,,,,,,,,,,,,,,,,,,,,,,,,,,,,,,,,,,,,,,,,,,,,,,,,,,,,,,,,,,,,,,,,,,6490385.0,9439.0,1491490.0,3177093.0,26391.0,5750803.0,,,,,,,14.8,1.5,6.6,1.1,6.4,3.1,10.9,6.7,4.4,0.8,1.9,1.2,3.8,2.2,5.8,9.9,11.9,0.8,4.0,2.2,75584.0,,,,,,,,,,,,
110,New England and North West,sa4,NSW,2016,2015-16,,,,,,,,,,,,,,,,,,,,,,,,,,,,,,,,,,,,,,,,,,,,,,,,,,,,,,,,,,,,,,,,,,,,62.0,189.0,252.0,22.0,25.0,22.0,37.0,14.0,22.0,25.0,52.0,40.0,6890232.0,12499.0,1431900.0,2816626.0,11589.0,4325850.0,1479166.0,,,2804.9,1729.4,935.1,14.2,2.1,5.4,0.9,6.7,2.4,10.0,6.6,3.9,0.8,1.6,1.1,3.8,2.9,5.7,10.4,12.8,0.8,3.9,4.0,75986.0,,,,,,,,,,,,
110,New England and North West,sa4,NSW,2017,2016-17,,,,,,,,,,,,,,,,,,,,,,,,,,,,,,,,,,,,,,,,,,,,,,,,,,,,,,,,,,,,,,,,,,,,35.0,229.0,268.0,25.0,14.0,42.0,32.0,27.0,28.0,32.0,41.0,30.0,,,,,,,,,,,,,,,,,,,,,,,,,,,,,,,,,,590.0,9.0,73331.0,114.0,,6851.0,20.0,,2051.0,725.0,9.0,82408.0
110,New England and North West,sa4,NSW,2018,2017-18,,,,,,,,,,,,,,,,,,,,,,,,,,,,,,,,,,,,,,,,,,,,,,,,,,,,,,,,,,,,,,,,3288.0,305000.0,167.0,243500.0,40.0,188.0,230.0,18.0,12.0,28.0,30.0,17.0,24.0,24.0,41.0,34.0,,,,,,,,,,,,,,,,,,,,,,,,,,,,,,,,,,505.0,13.0,73823.0,75.0,,6926.0,13.0,,2064.0,593.0,13.0,82988.0
110,New England and North West,sa4,NSW,2019,2018-19,,,,,,,,,,,,,,,,,,,,,,,,,,,,,,,,,,,,,,,,,,,,,,,,,,,,,,426.0,48.0,474.0,474.0,160.0,9.0,169.0,177.0,207.0,384.0,2696.0,295000.0,183.0,249000.0,35.0,190.0,229.0,20.0,20.0,26.0,30.0,17.0,9.0,28.0,50.0,26.0,,,,,,,,,,,,,,,,,,,,,,,,,,,,,,,,,,512.0,20.0,74315.0,65.0,,6991.0,7.0,,2071.0,584.0,20.0,83552.0
110,New England and North West,sa4,NSW,2020,2019-20,12524.0,4908.0,1831.0,290.0,19553.0,,,,,,,,,,,7739.0,54.0,519.0,58.0,2453.0,452.0,938.0,716.0,1066.0,61.0,365.0,1659.0,1083.0,440.0,38.0,161.0,749.0,168.0,825.0,9.0,5138.0,6421.0,6978.0,656.0,212.0,148.0,,,,,,,,,,,,,331.0,85.0,416.0,421.0,127.0,17.0,144.0,155.0,133.0,288.0,2491.0,300000.0,157.0,281250.0,32.0,139.0,168.0,8.0,16.0,26.0,29.0,16.0,10.0,20.0,32.0,18.0,,,,,,,,,,,,,,,,,,,,,,,,,,,,,,,,,,403.0,177.0,74541.0,52.0,,7043.0,,,2071.0,455.0,177.0,83830.0
110,New England and North West,sa4,NSW,2021,2020-21,12599.0,5455.0,1814.0,271.0,20139.0,1497.0,564.0,59.0,12.0,2132.0,1201.0,246.0,55.0,5.0,1507.0,7879.0,56.0,533.0,61.0,2537.0,458.0,960.0,771.0,1090.0,64.0,379.0,1699.0,1142.0,469.0,40.0,171.0,785.0,176.0,861.0,8.0,5811.0,6446.0,6837.0,672.0,213.0,160.0,879.0,833.0,403.0,9.0,6.0,,745.0,461.0,291.0,6.0,4.0,3.0,583.0,74.0,657.0,662.0,232.0,14.0,246.0,268.0,96.0,364.0,4489.0,330000.0,293.0,290000.0,13.0,79.0,91.0,6.0,4.0,4.0,15.0,7.0,6.0,14.0,18.0,15.0,6764883.5,12201.8,1289293.5,2325372.4,5952.1,5753353.9,1852232.0,535.0,2737.3,3264.6,2115.6,1027.2,13.1,2.5,5.8,1.0,7.1,2.0,8.9,6.2,3.9,0.6,1.4,1.1,3.7,3.0,5.9,10.9,14.2,0.9,3.9,3.9,80142.0,349.0,28.0,74862.0,97.0,2.0,7138.0,3.0,,2074.0,449.0,30.0,84249.0
110,New England and North West,sa4,NSW,2022,2021-22,13345.0,5408.0,1905.0,313.0,20966.0,1871.0,586.0,78.0,10.0,2541.0,1316.0,354.0,70.0,14.0,1757.0,8141.0,56.0,558.0,69.0,2678.0,456.0,970.0,806.0,1107.0,72.0,387.0,1782.0,1184.0,540.0,40.0,188.0,839.0,180.0,910.0,7.0,5303.0,6614.0,7593.0,972.0,280.0,201.0,954.0,1014.0,526.0,36.0,6.0,5.0,745.0,464.0,288.0,6.0,4.0,3.0,503.0,140.0,643.0,666.0,203.0,30.0,234.0,258.0,249.0,507.0,5079.0,380000.0,369.0,305000.0,,,,,,,,,,,,,,,,,,,,,,,,,,,,,,,,,,,,,,,,,,,,,,496.0,38.0,75320.0,47.0,,7185.0,3.0,,2077.0,552.0,38.0,84763.0
110,New England and North West,sa4,NSW,2023,2022-23,13526.0,5323.0,1937.0,357.0,21143.0,1664.0,622.0,60.0,8.0,2354.0,1680.0,404.0,92.0,12.0,2188.0,8142.0,55.0,580.0,59.0,2751.0,457.0,955.0,773.0,1077.0,69.0,405.0,1770.0,1192.0,543.0,43.0,197.0,907.0,192.0,968.0,8.0,4842.0,6577.0,8002.0,1083.0,344.0,295.0,785.0,1024.0,507.0,21.0,8.0,9.0,981.0,691.0,475.0,26.0,11.0,5.0,464.0,218.0,682.0,690.0,229.0,55.0,285.0,306.0,306.0,612.0,3593.0,420000.0,233.0,330500.0,,,,,,,,,,,,,,,,,,,,,,,,,,,,,,,,,,,,,,,,,,,,,,,,,,,,,,,,,
110,New England and North West,sa4,NSW,2024,2023-24,13798.0,5243.0,1935.0,387.0,21363.0,1699.0,640.0,67.0,12.0,2420.0,1700.0,418.0,104.0,15.0,2237.0,8105.0,50.0,598.0,67.0,2838.0,446.0,917.0,760.0,1098.0,57.0,419.0,1853.0,1214.0,572.0,43.0,202.0,931.0,197.0,987.0,7.0,4958.0,6602.0,8104.0,1066.0,345.0,288.0,764.0,1049.0,559.0,26.0,8.0,4.0,925.0,727.0,527.0,35.0,10.0,15.0,431.0,213.0,644.0,649.0,225.0,52.0,278.0,300.0,523.0,823.0,,,,,,,,,,,,,,,,,,,,,,,,,,,,,,,,,,,,,,,,,,,,,,,,,,,,,,,,,,,,,
111,Newcastle and Lake Macquarie,sa4,NSW,2011,2010-11,,,,,,,,,,,,,,,,,,,,,,,,,,,,,,,,,,,,,,,,,,,,,,,,,,,,,,,,,,,,,,,,,,,,,,,,,,,,,,,,4354.0,,2311.0,97.0,1.0,140795.0,,,,,,,0.3,2.2,9.9,1.8,7.9,3.0,11.1,7.0,4.2,1.1,3.3,1.5,6.3,3.0,6.2,8.9,15.2,1.2,4.0,1.9,155658.0,,,,,,,,,,,,
111,Newcastle and Lake Macquarie,sa4,NSW,2016,2015-16,,,,,,,,,,,,,,,,,,,,,,,,,,,,,,,,,,,,,,,,,,,,,,,,,,,,,,,,,,,,,,,,,,,,110.0,375.0,482.0,48.0,38.0,88.0,65.0,58.0,38.0,43.0,62.0,43.0,2509.0,,1107.0,32.0,,,,,,18.7,5.4,4.7,0.4,2.3,6.1,1.5,9.1,2.1,10.0,7.6,3.9,1.1,3.3,1.4,6.1,3.2,6.5,9.4,17.5,1.3,4.0,3.4,160448.0,,,,,,,,,,,,
111,Newcastle and Lake Macquarie,sa4,NSW,2017,2016-17,,,,,,,,,,,,,,,,,,,,,,,,,,,,,,,,,,,,,,,,,,,,,,,,,,,,,,,,,,,,,,,,,,,,86.0,336.0,418.0,36.0,36.0,56.0,65.0,60.0,45.0,45.0,38.0,40.0,,,,,,,,,,,,,,,,,,,,,,,,,,,,,,,,,,1244.0,261.0,123996.0,572.0,2.0,19042.0,525.0,,14424.0,2341.0,263.0,157811.0
111,Newcastle and Lake Macquarie,sa4,NSW,2018,2017-18,,,,,,,,,,,,,,,,,,,,,,,,,,,,,,,,,,,,,,,,,,,,,,,,,,,,,,,,,,,,,,,,6192.0,600000.0,2234.0,509000.0,88.0,374.0,464.0,46.0,48.0,75.0,66.0,50.0,35.0,38.0,65.0,42.0,,,,,,,,,,,,,,,,,,,,,,,,,,,,,,,,,,1228.0,326.0,124898.0,553.0,,19595.0,676.0,,15100.0,2457.0,326.0,159942.0
111,Newcastle and Lake Macquarie,sa4,NSW,2019,2018-19,,,,,,,,,,,,,,,,,,,,,,,,,,,,,,,,,,,,,,,,,,,,,,,,,,,,,,1147.0,1402.0,2549.0,2550.0,492.0,477.0,968.0,1030.0,459.0,1490.0,5278.0,590000.0,1353.0,500000.0,93.0,318.0,413.0,43.0,50.0,60.0,63.0,38.0,35.0,43.0,46.0,29.0,,,,,,,,,,,,,,,,,,,,,,,,,,,,,,,,,,1314.0,330.0,125882.0,835.0,1.0,20429.0,550.0,4.0,15646.0,2731.0,335.0,162338.0
111,Newcastle and Lake Macquarie,sa4,NSW,2020,2019-20,14277.0,7985.0,3244.0,823.0,26329.0,,,,,,,,,,,301.0,74.0,990.0,78.0,5213.0,749.0,1663.0,1232.0,1685.0,190.0,1173.0,2926.0,3621.0,1165.0,76.0,459.0,2846.0,475.0,1384.0,29.0,6138.0,8501.0,9737.0,1197.0,418.0,338.0,,,,,,,,,,,,,1174.0,1744.0,2918.0,2918.0,480.0,521.0,1001.0,1060.0,648.0,1708.0,5454.0,600000.0,1593.0,500000.0,77.0,225.0,300.0,24.0,34.0,48.0,37.0,28.0,27.0,33.0,37.0,27.0,,,,,,,,,,,,,,,,,,,,,,,,,,,,,,,,,,1013.0,347.0,126548.0,624.0,4.0,21049.0,385.0,21.0,16010.0,2022.0,372.0,163988.0
111,Newcastle and Lake Macquarie,sa4,NSW,2021,2020-21,14056.0,9339.0,3327.0,807.0,27529.0,2597.0,1400.0,113.0,10.0,4120.0,2376.0,578.0,128.0,14.0,3096.0,307.0,77.0,1009.0,83.0,5526.0,770.0,1767.0,1326.0,1592.0,193.0,1210.0,3076.0,3766.0,1216.0,80.0,494.0,3033.0,501.0,1473.0,30.0,6749.0,8836.0,9931.0,1251.0,427.0,335.0,1670.0,1607.0,811.0,21.0,5.0,6.0,1570.0,961.0,513.0,27.0,15.0,7.0,1326.0,1137.0,2463.0,2510.0,650.0,367.0,1017.0,1084.0,476.0,1560.0,7297.0,685750.0,2767.0,557250.0,47.0,118.0,170.0,16.0,16.0,27.0,22.0,9.0,17.0,16.0,26.0,16.0,2984.1,12.3,1067.2,55.7,,174986.6,5.8,3.9,0.7,29.9,2.5,8.7,0.4,2.3,5.4,1.3,9.6,2.0,9.0,7.3,3.7,0.8,3.2,1.3,6.6,3.0,6.1,9.7,19.8,1.2,3.8,3.4,186341.0,1102.0,389.0,127261.0,522.0,,21571.0,790.0,2.0,16798.0,2414.0,391.0,166011.0
111,Newcastle and Lake Macquarie,sa4,NSW,2022,2021-22,15204.0,9668.0,3423.0,899.0,29192.0,3176.0,1477.0,147.0,25.0,4822.0,2350.0,826.0,155.0,22.0,3349.0,324.0,75.0,1049.0,91.0,5882.0,760.0,1853.0,1348.0,1646.0,187.0,1291.0,3301.0,4033.0,1287.0,76.0,540.0,3263.0,535.0,1622.0,26.0,6657.0,9438.0,10792.0,1436.0,485.0,395.0,1799.0,1983.0,989.0,31.0,15.0,8.0,1572.0,965.0,516.0,28.0,15.0,5.0,1281.0,867.0,2148.0,2163.0,670.0,262.0,933.0,958.0,1160.0,2118.0,6692.0,850000.0,2169.0,650000.0,,,,,,,,,,,,,,,,,,,,,,,,,,,,,,,,,,,,,,,,,,,,,,1166.0,407.0,128020.0,480.0,,22051.0,261.0,,17059.0,1907.0,407.0,167511.0
111,Newcastle and Lake Macquarie,sa4,NSW,2023,2022-23,15902.0,9593.0,3552.0,954.0,30001.0,2998.0,1446.0,137.0,15.0,4596.0,2950.0,997.0,202.0,28.0,4177.0,321.0,87.0,1066.0,85.0,6077.0,757.0,1793.0,1385.0,1741.0,211.0,1300.0,3375.0,4126.0,1355.0,81.0,541.0,3434.0,580.0,1659.0,27.0,6440.0,9612.0,11499.0,1478.0,535.0,437.0,1573.0,2008.0,977.0,31.0,3.0,4.0,1799.0,1389.0,851.0,69.0,17.0,21.0,1168.0,893.0,2061.0,2089.0,690.0,315.0,1005.0,1056.0,505.0,1561.0,5098.0,850000.0,1628.0,651200.0,,,,,,,,,,,,,,,,,,,,,,,,,,,,,,,,,,,,,,,,,,,,,,,,,,,,,,,,,
111,Newcastle and Lake Macquarie,sa4,NSW,2024,2023-24,16831.0,9575.0,3489.0,1014.0,30909.0,3306.0,1383.0,116.0,5.0,4816.0,2854.0,954.0,191.0,24.0,4023.0,327.0,97.0,1079.0,76.0,6197.0,736.0,1781.0,1369.0,1872.0,217.0,1358.0,3430.0,4264.0,1381.0,84.0,571.0,3734.0,589.0,1719.0,17.0,6418.0,9815.0,12017.0,1586.0,599.0,474.0,1601.0,2088.0,1085.0,30.0,5.0,4.0,1694.0,1394.0,860.0,53.0,16.0,5.0,1330.0,1577.0,2907.0,2916.0,758.0,833.0,1592.0,1626.0,631.0,2257.0,,,,,,,,,,,,,,,,,,,,,,,,,,,,,,,,,,,,,,,,,,,,,,,,,,,,,,,,,,,,,
112,Richmond - Tweed,sa4,NSW,2011,2010-11,,,,,,,,,,,,,,,,,,,,,,,,,,,,,,,,,,,,,,,,,,,,,,,,,,,,,,,,,,,,,,,,,,,,,,,,,,,,,,,,321881.0,24914.0,154089.0,8951.0,26839.0,2354905.0,,,,,,,4.5,0.5,7.0,0.9,9.0,3.0,12.7,9.2,3.5,1.3,1.9,1.7,4.7,3.2,5.0,9.4,15.1,1.5,3.6,2.2,91890.0,,,,,,,,,,,,
112,Richmond - Tweed,sa4,NSW,2016,2015-16,,,,,,,,,,,,,,,,,,,,,,,,,,,,,,,,,,,,,,,,,,,,,,,,,,,,,,,,,,,,,,,,,,,,83.0,222.0,309.0,28.0,42.0,49.0,33.0,22.0,32.0,19.0,42.0,34.0,302032.0,25768.0,149708.0,5747.0,20521.0,2154513.0,17894.0,,,406.0,198.9,156.1,4.7,0.6,5.7,0.8,9.1,1.8,11.3,9.2,3.4,1.0,1.6,1.8,4.9,3.6,5.0,9.7,16.1,1.6,3.7,4.5,96433.0,,,,,,,,,,,,
112,Richmond - Tweed,sa4,NSW,2017,2016-17,,,,,,,,,,,,,,,,,,,,,,,,,,,,,,,,,,,,,,,,,,,,,,,,,,,,,,,,,,,,,,,,,,,,71.0,197.0,270.0,30.0,27.0,40.0,37.0,24.0,26.0,19.0,40.0,37.0,,,,,,,,,,,,,,,,,,,,,,,,,,,,,,,,,,1046.0,22.0,82099.0,129.0,5.0,16830.0,53.0,,10354.0,1231.0,27.0,109562.0
112,Richmond - Tweed,sa4,NSW,2018,2017-18,,,,,,,,,,,,,,,,,,,,,,,,,,,,,,,,,,,,,,,,,,,,,,,,,,,,,,,,,,,,,,,,3958.0,579000.0,1876.0,446500.0,74.0,240.0,316.0,38.0,30.0,39.0,39.0,29.0,24.0,21.0,49.0,34.0,,,,,,,,,,,,,,,,,,,,,,,,,,,,,,,,,,820.0,28.0,82891.0,159.0,,16989.0,106.0,,10460.0,1085.0,28.0,110619.0
112,Richmond - Tweed,sa4,NSW,2019,2018-19,,,,,,,,,,,,,,,,,,,,,,,,,,,,,,,,,,,,,,,,,,,,,,,,,,,,,,1005.0,352.0,1357.0,1357.0,381.0,89.0,470.0,472.0,183.0,655.0,3366.0,585000.0,1540.0,470000.0,79.0,181.0,259.0,21.0,21.0,41.0,31.0,31.0,31.0,19.0,44.0,24.0,,,,,,,,,,,,,,,,,,,,,,,,,,,,,,,,,,1073.0,40.0,83924.0,216.0,3.0,17202.0,67.0,,10527.0,1356.0,43.0,111932.0
112,Richmond - Tweed,sa4,NSW,2020,2019-20,14946.0,5992.0,2252.0,483.0,23673.0,,,,,,,,,,,3674.0,49.0,932.0,73.0,4230.0,764.0,1718.0,1167.0,1080.0,258.0,589.0,2178.0,2487.0,864.0,45.0,434.0,1654.0,404.0,1047.0,26.0,6136.0,8337.0,8004.0,781.0,228.0,187.0,,,,,,,,,,,,,851.0,332.0,1183.0,1184.0,359.0,97.0,456.0,466.0,122.0,587.0,3376.0,625000.0,1682.0,485500.0,61.0,123.0,189.0,17.0,10.0,40.0,23.0,15.0,16.0,13.0,30.0,19.0,,,,,,,,,,,,,,,,,,,,,,,,,,,,,,,,,,902.0,107.0,84719.0,223.0,3.0,17422.0,202.0,,10729.0,1327.0,110.0,113149.0
112,Richmond - Tweed,sa4,NSW,2021,2020-21,15002.0,7309.0,2307.0,477.0,25095.0,2441.0,980.0,70.0,9.0,3500.0,1938.0,367.0,106.0,8.0,2419.0,3732.0,51.0,1025.0,76.0,4486.0,773.0,1854.0,1286.0,1068.0,277.0,616.0,2265.0,2685.0,977.0,45.0,448.0,1783.0,469.0,1153.0,26.0,6745.0,8786.0,8311.0,824.0,260.0,169.0,1326.0,1526.0,615.0,19.0,10.0,4.0,1123.0,866.0,450.0,13.0,4.0,3.0,919.0,311.0,1230.0,1272.0,416.0,109.0,524.0,551.0,937.0,1488.0,4797.0,750000.0,2328.0,590000.0,36.0,66.0,97.0,18.0,11.0,9.0,9.0,5.0,5.0,11.0,11.0,23.0,305535.4,23849.5,151934.3,2141.0,32355.4,132846.3,32084.1,480.5,10538.4,501.3,308.6,128.0,4.4,0.6,5.1,0.9,9.9,1.8,10.3,9.0,3.0,1.0,1.6,1.5,5.6,3.4,4.6,9.7,17.7,1.6,3.8,4.6,110874.0,742.0,53.0,85408.0,355.0,2.0,17775.0,237.0,,10966.0,1334.0,55.0,114428.0
112,Richmond - Tweed,sa4,NSW,2022,2021-22,15854.0,7542.0,2437.0,549.0,26377.0,2735.0,995.0,85.0,11.0,3822.0,2110.0,626.0,104.0,12.0,2855.0,3761.0,50.0,1082.0,89.0,4781.0,790.0,1902.0,1311.0,1068.0,315.0,665.0,2392.0,2890.0,1042.0,45.0,485.0,1914.0,545.0,1228.0,17.0,6558.0,9330.0,9054.0,941.0,303.0,188.0,1304.0,1790.0,694.0,27.0,3.0,6.0,1124.0,866.0,451.0,13.0,3.0,3.0,1052.0,252.0,1304.0,1325.0,486.0,95.0,581.0,606.0,214.0,820.0,3862.0,985000.0,1798.0,700000.0,,,,,,,,,,,,,,,,,,,,,,,,,,,,,,,,,,,,,,,,,,,,,,796.0,99.0,86105.0,163.0,1.0,17937.0,8.0,,10974.0,972.0,100.0,115300.0
112,Richmond - Tweed,sa4,NSW,2023,2022-23,16749.0,7239.0,2536.0,580.0,27104.0,2758.0,891.0,81.0,6.0,3736.0,2470.0,762.0,160.0,22.0,3414.0,3738.0,47.0,1100.0,93.0,5083.0,783.0,1902.0,1289.0,1038.0,331.0,703.0,2470.0,3022.0,1104.0,47.0,488.0,2033.0,559.0,1252.0,22.0,6266.0,9721.0,9574.0,1003.0,316.0,224.0,1108.0,1884.0,717.0,22.0,3.0,,1444.0,1205.0,743.0,55.0,7.0,7.0,665.0,275.0,940.0,941.0,431.0,121.0,552.0,567.0,287.0,855.0,3037.0,900000.0,1494.0,680000.0,,,,,,,,,,,,,,,,,,,,,,,,,,,,,,,,,,,,,,,,,,,,,,,,,,,,,,,,,
112,Richmond - Tweed,sa4,NSW,2024,2023-24,17463.0,7243.0,2560.0,602.0,27868.0,2835.0,914.0,98.0,6.0,3856.0,2583.0,610.0,160.0,18.0,3371.0,3682.0,52.0,1109.0,88.0,5276.0,744.0,1868.0,1267.0,1105.0,360.0,722.0,2501.0,3150.0,1170.0,49.0,491.0,2335.0,581.0,1286.0,19.0,6415.0,9850.0,9941.0,1090.0,351.0,221.0,1133.0,1896.0,807.0,12.0,6.0,3.0,1310.0,1286.0,720.0,38.0,4.0,7.0,509.0,320.0,829.0,880.0,428.0,230.0,658.0,696.0,240.0,937.0,,,,,,,,,,,,,,,,,,,,,,,,,,,,,,,,,,,,,,,,,,,,,,,,,,,,,,,,,,,,,
113,Riverina,sa4,NSW,2011,2010-11,,,,,,,,,,,,,,,,,,,,,,,,,,,,,,,,,,,,,,,,,,,,,,,,,,,,,,,,,,,,,,,,,,,,,,,,,,,,,,,,4154315.5,15719.9,503726.8,3264818.9,101989.2,1973563.6,,,,,,,11.6,0.3,10.8,1.6,6.7,3.5,11.1,6.3,4.7,0.7,1.8,1.0,3.3,2.2,8.0,8.9,11.1,0.7,3.7,2.3,68339.0,,,,,,,,,,,,
113,Riverina,sa4,NSW,2016,2015-16,,,,,,,,,,,,,,,,,,,,,,,,,,,,,,,,,,,,,,,,,,,,,,,,,,,,,,,,,,,,,,,,,,,,65.0,167.0,230.0,21.0,7.0,36.0,29.0,14.0,30.0,23.0,49.0,26.0,3975586.0,13223.9,498294.9,3483461.1,42237.6,7771530.5,1161677.4,,,2324.8,1610.0,564.2,11.6,0.3,10.5,1.4,6.9,2.3,9.9,6.3,4.2,0.7,1.5,0.9,3.4,2.8,7.5,8.9,12.4,0.8,3.6,3.9,69454.0,,,,,,,,,,,,
113,Riverina,sa4,NSW,2017,2016-17,,,,,,,,,,,,,,,,,,,,,,,,,,,,,,,,,,,,,,,,,,,,,,,,,,,,,,,,,,,,,,,,,,,,48.0,197.0,246.0,23.0,13.0,36.0,36.0,29.0,14.0,26.0,42.0,28.0,,,,,,,,,,,,,,,,,,,,,,,,,,,,,,,,,,587.0,18.0,58981.0,72.0,,3065.0,9.0,,4915.0,668.0,18.0,67257.0
113,Riverina,sa4,NSW,2018,2017-18,,,,,,,,,,,,,,,,,,,,,,,,,,,,,,,,,,,,,,,,,,,,,,,,,,,,,,,,,,,,,,,,2925.0,293500.0,294.0,270000.0,33.0,216.0,251.0,20.0,23.0,31.0,43.0,23.0,10.0,23.0,51.0,33.0,,,,,,,,,,,,,,,,,,,,,,,,,,,,,,,,,,524.0,8.0,59497.0,88.0,,3153.0,14.0,,4929.0,627.0,8.0,67876.0
113,Riverina,sa4,NSW,2019,2018-19,,,,,,,,,,,,,,,,,,,,,,,,,,,,,,,,,,,,,,,,,,,,,,,,,,,,,,568.0,62.0,630.0,630.0,216.0,14.0,230.0,241.0,271.0,512.0,2588.0,310000.0,251.0,265000.0,32.0,179.0,212.0,17.0,17.0,32.0,19.0,17.0,17.0,17.0,44.0,22.0,,,,,,,,,,,,,,,,,,,,,,,,,,,,,,,,,,628.0,15.0,60110.0,67.0,,3220.0,6.0,,4935.0,701.0,15.0,68562.0
113,Riverina,sa4,NSW,2020,2019-20,9362.0,4237.0,1747.0,376.0,15722.0,,,,,,,,,,,5166.0,24.0,545.0,43.0,2295.0,429.0,802.0,638.0,877.0,50.0,413.0,1416.0,823.0,451.0,38.0,132.0,702.0,114.0,752.0,12.0,3236.0,4744.0,6573.0,763.0,225.0,181.0,,,,,,,,,,,,,539.0,45.0,584.0,585.0,206.0,11.0,217.0,226.0,228.0,454.0,2694.0,320000.0,290.0,280000.0,22.0,102.0,128.0,7.0,13.0,22.0,12.0,9.0,9.0,13.0,27.0,11.0,,,,,,,,,,,,,,,,,,,,,,,,,,,,,,,,,,556.0,211.0,60455.0,49.0,,3269.0,6.0,,4941.0,612.0,211.0,68963.0
113,Riverina,sa4,NSW,2021,2020-21,9316.0,4830.0,1723.0,385.0,16254.0,1233.0,581.0,60.0,5.0,1879.0,1077.0,231.0,46.0,11.0,1365.0,5229.0,23.0,557.0,51.0,2411.0,435.0,804.0,673.0,897.0,45.0,418.0,1449.0,871.0,498.0,37.0,140.0,787.0,131.0,789.0,9.0,3468.0,4817.0,6711.0,817.0,236.0,205.0,708.0,733.0,406.0,23.0,8.0,,609.0,404.0,311.0,16.0,5.0,,739.0,52.0,791.0,814.0,306.0,11.0,317.0,342.0,225.0,566.0,3545.0,337250.0,384.0,270000.0,11.0,61.0,77.0,10.0,3.0,10.0,5.0,5.0,5.0,8.0,13.0,17.0,4640493.2,13942.5,527623.6,3890183.5,96633.4,19267065.9,1421598.0,3519.2,22408.0,3589.7,2521.0,891.4,11.3,0.4,9.6,1.5,7.6,2.3,9.0,6.0,4.0,0.5,1.2,0.8,3.4,2.8,7.5,9.1,14.1,0.8,3.8,4.3,76713.0,523.0,15.0,60963.0,53.0,,3322.0,19.0,,4960.0,595.0,15.0,69543.0
113,Riverina,sa4,NSW,2022,2021-22,9983.0,4949.0,1743.0,404.0,17085.0,1603.0,604.0,76.0,6.0,2288.0,1076.0,303.0,78.0,11.0,1462.0,5322.0,23.0,583.0,57.0,2545.0,465.0,841.0,716.0,1002.0,47.0,436.0,1527.0,926.0,566.0,33.0,154.0,833.0,156.0,848.0,10.0,3507.0,4922.0,7187.0,960.0,294.0,218.0,833.0,928.0,478.0,34.0,4.0,5.0,606.0,403.0,309.0,18.0,4.0,,701.0,154.0,855.0,875.0,310.0,42.0,353.0,378.0,439.0,817.0,3368.0,425000.0,365.0,359500.0,,,,,,,,,,,,,,,,,,,,,,,,,,,,,,,,,,,,,,,,,,,,,,663.0,84.0,61542.0,52.0,,3374.0,9.0,5.0,4964.0,725.0,89.0,70179.0
113,Riverina,sa4,NSW,2023,2022-23,10260.0,4828.0,1765.0,437.0,17290.0,1447.0,560.0,61.0,8.0,2076.0,1461.0,392.0,101.0,17.0,1971.0,5342.0,22.0,602.0,51.0,2594.0,447.0,843.0,697.0,984.0,57.0,426.0,1565.0,936.0,583.0,39.0,158.0,899.0,153.0,886.0,6.0,3312.0,5058.0,7247.0,1065.0,349.0,259.0,644.0,899.0,508.0,17.0,6.0,3.0,824.0,625.0,462.0,36.0,11.0,5.0,530.0,147.0,677.0,684.0,306.0,42.0,348.0,367.0,240.0,607.0,2580.0,465000.0,288.0,379000.0,,,,,,,,,,,,,,,,,,,,,,,,,,,,,,,,,,,,,,,,,,,,,,,,,,,,,,,,,
113,Riverina,sa4,NSW,2024,2023-24,10522.0,4775.0,1738.0,449.0,17484.0,1436.0,519.0,66.0,13.0,2040.0,1388.0,360.0,105.0,15.0,1868.0,5319.0,27.0,624.0,57.0,2603.0,450.0,815.0,682.0,1005.0,57.0,461.0,1589.0,977.0,594.0,35.0,155.0,950.0,164.0,911.0,11.0,3398.0,5129.0,7234.0,1114.0,346.0,263.0,642.0,876.0,491.0,22.0,3.0,3.0,718.0,613.0,495.0,32.0,6.0,,503.0,131.0,634.0,654.0,238.0,95.0,333.0,307.0,295.0,603.0,,,,,,,,,,,,,,,,,,,,,,,,,,,,,,,,,,,,,,,,,,,,,,,,,,,,,,,,,,,,,
114,Southern Highlands and Shoalhaven,sa4,NSW,2011,2010-11,,,,,,,,,,,,,,,,,,,,,,,,,,,,,,,,,,,,,,,,,,,,,,,,,,,,,,,,,,,,,,,,,,,,,,,,,,,,,,,,94044.0,29838.0,30188.0,5815.0,1379.0,,,,,,,,2.5,0.6,8.7,1.1,9.0,2.5,12.4,9.0,4.0,1.1,1.9,1.9,5.2,3.2,8.1,8.3,13.3,1.6,3.7,2.1,53046.0,,,,,,,,,,,,
114,Southern Highlands and Shoalhaven,sa4,NSW,2016,2015-16,,,,,,,,,,,,,,,,,,,,,,,,,,,,,,,,,,,,,,,,,,,,,,,,,,,,,,,,,,,,,,,,,,,,40.0,113.0,150.0,22.0,17.0,23.0,12.0,17.0,19.0,10.0,22.0,17.0,76176.0,31382.0,28691.0,3250.0,170.0,320000.0,324.0,,,119.0,17.4,38.6,2.5,0.7,5.8,1.0,10.6,1.8,11.0,9.4,3.7,0.9,1.7,1.8,5.2,4.1,8.0,8.4,14.0,1.4,3.9,4.1,56895.0,,,,,,,,,,,,
114,Southern Highlands and Shoalhaven,sa4,NSW,2017,2016-17,,,,,,,,,,,,,,,,,,,,,,,,,,,,,,,,,,,,,,,,,,,,,,,,,,,,,,,,,,,,,,,,,,,,47.0,116.0,163.0,15.0,10.0,26.0,33.0,13.0,18.0,15.0,27.0,15.0,,,,,,,,,,,,,,,,,,,,,,,,,,,,,,,,,,899.0,32.0,69653.0,236.0,,5255.0,60.0,,1774.0,1195.0,32.0,76832.0
114,Southern Highlands and Shoalhaven,sa4,NSW,2018,2017-18,,,,,,,,,,,,,,,,,,,,,,,,,,,,,,,,,,,,,,,,,,,,,,,,,,,,,,,,,,,,,,,,3504.0,629000.0,384.0,477500.0,49.0,159.0,206.0,17.0,14.0,29.0,35.0,17.0,13.0,23.0,28.0,29.0,,,,,,,,,,,,,,,,,,,,,,,,,,,,,,,,,,846.0,46.0,70453.0,197.0,,5452.0,54.0,,1828.0,1097.0,46.0,77883.0
114,Southern Highlands and Shoalhaven,sa4,NSW,2019,2018-19,,,,,,,,,,,,,,,,,,,,,,,,,,,,,,,,,,,,,,,,,,,,,,,,,,,,,,969.0,372.0,1341.0,1343.0,424.0,96.0,520.0,534.0,140.0,674.0,2683.0,620000.0,329.0,470000.0,43.0,103.0,143.0,13.0,15.0,28.0,23.0,13.0,6.0,13.0,28.0,9.0,,,,,,,,,,,,,,,,,,,,,,,,,,,,,,,,,,1123.0,61.0,71515.0,347.0,,5799.0,12.0,,1840.0,1482.0,61.0,79304.0
114,Southern Highlands and Shoalhaven,sa4,NSW,2020,2019-20,7181.0,3947.0,1399.0,255.0,12782.0,,,,,,,,,,,1009.0,21.0,530.0,37.0,2838.0,359.0,951.0,762.0,592.0,100.0,373.0,1251.0,1518.0,597.0,38.0,189.0,762.0,202.0,640.0,13.0,2780.0,4535.0,4754.0,491.0,126.0,96.0,,,,,,,,,,,,,714.0,308.0,1022.0,1022.0,328.0,87.0,416.0,428.0,165.0,594.0,3029.0,625000.0,393.0,485000.0,24.0,91.0,114.0,14.0,9.0,16.0,17.0,6.0,10.0,17.0,17.0,16.0,,,,,,,,,,,,,,,,,,,,,,,,,,,,,,,,,,845.0,405.0,71955.0,205.0,1.0,6003.0,102.0,,1942.0,1152.0,406.0,80050.0
114,Southern Highlands and Shoalhaven,sa4,NSW,2021,2020-21,7183.0,4719.0,1446.0,260.0,13608.0,1198.0,598.0,45.0,4.0,1845.0,928.0,241.0,58.0,6.0,1233.0,1035.0,24.0,554.0,41.0,3002.0,383.0,985.0,814.0,602.0,118.0,397.0,1323.0,1613.0,677.0,44.0,208.0,839.0,226.0,715.0,8.0,3200.0,4696.0,4965.0,504.0,146.0,97.0,690.0,812.0,331.0,11.0,,,547.0,472.0,226.0,14.0,3.0,3.0,829.0,460.0,1289.0,1296.0,414.0,155.0,568.0,589.0,134.0,722.0,4900.0,750000.0,694.0,535000.0,17.0,38.0,52.0,5.0,3.0,12.0,10.0,,3.0,3.0,3.0,11.0,68270.3,31075.9,25999.1,27412.5,178.2,,1955.5,111.7,39.2,140.9,21.1,37.1,2.4,0.7,5.3,0.9,11.4,2.0,10.0,8.9,3.3,0.8,1.9,1.7,5.9,3.9,7.8,8.7,15.1,1.4,3.9,3.9,66151.0,709.0,84.0,72580.0,238.0,6.0,6235.0,77.0,,2019.0,1024.0,90.0,80984.0
114,Southern Highlands and Shoalhaven,sa4,NSW,2022,2021-22,7686.0,4910.0,1515.0,282.0,14394.0,1360.0,614.0,53.0,3.0,2031.0,1068.0,368.0,81.0,7.0,1523.0,1082.0,24.0,569.0,42.0,3176.0,381.0,1024.0,853.0,601.0,138.0,424.0,1378.0,1763.0,743.0,49.0,228.0,922.0,252.0,748.0,8.0,3170.0,4929.0,5404.0,620.0,162.0,107.0,703.0,892.0,410.0,24.0,3.0,,550.0,470.0,225.0,17.0,3.0,3.0,1029.0,346.0,1375.0,1375.0,549.0,113.0,662.0,676.0,169.0,846.0,3820.0,966000.0,533.0,660000.0,,,,,,,,,,,,,,,,,,,,,,,,,,,,,,,,,,,,,,,,,,,,,,762.0,177.0,73165.0,173.0,2.0,6406.0,33.0,,2052.0,968.0,179.0,81773.0
114,Southern Highlands and Shoalhaven,sa4,NSW,2023,2022-23,7947.0,4733.0,1564.0,319.0,14563.0,1243.0,551.0,46.0,5.0,1845.0,1299.0,503.0,87.0,4.0,1893.0,1063.0,24.0,562.0,42.0,3243.0,373.0,1009.0,838.0,619.0,141.0,427.0,1421.0,1762.0,747.0,43.0,232.0,990.0,256.0,763.0,8.0,2976.0,4954.0,5647.0,663.0,188.0,135.0,561.0,856.0,413.0,14.0,,3.0,782.0,667.0,448.0,25.0,3.0,5.0,730.0,249.0,979.0,983.0,506.0,94.0,601.0,623.0,488.0,1111.0,2636.0,925000.0,376.0,657000.0,,,,,,,,,,,,,,,,,,,,,,,,,,,,,,,,,,,,,,,,,,,,,,,,,,,,,,,,,
114,Southern Highlands and Shoalhaven,sa4,NSW,2024,2023-24,8271.0,4640.0,1554.0,342.0,14807.0,1380.0,541.0,52.0,5.0,1976.0,1301.0,460.0,95.0,6.0,1862.0,1051.0,26.0,566.0,41.0,3267.0,362.0,989.0,832.0,608.0,140.0,469.0,1478.0,1794.0,786.0,43.0,250.0,1059.0,249.0,789.0,10.0,2927.0,5047.0,5806.0,683.0,203.0,141.0,587.0,931.0,435.0,19.0,6.0,3.0,716.0,674.0,435.0,35.0,3.0,3.0,583.0,338.0,921.0,921.0,483.0,129.0,612.0,630.0,183.0,812.0,,,,,,,,,,,,,,,,,,,,,,,,,,,,,,,,,,,,,,,,,,,,,,,,,,,,,,,,,,,,,
115,Sydney - Baulkham Hills and Hawkesbury,sa4,NSW,2011,2010-11,,,,,,,,,,,,,,,,,,,,,,,,,,,,,,,,,,,,,,,,,,,,,,,,,,,,,,,,,,,,,,,,,,,,,,,,,,,,,,,,12297.0,279.0,2012.0,645.0,8.0,372502.0,,,,,,,1.2,0.2,8.4,1.0,9.2,6.8,10.8,4.6,3.5,2.4,5.8,1.8,9.7,2.7,4.8,9.1,10.4,1.3,4.0,2.3,108578.0,,,,,,,,,,,,
115,Sydney - Baulkham Hills and Hawkesbury,sa4,NSW,2016,2015-16,,,,,,,,,,,,,,,,,,,,,,,,,,,,,,,,,,,,,,,,,,,,,,,,,,,,,,,,,,,,,,,,,,,,47.0,94.0,144.0,27.0,15.0,32.0,13.0,22.0,15.0,11.0,11.0,9.0,7224.0,371.0,1491.0,882.0,827.0,242847.0,37.0,,,184.2,143.9,20.7,1.2,0.2,6.1,1.0,10.3,4.7,10.0,4.7,3.3,2.5,6.1,2.1,9.8,2.8,5.0,9.3,11.1,1.4,3.8,4.5,115319.0,,,,,,,,,,,,
115,Sydney - Baulkham Hills and Hawkesbury,sa4,NSW,2017,2016-17,,,,,,,,,,,,,,,,,,,,,,,,,,,,,,,,,,,,,,,,,,,,,,,,,,,,,,,,,,,,,,,,,,,,61.0,99.0,161.0,24.0,15.0,37.0,12.0,24.0,14.0,10.0,7.0,12.0,,,,,,,,,,,,,,,,,,,,,,,,,,,,,,,,,,1298.0,103.0,66038.0,142.0,,7108.0,1085.0,,5632.0,2525.0,103.0,78818.0
115,Sydney - Baulkham Hills and Hawkesbury,sa4,NSW,2018,2017-18,,,,,,,,,,,,,,,,,,,,,,,,,,,,,,,,,,,,,,,,,,,,,,,,,,,,,,,,,,,,,,,,2721.0,1280000.0,931.0,749750.0,43.0,112.0,154.0,20.0,18.0,22.0,20.0,22.0,15.0,18.0,16.0,8.0,,,,,,,,,,,,,,,,,,,,,,,,,,,,,,,,,,1649.0,125.0,67562.0,104.0,,7212.0,847.0,,6479.0,2600.0,125.0,81293.0
115,Sydney - Baulkham Hills and Hawkesbury,sa4,NSW,2019,2018-19,,,,,,,,,,,,,,,,,,,,,,,,,,,,,,,,,,,,,,,,,,,,,,,,,,,,,,1794.0,969.0,2763.0,2763.0,853.0,316.0,1169.0,1185.0,271.0,1456.0,2378.0,1150000.0,674.0,745750.0,62.0,84.0,139.0,17.0,19.0,24.0,8.0,20.0,11.0,11.0,17.0,13.0,,,,,,,,,,,,,,,,,,,,,,,,,,,,,,,,,,2318.0,143.0,69737.0,214.0,,7426.0,350.0,,6829.0,2882.0,143.0,84032.0
115,Sydney - Baulkham Hills and Hawkesbury,sa4,NSW,2020,2019-20,16931.0,9672.0,2611.0,568.0,29782.0,,,,,,,,,,,735.0,35.0,893.0,83.0,5849.0,1410.0,1743.0,963.0,1782.0,251.0,1628.0,3867.0,4931.0,1174.0,103.0,602.0,2110.0,361.0,1222.0,40.0,7768.0,9635.0,10387.0,1209.0,424.0,359.0,,,,,,,,,,,,,1761.0,435.0,2196.0,2196.0,814.0,152.0,966.0,979.0,382.0,1361.0,3397.0,1200000.0,854.0,770000.0,63.0,80.0,141.0,22.0,23.0,33.0,8.0,15.0,7.0,8.0,8.0,14.0,,,,,,,,,,,,,,,,,,,,,,,,,,,,,,,,,,1783.0,150.0,71370.0,261.0,,7687.0,980.0,,7809.0,3024.0,150.0,86906.0
115,Sydney - Baulkham Hills and Hawkesbury,sa4,NSW,2021,2020-21,16260.0,11608.0,2709.0,584.0,31161.0,2990.0,1625.0,84.0,6.0,4705.0,2835.0,619.0,97.0,16.0,3567.0,749.0,22.0,898.0,83.0,6222.0,1418.0,1845.0,989.0,1686.0,281.0,1716.0,4002.0,5236.0,1254.0,95.0,634.0,2325.0,380.0,1290.0,36.0,8726.0,9727.0,10674.0,1241.0,433.0,360.0,1872.0,1810.0,978.0,30.0,7.0,8.0,1904.0,1041.0,574.0,39.0,18.0,15.0,2279.0,1403.0,3682.0,3682.0,1024.0,454.0,1478.0,1499.0,298.0,1797.0,4899.0,1315000.0,1420.0,845000.0,27.0,40.0,70.0,17.0,4.0,9.0,4.0,7.0,4.0,5.0,5.0,17.0,11518.8,26.5,1941.6,540.8,487.3,134786.8,118.8,1418.8,230.7,253.4,239.7,7.7,1.2,0.2,5.7,0.9,10.5,4.2,8.9,4.1,3.4,2.2,7.3,2.0,10.9,2.5,4.9,9.4,12.6,1.2,3.5,4.4,132111.0,1647.0,183.0,72834.0,206.0,,7893.0,495.0,,8304.0,2348.0,183.0,89071.0
115,Sydney - Baulkham Hills and Hawkesbury,sa4,NSW,2022,2021-22,17366.0,11891.0,2764.0,627.0,32655.0,3620.0,1621.0,109.0,9.0,5360.0,2778.0,992.0,120.0,21.0,3914.0,743.0,24.0,944.0,80.0,6585.0,1415.0,1954.0,1023.0,1641.0,300.0,1868.0,4222.0,5514.0,1329.0,99.0,649.0,2502.0,403.0,1336.0,32.0,8907.0,10220.0,11299.0,1344.0,464.0,410.0,2088.0,2107.0,1111.0,33.0,10.0,6.0,1907.0,1042.0,575.0,36.0,21.0,13.0,1695.0,2153.0,3848.0,3848.0,955.0,772.0,1727.0,1746.0,433.0,2179.0,3736.0,1750000.0,1260.0,870000.0,,,,,,,,,,,,,,,,,,,,,,,,,,,,,,,,,,,,,,,,,,,,,,1857.0,236.0,74455.0,203.0,,8096.0,726.0,,9030.0,2786.0,236.0,91621.0
115,Sydney - Baulkham Hills and Hawkesbury,sa4,NSW,2023,2022-23,18340.0,11603.0,2815.0,675.0,33433.0,3426.0,1575.0,97.0,12.0,5110.0,3165.0,1150.0,133.0,17.0,4465.0,713.0,24.0,937.0,80.0,6638.0,1475.0,1952.0,1063.0,1720.0,302.0,1937.0,4292.0,5707.0,1371.0,97.0,677.0,2645.0,422.0,1353.0,28.0,8369.0,10517.0,12067.0,1478.0,522.0,480.0,1741.0,2141.0,1165.0,35.0,17.0,11.0,2247.0,1338.0,832.0,53.0,13.0,10.0,1752.0,2037.0,3789.0,3789.0,1025.0,873.0,1897.0,1917.0,427.0,2345.0,3057.0,1723150.0,1057.0,820000.0,,,,,,,,,,,,,,,,,,,,,,,,,,,,,,,,,,,,,,,,,,,,,,,,,,,,,,,,,
115,Sydney - Baulkham Hills and Hawkesbury,sa4,NSW,2024,2023-24,19642.0,11540.0,2860.0,741.0,34783.0,3931.0,1636.0,116.0,22.0,5700.0,3224.0,1058.0,140.0,18.0,4440.0,684.0,20.0,968.0,85.0,6826.0,1458.0,1964.0,1110.0,1852.0,297.0,2063.0,4486.0,5992.0,1422.0,94.0,699.0,2889.0,423.0,1412.0,26.0,8568.0,10707.0,12788.0,1616.0,552.0,552.0,2030.0,2294.0,1293.0,46.0,26.0,10.0,2117.0,1380.0,845.0,63.0,18.0,21.0,1878.0,1026.0,2904.0,2904.0,1121.0,492.0,1613.0,1629.0,500.0,2128.0,,,,,,,,,,,,,,,,,,,,,,,,,,,,,,,,,,,,,,,,,,,,,,,,,,,,,,,,,,,,,
116,Sydney - Blacktown,sa4,NSW,2011,2010-11,,,,,,,,,,,,,,,,,,,,,,,,,,,,,,,,,,,,,,,,,,,,,,,,,,,,,,,,,,,,,,,,,,,,,,,,,,,,,,,,2230.0,92.0,745.0,88.0,1878.0,861366.0,,,,,,,0.5,0.1,12.6,1.2,7.0,6.3,10.8,5.3,7.4,1.9,5.8,1.2,5.5,3.3,6.2,5.7,11.4,1.0,3.8,3.0,134942.0,,,,,,,,,,,,
116,Sydney - Blacktown,sa4,NSW,2016,2015-16,,,,,,,,,,,,,,,,,,,,,,,,,,,,,,,,,,,,,,,,,,,,,,,,,,,,,,,,,,,,,,,,,,,,62.0,461.0,525.0,35.0,24.0,54.0,68.0,78.0,35.0,98.0,74.0,62.0,1239.0,26.0,779.0,8.0,,488649.0,,,,27.1,4.3,18.2,0.4,0.1,8.2,1.0,8.0,4.6,10.6,5.6,7.5,2.0,5.8,1.2,5.9,3.4,6.1,6.3,12.7,1.0,3.6,5.8,152674.0,,,,,,,,,,,,
116,Sydney - Blacktown,sa4,NSW,2017,2016-17,,,,,,,,,,,,,,,,,,,,,,,,,,,,,,,,,,,,,,,,,,,,,,,,,,,,,,,,,,,,,,,,,,,,70.0,440.0,507.0,41.0,31.0,57.0,61.0,77.0,38.0,72.0,93.0,50.0,,,,,,,,,,,,,,,,,,,,,,,,,,,,,,,,,,2788.0,198.0,95786.0,500.0,,14729.0,645.0,,7177.0,3933.0,198.0,117772.0
116,Sydney - Blacktown,sa4,NSW,2018,2017-18,,,,,,,,,,,,,,,,,,,,,,,,,,,,,,,,,,,,,,,,,,,,,,,,,,,,,,,,,,,,,,,,4045.0,760000.0,1353.0,590000.0,84.0,524.0,609.0,58.0,48.0,64.0,59.0,97.0,41.0,121.0,95.0,32.0,,,,,,,,,,,,,,,,,,,,,,,,,,,,,,,,,,2766.0,303.0,98249.0,603.0,2.0,15330.0,657.0,,7834.0,4026.0,305.0,121493.0
116,Sydney - Blacktown,sa4,NSW,2019,2018-19,,,,,,,,,,,,,,,,,,,,,,,,,,,,,,,,,,,,,,,,,,,,,,,,,,,,,,3193.0,2117.0,5310.0,5316.0,925.0,542.0,1467.0,1467.0,777.0,2244.0,3529.0,710000.0,996.0,570000.0,81.0,461.0,549.0,46.0,52.0,58.0,62.0,68.0,36.0,96.0,89.0,36.0,,,,,,,,,,,,,,,,,,,,,,,,,,,,,,,,,,3500.0,250.0,101499.0,603.0,,15933.0,828.0,,8662.0,4931.0,250.0,126174.0
116,Sydney - Blacktown,sa4,NSW,2020,2019-20,15893.0,7381.0,1956.0,588.0,25818.0,,,,,,,,,,,141.0,14.0,1083.0,85.0,4610.0,1126.0,1601.0,933.0,5976.0,212.0,677.0,1764.0,2765.0,1454.0,160.0,368.0,1281.0,251.0,1295.0,22.0,8174.0,8907.0,7020.0,900.0,380.0,437.0,,,,,,,,,,,,,2866.0,1568.0,4434.0,4465.0,792.0,387.0,1179.0,1192.0,1120.0,2312.0,4605.0,730000.0,1370.0,570000.0,59.0,350.0,409.0,31.0,34.0,32.0,50.0,64.0,31.0,73.0,52.0,32.0,,,,,,,,,,,,,,,,,,,,,,,,,,,,,,,,,,2888.0,197.0,104190.0,402.0,,16335.0,1760.0,1.0,10421.0,5050.0,198.0,131026.0
116,Sydney - Blacktown,sa4,NSW,2021,2020-21,15455.0,9546.0,2082.0,589.0,27672.0,3982.0,1981.0,99.0,16.0,6078.0,3505.0,651.0,76.0,22.0,4254.0,147.0,13.0,1147.0,87.0,5043.0,1209.0,1855.0,1037.0,5704.0,227.0,767.0,1947.0,3102.0,1574.0,160.0,407.0,1493.0,266.0,1467.0,20.0,9453.0,8826.0,7579.0,964.0,399.0,451.0,2553.0,2333.0,1148.0,31.0,10.0,3.0,2530.0,1209.0,509.0,27.0,10.0,4.0,3496.0,3345.0,6841.0,6865.0,1014.0,884.0,1898.0,1897.0,835.0,2732.0,6632.0,811000.0,2870.0,574990.0,29.0,183.0,212.0,25.0,15.0,23.0,16.0,33.0,18.0,35.0,23.0,36.0,1899.6,,1482.2,48.2,,1062500.0,,45.7,2.1,23.2,4.0,19.2,0.4,0.1,7.5,1.1,7.2,4.0,10.0,4.6,8.1,1.9,6.4,1.3,7.5,3.2,5.7,6.9,14.7,0.8,2.9,5.7,176932.0,2852.0,259.0,106783.0,464.0,5.0,16794.0,1013.0,,11434.0,4329.0,264.0,135091.0
116,Sydney - Blacktown,sa4,NSW,2022,2021-22,17172.0,10095.0,2181.0,635.0,30080.0,5104.0,1941.0,125.0,14.0,7180.0,3579.0,1040.0,108.0,18.0,4748.0,162.0,15.0,1184.0,91.0,5581.0,1232.0,2036.0,1148.0,5838.0,244.0,871.0,2186.0,3487.0,1805.0,155.0,459.0,1699.0,297.0,1579.0,21.0,9417.0,10416.0,8357.0,963.0,418.0,511.0,2707.0,3172.0,1272.0,21.0,7.0,5.0,2528.0,1208.0,506.0,26.0,11.0,4.0,2531.0,3157.0,5688.0,5733.0,866.0,897.0,1763.0,1786.0,890.0,2676.0,5446.0,1000000.0,2854.0,600000.0,,,,,,,,,,,,,,,,,,,,,,,,,,,,,,,,,,,,,,,,,,,,,,3000.0,339.0,109444.0,580.0,,17374.0,1029.0,,12463.0,4611.0,339.0,139363.0
116,Sydney - Blacktown,sa4,NSW,2023,2022-23,19067.0,9975.0,2297.0,657.0,31996.0,5456.0,1942.0,106.0,13.0,7517.0,4921.0,1404.0,135.0,19.0,6479.0,159.0,11.0,1211.0,94.0,5778.0,1240.0,2081.0,1207.0,6612.0,250.0,941.0,2240.0,3818.0,1911.0,161.0,495.0,1847.0,285.0,1632.0,23.0,8677.0,11799.0,9357.0,1133.0,464.0,566.0,2381.0,3704.0,1363.0,47.0,18.0,4.0,3152.0,2192.0,1053.0,54.0,14.0,13.0,2075.0,2212.0,4287.0,4317.0,824.0,642.0,1466.0,1483.0,739.0,2222.0,4308.0,1020000.0,1967.0,625000.0,,,,,,,,,,,,,,,,,,,,,,,,,,,,,,,,,,,,,,,,,,,,,,,,,,,,,,,,,
116,Sydney - Blacktown,sa4,NSW,2024,2023-24,21283.0,10090.0,2288.0,718.0,34379.0,6306.0,1994.0,127.0,16.0,8440.0,4576.0,1211.0,142.0,18.0,5947.0,156.0,7.0,1200.0,80.0,5950.0,1295.0,2119.0,1325.0,7764.0,271.0,1006.0,2381.0,4109.0,1954.0,157.0,515.0,2102.0,292.0,1680.0,9.0,9465.0,12476.0,10094.0,1236.0,519.0,589.0,2871.0,4022.0,1474.0,51.0,10.0,6.0,2671.0,2214.0,971.0,63.0,17.0,11.0,1663.0,729.0,2392.0,2393.0,716.0,276.0,992.0,997.0,2302.0,3299.0,,,,,,,,,,,,,,,,,,,,,,,,,,,,,,,,,,,,,,,,,,,,,,,,,,,,,,,,,,,,,
117,Sydney - City and Inner South,sa4,NSW,2011,2010-11,,,,,,,,,,,,,,,,,,,,,,,,,,,,,,,,,,,,,,,,,,,,,,,,,,,,,,,,,,,,,,,,,,,,,,,,,,,,,,,,2500.0,,1192.0,,,,,,,,,,0.1,0.2,4.4,0.5,3.7,4.0,7.9,9.0,4.2,5.6,8.7,1.7,14.5,4.3,6.1,7.9,8.9,2.9,3.0,2.3,145695.0,,,,,,,,,,,,
117,Sydney - City and Inner South,sa4,NSW,2016,2015-16,,,,,,,,,,,,,,,,,,,,,,,,,,,,,,,,,,,,,,,,,,,,,,,,,,,,,,,,,,,,,,,,,,,,67.0,220.0,290.0,47.0,58.0,40.0,30.0,37.0,29.0,16.0,10.0,18.0,109036.0,80.0,14644.0,5481.0,,,3317.0,,,13.6,5.4,7.8,0.2,0.2,2.9,0.5,4.5,2.5,7.5,10.6,3.9,4.8,7.8,2.0,14.9,4.1,6.2,8.1,9.0,2.9,3.0,4.5,174464.0,,,,,,,,,,,,
117,Sydney - City and Inner South,sa4,NSW,2017,2016-17,,,,,,,,,,,,,,,,,,,,,,,,,,,,,,,,,,,,,,,,,,,,,,,,,,,,,,,,,,,,,,,,,,,,85.0,231.0,316.0,52.0,49.0,45.0,38.0,53.0,27.0,13.0,15.0,17.0,,,,,,,,,,,,,,,,,,,,,,,,,,,,,,,,,,90.0,46.0,15555.0,71.0,1.0,31784.0,3246.0,2.0,107233.0,3407.0,49.0,155886.0
117,Sydney - City and Inner South,sa4,NSW,2018,2017-18,,,,,,,,,,,,,,,,,,,,,,,,,,,,,,,,,,,,,,,,,,,,,,,,,,,,,,,,,,,,,,,,1599.0,1525000.0,5965.0,890000.0,83.0,232.0,314.0,42.0,72.0,41.0,42.0,52.0,28.0,17.0,22.0,17.0,,,,,,,,,,,,,,,,,,,,,,,,,,,,,,,,,,115.0,47.0,15623.0,66.0,,31850.0,4347.0,8.0,111572.0,4529.0,55.0,160360.0
117,Sydney - City and Inner South,sa4,NSW,2019,2018-19,,,,,,,,,,,,,,,,,,,,,,,,,,,,,,,,,,,,,,,,,,,,,,,,,,,,,,127.0,3113.0,3240.0,3240.0,157.0,1066.0,1223.0,1258.0,4603.0,5861.0,1318.0,1355000.0,4528.0,850000.0,79.0,204.0,284.0,44.0,46.0,34.0,27.0,45.0,25.0,27.0,18.0,22.0,,,,,,,,,,,,,,,,,,,,,,,,,,,,,,,,,,135.0,61.0,15697.0,147.0,6.0,31991.0,8148.0,5.0,119715.0,8442.0,72.0,168730.0
117,Sydney - City and Inner South,sa4,NSW,2020,2019-20,51327.0,20633.0,8495.0,3493.0,83948.0,,,,,,,,,,,468.0,347.0,1975.0,267.0,6462.0,3192.0,4330.0,4308.0,3220.0,2026.0,11723.0,13644.0,18233.0,4229.0,186.0,1546.0,3709.0,1523.0,2377.0,183.0,21363.0,21194.0,28964.0,5633.0,2563.0,4231.0,,,,,,,,,,,,,89.0,1410.0,1499.0,1499.0,156.0,488.0,643.0,703.0,2960.0,3662.0,1552.0,1520000.0,5499.0,870000.0,64.0,149.0,216.0,44.0,36.0,19.0,34.0,34.0,14.0,14.0,14.0,11.0,,,,,,,,,,,,,,,,,,,,,,,,,,,,,,,,,,110.0,67.0,15740.0,87.0,5.0,32073.0,4893.0,51.0,124557.0,5091.0,123.0,173698.0
117,Sydney - City and Inner South,sa4,NSW,2021,2020-21,50057.0,24150.0,8825.0,3599.0,86631.0,9358.0,3715.0,366.0,79.0,13518.0,8625.0,1513.0,256.0,107.0,10501.0,464.0,331.0,2045.0,292.0,6658.0,3251.0,4533.0,4507.0,3027.0,2028.0,12241.0,14144.0,18925.0,4229.0,186.0,1617.0,3935.0,1549.0,2526.0,143.0,24327.0,21592.0,28924.0,5371.0,2404.0,4013.0,5802.0,4584.0,2758.0,202.0,72.0,100.0,4930.0,2830.0,1732.0,205.0,92.0,191.0,104.0,2880.0,2984.0,2990.0,175.0,1505.0,1680.0,1765.0,4652.0,6417.0,1976.0,1685000.0,6718.0,890000.0,56.0,87.0,146.0,26.0,29.0,10.0,18.0,21.0,7.0,5.0,13.0,15.0,,,,,,,,,,0.1,0.1,,0.2,0.1,2.9,0.5,5.2,2.3,7.3,7.7,4.0,4.0,8.9,2.0,16.8,3.5,6.1,8.2,10.2,2.8,2.8,4.6,192809.0,93.0,78.0,15755.0,99.0,,32172.0,3612.0,38.0,128131.0,3806.0,116.0,177388.0
117,Sydney - City and Inner South,sa4,NSW,2022,2021-22,52932.0,24704.0,8975.0,3591.0,90196.0,10549.0,3623.0,468.0,92.0,14731.0,8244.0,2266.0,377.0,106.0,10999.0,454.0,341.0,2063.0,337.0,7035.0,3186.0,4789.0,4669.0,2827.0,2085.0,13015.0,15033.0,19602.0,4268.0,177.0,1693.0,4140.0,1685.0,2681.0,116.0,24071.0,22292.0,30501.0,6019.0,2734.0,4578.0,5665.0,5159.0,3266.0,320.0,163.0,153.0,4939.0,2827.0,1727.0,205.0,90.0,188.0,90.0,1866.0,1956.0,2039.0,186.0,902.0,1088.0,1205.0,2645.0,3850.0,2067.0,1950000.0,6837.0,950000.0,,,,,,,,,,,,,,,,,,,,,,,,,,,,,,,,,,,,,,,,,,,,,,88.0,106.0,15737.0,80.0,3.0,32249.0,960.0,12.0,129079.0,1130.0,121.0,178397.0
117,Sydney - City and Inner South,sa4,NSW,2023,2022-23,55296.0,23497.0,8905.0,3964.0,91662.0,9683.0,3337.0,392.0,96.0,13508.0,9181.0,2626.0,417.0,118.0,12342.0,457.0,336.0,2044.0,383.0,7136.0,3173.0,4739.0,4682.0,2895.0,2118.0,13682.0,15302.0,19662.0,4294.0,169.0,1697.0,4376.0,1715.0,2670.0,132.0,22622.0,22537.0,31789.0,6399.0,3352.0,4963.0,4656.0,5261.0,3048.0,214.0,192.0,137.0,5559.0,3382.0,2396.0,282.0,96.0,171.0,64.0,1742.0,1806.0,1806.0,175.0,940.0,1116.0,1181.0,4957.0,6139.0,1585.0,1800000.0,5901.0,901800.0,,,,,,,,,,,,,,,,,,,,,,,,,,,,,,,,,,,,,,,,,,,,,,,,,,,,,,,,,
117,Sydney - City and Inner South,sa4,NSW,2024,2023-24,59251.0,22900.0,8846.0,4360.0,95357.0,11148.0,3378.0,396.0,90.0,15017.0,9012.0,2182.0,369.0,103.0,11666.0,462.0,364.0,2066.0,433.0,7562.0,3200.0,4846.0,4735.0,3009.0,2142.0,14918.0,15979.0,20145.0,4434.0,180.0,1717.0,4609.0,1700.0,2731.0,117.0,23088.0,23121.0,33207.0,7242.0,3328.0,5371.0,5231.0,5745.0,3526.0,282.0,112.0,126.0,5450.0,3432.0,2269.0,265.0,94.0,157.0,73.0,777.0,850.0,901.0,194.0,684.0,879.0,990.0,3214.0,4204.0,,,,,,,,,,,,,,,,,,,,,,,,,,,,,,,,,,,,,,,,,,,,,,,,,,,,,,,,,,,,,
118,Sydney - Eastern Suburbs,sa4,NSW,2011,2010-11,,,,,,,,,,,,,,,,,,,,,,,,,,,,,,,,,,,,,,,,,,,,,,,,,,,,,,,,,,,,,,,,,,,,,,,,,,,,,,,,2248.0,,768.0,1307.0,,,,,,,,,0.2,0.2,3.9,0.5,5.3,4.2,7.5,6.3,3.7,4.8,9.2,2.5,14.9,3.8,5.1,8.7,11.1,2.6,3.0,2.5,126581.0,,,,,,,,,,,,
118,Sydney - Eastern Suburbs,sa4,NSW,2016,2015-16,,,,,,,,,,,,,,,,,,,,,,,,,,,,,,,,,,,,,,,,,,,,,,,,,,,,,,,,,,,,,,,,,,,,79.0,138.0,210.0,29.0,48.0,26.0,20.0,30.0,19.0,12.0,19.0,14.0,8943.0,,236.0,6469.0,,,1145.0,,,0.9,0.4,0.3,0.2,0.2,2.7,0.5,6.2,2.7,7.1,6.6,3.5,4.3,8.7,2.9,15.1,3.9,4.8,9.3,11.4,2.7,2.9,4.4,135881.0,,,,,,,,,,,,
118,Sydney - Eastern Suburbs,sa4,NSW,2017,2016-17,,,,,,,,,,,,,,,,,,,,,,,,,,,,,,,,,,,,,,,,,,,,,,,,,,,,,,,,,,,,,,,,,,,,63.0,129.0,193.0,33.0,33.0,22.0,23.0,22.0,18.0,12.0,18.0,15.0,,,,,,,,,,,,,,,,,,,,,,,,,,,,,,,,,,170.0,176.0,25732.0,141.0,10.0,20750.0,874.0,16.0,70883.0,1190.0,202.0,118111.0
118,Sydney - Eastern Suburbs,sa4,NSW,2018,2017-18,,,,,,,,,,,,,,,,,,,,,,,,,,,,,,,,,,,,,,,,,,,,,,,,,,,,,,,,,,,,,,,,1710.0,2600000.0,3103.0,1120000.0,83.0,150.0,236.0,36.0,43.0,26.0,27.0,40.0,16.0,11.0,17.0,16.0,,,,,,,,,,,,,,,,,,,,,,,,,,,,,,,,,,171.0,213.0,25690.0,144.0,3.0,20891.0,864.0,11.0,71736.0,1181.0,227.0,119065.0
118,Sydney - Eastern Suburbs,sa4,NSW,2019,2018-19,,,,,,,,,,,,,,,,,,,,,,,,,,,,,,,,,,,,,,,,,,,,,,,,,,,,,,171.0,832.0,1003.0,1003.0,511.0,468.0,980.0,1054.0,336.0,1390.0,1548.0,2467500.0,2443.0,1030000.0,79.0,119.0,191.0,24.0,39.0,34.0,24.0,18.0,18.0,14.0,9.0,15.0,,,,,,,,,,,,,,,,,,,,,,,,,,,,,,,,,,184.0,298.0,25576.0,153.0,11.0,21033.0,929.0,7.0,72658.0,1274.0,316.0,120023.0
118,Sydney - Eastern Suburbs,sa4,NSW,2020,2019-20,22159.0,8854.0,2219.0,621.0,33853.0,,,,,,,,,,,259.0,31.0,592.0,52.0,3536.0,1017.0,1899.0,1460.0,1503.0,932.0,2706.0,5168.0,6770.0,1506.0,77.0,701.0,3387.0,979.0,1234.0,44.0,8549.0,11685.0,11730.0,1223.0,378.0,288.0,,,,,,,,,,,,,155.0,487.0,642.0,678.0,433.0,262.0,695.0,763.0,1856.0,2619.0,1693.0,2650000.0,3133.0,1144000.0,58.0,86.0,146.0,29.0,25.0,19.0,20.0,16.0,16.0,5.0,16.0,12.0,,,,,,,,,,,,,,,,,,,,,,,,,,,,,,,,,,199.0,211.0,25564.0,129.0,10.0,21152.0,873.0,11.0,73520.0,1202.0,232.0,120993.0
118,Sydney - Eastern Suburbs,sa4,NSW,2021,2020-21,21413.0,10610.0,2365.0,604.0,34992.0,4107.0,1407.0,87.0,8.0,5609.0,3618.0,536.0,79.0,18.0,4251.0,266.0,29.0,614.0,64.0,3675.0,1017.0,2056.0,1502.0,1312.0,956.0,2947.0,5318.0,7003.0,1582.0,80.0,752.0,3491.0,984.0,1311.0,33.0,9676.0,11948.0,11555.0,1207.0,323.0,283.0,2086.0,2392.0,1078.0,41.0,7.0,5.0,2090.0,1396.0,681.0,43.0,24.0,13.0,140.0,453.0,593.0,594.0,481.0,246.0,726.0,824.0,303.0,1128.0,2221.0,3111000.0,4159.0,1230500.0,27.0,47.0,75.0,8.0,11.0,8.0,8.0,4.0,8.0,3.0,3.0,18.0,905.8,4189.0,307.0,,,,,28.8,,14.0,2.0,2.8,0.2,0.2,2.5,0.5,6.9,2.4,6.5,5.0,3.2,3.6,9.8,3.0,16.9,3.4,4.7,9.0,12.2,2.4,2.7,4.8,138638.0,148.0,219.0,25493.0,142.0,10.0,21284.0,543.0,8.0,74055.0,833.0,237.0,121589.0
118,Sydney - Eastern Suburbs,sa4,NSW,2022,2021-22,22522.0,10737.0,2328.0,589.0,36177.0,4535.0,1379.0,80.0,15.0,6010.0,3585.0,861.0,98.0,28.0,4573.0,259.0,29.0,603.0,65.0,3851.0,997.0,2085.0,1499.0,1183.0,976.0,3409.0,5545.0,7223.0,1602.0,85.0,756.0,3589.0,1002.0,1369.0,28.0,9195.0,12490.0,12445.0,1328.0,394.0,327.0,1924.0,2823.0,1184.0,51.0,16.0,14.0,2097.0,1397.0,687.0,42.0,22.0,16.0,159.0,723.0,882.0,882.0,630.0,404.0,1034.0,1100.0,1038.0,2138.0,1849.0,3550000.0,3931.0,1350000.0,,,,,,,,,,,,,,,,,,,,,,,,,,,,,,,,,,,,,,,,,,,,,,131.0,289.0,25335.0,120.0,24.0,21380.0,452.0,18.0,74489.0,719.0,331.0,121977.0
118,Sydney - Eastern Suburbs,sa4,NSW,2023,2022-23,22959.0,10028.0,2346.0,618.0,35951.0,4139.0,1171.0,73.0,12.0,5395.0,4159.0,1023.0,126.0,18.0,5326.0,241.0,24.0,616.0,68.0,3894.0,978.0,2041.0,1439.0,1207.0,941.0,3248.0,5459.0,7311.0,1627.0,90.0,739.0,3637.0,1014.0,1340.0,37.0,8381.0,12346.0,12957.0,1435.0,443.0,389.0,1588.0,2658.0,1092.0,41.0,10.0,6.0,2283.0,2010.0,966.0,40.0,16.0,11.0,150.0,656.0,806.0,806.0,590.0,526.0,1116.0,1219.0,891.0,2110.0,1522.0,3300000.0,3004.0,1244000.0,,,,,,,,,,,,,,,,,,,,,,,,,,,,,,,,,,,,,,,,,,,,,,,,,,,,,,,,,
118,Sydney - Eastern Suburbs,sa4,NSW,2024,2023-24,24026.0,9712.0,2316.0,689.0,36743.0,4655.0,1313.0,82.0,9.0,6065.0,3941.0,838.0,102.0,18.0,4899.0,240.0,26.0,616.0,61.0,4044.0,983.0,2054.0,1409.0,1270.0,945.0,3310.0,5581.0,7438.0,1715.0,84.0,737.0,3732.0,1052.0,1419.0,36.0,8416.0,12605.0,13349.0,1483.0,492.0,398.0,1748.0,2919.0,1334.0,41.0,9.0,8.0,2038.0,1819.0,963.0,42.0,14.0,18.0,138.0,873.0,1011.0,1029.0,574.0,739.0,1313.0,1488.0,474.0,1962.0,,,,,,,,,,,,,,,,,,,,,,,,,,,,,,,,,,,,,,,,,,,,,,,,,,,,,,,,,,,,,
119,Sydney - Inner South West,sa4,NSW,2011,2010-11,,,,,,,,,,,,,,,,,,,,,,,,,,,,,,,,,,,,,,,,,,,,,,,,,,,,,,,,,,,,,,,,,,,,,,,,,,,,,,,,759.0,,5.0,2780.0,,,,,,,,,0.1,0.1,8.9,0.8,7.2,5.3,10.6,7.7,8.2,2.3,6.0,1.6,7.1,3.8,5.2,6.4,10.3,1.3,4.1,3.2,221028.0,,,,,,,,,,,,
119,Sydney - Inner South West,sa4,NSW,2016,2015-16,,,,,,,,,,,,,,,,,,,,,,,,,,,,,,,,,,,,,,,,,,,,,,,,,,,,,,,,,,,,,,,,,,,,156.0,460.0,621.0,67.0,47.0,91.0,71.0,96.0,49.0,56.0,87.0,56.0,4536.0,,1891.0,171.0,,,,,,1.6,0.6,1.0,0.2,0.1,5.7,0.6,8.4,3.4,10.3,8.1,7.5,2.0,5.8,1.8,7.6,4.1,4.9,7.0,11.2,1.4,3.9,5.9,247410.0,,,,,,,,,,,,
119,Sydney - Inner South West,sa4,NSW,2017,2016-17,,,,,,,,,,,,,,,,,,,,,,,,,,,,,,,,,,,,,,,,,,,,,,,,,,,,,,,,,,,,,,,,,,,,125.0,499.0,620.0,55.0,40.0,95.0,85.0,101.0,58.0,75.0,60.0,55.0,,,,,,,,,,,,,,,,,,,,,,,,,,,,,,,,,,1059.0,726.0,109645.0,1191.0,,28757.0,3226.0,18.0,73262.0,5476.0,744.0,212647.0
119,Sydney - Inner South West,sa4,NSW,2018,2017-18,,,,,,,,,,,,,,,,,,,,,,,,,,,,,,,,,,,,,,,,,,,,,,,,,,,,,,,,,,,,,,,,3846.0,1150000.0,4706.0,650000.0,149.0,502.0,651.0,61.0,56.0,91.0,93.0,92.0,57.0,73.0,77.0,49.0,,,,,,,,,,,,,,,,,,,,,,,,,,,,,,,,,,1003.0,765.0,109883.0,973.0,,29730.0,3143.0,,76405.0,5119.0,765.0,217001.0
119,Sydney - Inner South West,sa4,NSW,2019,2018-19,,,,,,,,,,,,,,,,,,,,,,,,,,,,,,,,,,,,,,,,,,,,,,,,,,,,,,1030.0,1883.0,2913.0,2964.0,381.0,577.0,959.0,980.0,673.0,1653.0,3179.0,985000.0,3263.0,627000.0,159.0,441.0,600.0,65.0,61.0,70.0,72.0,72.0,49.0,90.0,69.0,48.0,,,,,,,,,,,,,,,,,,,,,,,,,,,,,,,,,,1117.0,743.0,110257.0,1081.0,5.0,30806.0,3023.0,3.0,79425.0,5223.0,751.0,221473.0
119,Sydney - Inner South West,sa4,NSW,2020,2019-20,38550.0,17217.0,4018.0,895.0,60680.0,,,,,,,,,,,156.0,24.0,2205.0,170.0,12013.0,2446.0,3909.0,2413.0,11190.0,420.0,1909.0,6745.0,6172.0,3166.0,418.0,815.0,3322.0,542.0,2580.0,65.0,18425.0,21678.0,17174.0,2014.0,757.0,632.0,,,,,,,,,,,,,1028.0,3214.0,4242.0,4350.0,422.0,1087.0,1509.0,1549.0,423.0,1972.0,3681.0,1080000.0,4066.0,632500.0,148.0,332.0,480.0,55.0,40.0,62.0,58.0,66.0,42.0,50.0,49.0,56.0,,,,,,,,,,,,,,,,,,,,,,,,,,,,,,,,,,1007.0,777.0,110487.0,688.0,1.0,31493.0,2371.0,4.0,81792.0,4066.0,782.0,224757.0
119,Sydney - Inner South West,sa4,NSW,2021,2020-21,36577.0,21214.0,4135.0,887.0,62813.0,7839.0,3812.0,168.0,20.0,11839.0,7318.0,1490.0,186.0,25.0,9019.0,179.0,27.0,2244.0,184.0,12732.0,2574.0,4243.0,2549.0,10627.0,421.0,2022.0,6886.0,6520.0,3300.0,392.0,877.0,3594.0,580.0,2806.0,56.0,21439.0,21031.0,17026.0,1969.0,733.0,615.0,4856.0,4599.0,2251.0,98.0,25.0,10.0,4614.0,2810.0,1369.0,135.0,35.0,12.0,1018.0,2275.0,3293.0,3372.0,466.0,765.0,1231.0,1261.0,580.0,1841.0,5046.0,1240000.0,5755.0,658300.0,85.0,172.0,251.0,27.0,18.0,32.0,26.0,36.0,10.0,37.0,36.0,37.0,769.8,,281.2,861.7,,,,4.5,,0.5,0.2,0.2,0.2,0.1,5.4,0.6,7.8,3.1,10.0,6.2,7.1,1.8,6.4,1.8,8.7,3.7,5.2,8.0,13.5,1.3,3.5,5.5,245597.0,891.0,920.0,110458.0,730.0,4.0,32219.0,1778.0,13.0,83557.0,3400.0,937.0,227220.0
119,Sydney - Inner South West,sa4,NSW,2022,2021-22,38713.0,21465.0,4152.0,891.0,65226.0,9274.0,3584.0,165.0,11.0,13039.0,7180.0,2438.0,231.0,30.0,9873.0,161.0,28.0,2288.0,183.0,13500.0,2618.0,4386.0,2697.0,10291.0,439.0,2150.0,7124.0,6886.0,3408.0,445.0,949.0,3981.0,614.0,3021.0,53.0,20637.0,23023.0,18075.0,2102.0,724.0,662.0,4648.0,5791.0,2447.0,99.0,34.0,21.0,4620.0,2814.0,1373.0,136.0,35.0,14.0,905.0,2041.0,2946.0,3010.0,506.0,729.0,1235.0,1264.0,605.0,1869.0,4884.0,1450000.0,5375.0,672250.0,,,,,,,,,,,,,,,,,,,,,,,,,,,,,,,,,,,,,,,,,,,,,,883.0,1216.0,110125.0,705.0,5.0,32919.0,946.0,,84503.0,2536.0,1221.0,228535.0
119,Sydney - Inner South West,sa4,NSW,2023,2022-23,40786.0,20436.0,4143.0,934.0,66299.0,9390.0,3425.0,194.0,25.0,13034.0,9291.0,3043.0,269.0,26.0,12629.0,161.0,29.0,2278.0,181.0,13541.0,2555.0,4384.0,2602.0,10726.0,450.0,2281.0,7164.0,7046.0,3547.0,420.0,947.0,4254.0,644.0,3037.0,52.0,18355.0,24167.0,19810.0,2396.0,805.0,766.0,4170.0,6024.0,2651.0,129.0,39.0,21.0,5901.0,4339.0,2175.0,151.0,42.0,24.0,809.0,1493.0,2302.0,2354.0,513.0,642.0,1155.0,1191.0,922.0,2112.0,4013.0,1390000.0,4944.0,660000.0,,,,,,,,,,,,,,,,,,,,,,,,,,,,,,,,,,,,,,,,,,,,,,,,,,,,,,,,,
119,Sydney - Inner South West,sa4,NSW,2024,2023-24,43501.0,20050.0,4192.0,1030.0,68773.0,10528.0,3580.0,210.0,26.0,14346.0,8525.0,2434.0,258.0,32.0,11249.0,166.0,26.0,2272.0,188.0,13900.0,2553.0,4439.0,2678.0,11400.0,433.0,2447.0,7364.0,7268.0,3676.0,427.0,1016.0,4611.0,639.0,3211.0,46.0,18206.0,25097.0,21136.0,2525.0,950.0,859.0,4561.0,6656.0,2960.0,114.0,35.0,23.0,4986.0,4140.0,1900.0,176.0,33.0,14.0,756.0,1826.0,2582.0,2773.0,464.0,777.0,1241.0,1336.0,600.0,1936.0,,,,,,,,,,,,,,,,,,,,,,,,,,,,,,,,,,,,,,,,,,,,,,,,,,,,,,,,,,,,,
120,Sydney - Inner West,sa4,NSW,2011,2010-11,,,,,,,,,,,,,,,,,,,,,,,,,,,,,,,,,,,,,,,,,,,,,,,,,,,,,,,,,,,,,,,,,,,,,,,,,,,,,,,,8983.0,,225.0,3629.0,,,,,,,,,0.1,0.1,5.7,0.7,5.4,5.0,8.6,6.7,3.8,4.2,8.2,2.0,12.4,3.8,5.6,8.8,11.4,2.0,3.2,2.4,135066.0,,,,,,,,,,,,
120,Sydney - Inner West,sa4,NSW,2016,2015-16,,,,,,,,,,,,,,,,,,,,,,,,,,,,,,,,,,,,,,,,,,,,,,,,,,,,,,,,,,,,,,,,,,,,66.0,145.0,206.0,36.0,26.0,26.0,25.0,29.0,18.0,18.0,19.0,19.0,4424.0,,595.0,3404.0,,,381.0,,,1.0,0.4,0.5,0.2,0.1,3.9,0.6,6.1,3.4,8.3,7.3,3.5,3.9,8.1,2.3,12.8,3.7,5.4,8.9,11.6,2.1,3.1,4.6,150118.0,,,,,,,,,,,,
120,Sydney - Inner West,sa4,NSW,2017,2016-17,,,,,,,,,,,,,,,,,,,,,,,,,,,,,,,,,,,,,,,,,,,,,,,,,,,,,,,,,,,,,,,,,,,,57.0,152.0,210.0,27.0,27.0,23.0,23.0,37.0,23.0,20.0,23.0,24.0,,,,,,,,,,,,,,,,,,,,,,,,,,,,,,,,,,239.0,168.0,42895.0,117.0,,19712.0,2986.0,13.0,60876.0,3345.0,181.0,124349.0
120,Sydney - Inner West,sa4,NSW,2018,2017-18,,,,,,,,,,,,,,,,,,,,,,,,,,,,,,,,,,,,,,,,,,,,,,,,,,,,,,,,,,,,,,,,1884.0,1800000.0,3311.0,774000.0,76.0,177.0,252.0,32.0,38.0,32.0,36.0,37.0,23.0,23.0,22.0,8.0,,,,,,,,,,,,,,,,,,,,,,,,,,,,,,,,,,269.0,223.0,42941.0,199.0,1.0,19910.0,2892.0,10.0,63758.0,3364.0,234.0,127479.0
120,Sydney - Inner West,sa4,NSW,2019,2018-19,,,,,,,,,,,,,,,,,,,,,,,,,,,,,,,,,,,,,,,,,,,,,,,,,,,,,,292.0,1052.0,1344.0,1344.0,330.0,352.0,682.0,700.0,411.0,1111.0,1732.0,1592000.0,2452.0,750000.0,65.0,145.0,208.0,28.0,35.0,24.0,24.0,35.0,29.0,8.0,21.0,10.0,,,,,,,,,,,,,,,,,,,,,,,,,,,,,,,,,,308.0,250.0,42999.0,157.0,2.0,20065.0,2180.0,9.0,65929.0,2661.0,261.0,129879.0
120,Sydney - Inner West,sa4,NSW,2020,2019-20,22475.0,9801.0,2610.0,614.0,35500.0,,,,,,,,,,,188.0,27.0,795.0,68.0,4985.0,1401.0,2141.0,1743.0,2677.0,568.0,1744.0,5367.0,6096.0,1716.0,102.0,672.0,3277.0,662.0,1241.0,30.0,9799.0,12106.0,11393.0,1279.0,465.0,458.0,,,,,,,,,,,,,243.0,1110.0,1353.0,1353.0,284.0,457.0,741.0,766.0,642.0,1408.0,1939.0,1785000.0,3091.0,770000.0,50.0,103.0,151.0,17.0,21.0,17.0,15.0,24.0,15.0,17.0,6.0,17.0,,,,,,,,,,,,,,,,,,,,,,,,,,,,,,,,,,271.0,256.0,43014.0,169.0,,20234.0,2382.0,44.0,68267.0,2822.0,300.0,132401.0
120,Sydney - Inner West,sa4,NSW,2021,2020-21,21346.0,11920.0,2696.0,620.0,36582.0,4151.0,1870.0,107.0,13.0,6141.0,3848.0,757.0,102.0,19.0,4726.0,203.0,27.0,826.0,71.0,5174.0,1433.0,2252.0,1867.0,2500.0,570.0,1842.0,5472.0,6289.0,1788.0,102.0,707.0,3451.0,641.0,1339.0,28.0,11049.0,12028.0,11401.0,1214.0,427.0,463.0,2504.0,2371.0,1196.0,42.0,15.0,13.0,2447.0,1429.0,735.0,52.0,24.0,13.0,309.0,1336.0,1645.0,1645.0,364.0,538.0,902.0,935.0,328.0,1263.0,2471.0,2000000.0,4014.0,800000.0,29.0,60.0,88.0,10.0,14.0,10.0,14.0,11.0,3.0,10.0,4.0,12.0,0.4,,,,,,,,,,,,0.2,0.1,3.8,0.6,6.4,2.9,7.8,5.8,3.5,3.4,8.7,2.3,13.8,3.4,5.5,9.2,13.3,2.0,2.8,4.5,158306.0,233.0,312.0,42935.0,136.0,5.0,20365.0,1056.0,4.0,69319.0,1425.0,321.0,133505.0
120,Sydney - Inner West,sa4,NSW,2022,2021-22,22066.0,11850.0,2642.0,619.0,37176.0,4577.0,1750.0,94.0,15.0,6428.0,3895.0,1200.0,155.0,12.0,5259.0,193.0,25.0,854.0,63.0,5343.0,1427.0,2345.0,1830.0,2331.0,590.0,1914.0,5542.0,6482.0,1738.0,103.0,768.0,3516.0,681.0,1408.0,22.0,10566.0,12561.0,11834.0,1309.0,444.0,467.0,2450.0,2647.0,1253.0,51.0,15.0,18.0,2449.0,1427.0,736.0,50.0,21.0,12.0,298.0,287.0,585.0,585.0,425.0,132.0,557.0,584.0,408.0,991.0,2430.0,2430000.0,3914.0,853500.0,,,,,,,,,,,,,,,,,,,,,,,,,,,,,,,,,,,,,,,,,,,,,,254.0,432.0,42757.0,160.0,4.0,20521.0,781.0,6.0,70094.0,1196.0,442.0,134259.0
120,Sydney - Inner West,sa4,NSW,2023,2022-23,23065.0,11285.0,2621.0,628.0,37599.0,4555.0,1581.0,77.0,14.0,6227.0,4278.0,1366.0,161.0,18.0,5823.0,194.0,24.0,856.0,64.0,5320.0,1442.0,2273.0,1771.0,2424.0,584.0,1978.0,5621.0,6531.0,1748.0,108.0,771.0,3710.0,732.0,1421.0,27.0,9651.0,12891.0,12566.0,1449.0,533.0,509.0,2055.0,2777.0,1310.0,59.0,13.0,13.0,2827.0,1823.0,1039.0,71.0,19.0,16.0,281.0,1453.0,1734.0,1734.0,433.0,606.0,1040.0,1059.0,648.0,1707.0,1921.0,2277500.0,3311.0,835000.0,,,,,,,,,,,,,,,,,,,,,,,,,,,,,,,,,,,,,,,,,,,,,,,,,,,,,,,,,
120,Sydney - Inner West,sa4,NSW,2024,2023-24,24042.0,10823.0,2648.0,689.0,38202.0,4992.0,1574.0,107.0,13.0,6681.0,4350.0,1170.0,139.0,20.0,5679.0,187.0,27.0,849.0,62.0,5407.0,1434.0,2247.0,1740.0,2493.0,562.0,2083.0,5722.0,6640.0,1783.0,115.0,751.0,3871.0,742.0,1457.0,27.0,9522.0,12882.0,13192.0,1492.0,558.0,556.0,2271.0,2961.0,1364.0,58.0,13.0,13.0,2595.0,1945.0,1018.0,78.0,25.0,21.0,322.0,698.0,1020.0,1020.0,537.0,393.0,930.0,962.0,365.0,1327.0,,,,,,,,,,,,,,,,,,,,,,,,,,,,,,,,,,,,,,,,,,,,,,,,,,,,,,,,,,,,,
121,Sydney - North Sydney and Hornsby,sa4,NSW,2011,2010-11,,,,,,,,,,,,,,,,,,,,,,,,,,,,,,,,,,,,,,,,,,,,,,,,,,,,,,,,,,,,,,,,,,,,,,,,,,,,,,,,1787.0,,255.0,,,,,,,,,,0.2,0.3,4.7,0.6,4.3,5.4,7.6,4.9,2.5,4.7,10.8,2.3,17.8,3.4,4.1,8.4,11.5,1.6,2.8,2.2,191146.0,,,,,,,,,,,,
121,Sydney - North Sydney and Hornsby,sa4,NSW,2016,2015-16,,,,,,,,,,,,,,,,,,,,,,,,,,,,,,,,,,,,,,,,,,,,,,,,,,,,,,,,,,,,,,,,,,,,82.0,140.0,223.0,30.0,56.0,28.0,23.0,30.0,22.0,12.0,14.0,16.0,1361.0,,493.0,,,,,,,1.6,1.3,0.3,0.3,0.3,3.5,0.6,4.6,3.9,7.4,5.2,2.4,4.4,10.5,2.6,17.3,3.2,4.2,8.8,12.0,1.7,2.8,4.1,205725.0,,,,,,,,,,,,
121,Sydney - North Sydney and Hornsby,sa4,NSW,2017,2016-17,,,,,,,,,,,,,,,,,,,,,,,,,,,,,,,,,,,,,,,,,,,,,,,,,,,,,,,,,,,,,,,,,,,,69.0,129.0,200.0,23.0,49.0,23.0,18.0,23.0,23.0,11.0,11.0,15.0,,,,,,,,,,,,,,,,,,,,,,,,,,,,,,,,,,502.0,348.0,78704.0,56.0,,12936.0,3557.0,,79098.0,4115.0,348.0,171122.0
121,Sydney - North Sydney and Hornsby,sa4,NSW,2018,2017-18,,,,,,,,,,,,,,,,,,,,,,,,,,,,,,,,,,,,,,,,,,,,,,,,,,,,,,,,,,,,,,,,3174.0,2135000.0,4727.0,930000.0,94.0,148.0,241.0,41.0,41.0,28.0,31.0,28.0,31.0,12.0,12.0,17.0,,,,,,,,,,,,,,,,,,,,,,,,,,,,,,,,,,480.0,455.0,78729.0,103.0,3.0,13036.0,2663.0,5.0,81756.0,3246.0,463.0,173905.0
121,Sydney - North Sydney and Hornsby,sa4,NSW,2019,2018-19,,,,,,,,,,,,,,,,,,,,,,,,,,,,,,,,,,,,,,,,,,,,,,,,,,,,,,471.0,2081.0,2552.0,2552.0,750.0,801.0,1552.0,1586.0,1288.0,2874.0,2832.0,1950000.0,3782.0,880400.0,78.0,134.0,213.0,36.0,48.0,27.0,26.0,27.0,18.0,10.0,18.0,8.0,,,,,,,,,,,,,,,,,,,,,,,,,,,,,,,,,,581.0,412.0,78898.0,227.0,5.0,13258.0,2301.0,11.0,84046.0,3109.0,428.0,176586.0
121,Sydney - North Sydney and Hornsby,sa4,NSW,2020,2019-20,35144.0,15888.0,4777.0,1468.0,57277.0,,,,,,,,,,,617.0,117.0,1198.0,140.0,4731.0,2450.0,2859.0,2068.0,2211.0,1112.0,5500.0,8275.0,14072.0,2561.0,107.0,1262.0,5387.0,901.0,1645.0,64.0,16065.0,17208.0,19362.0,2488.0,974.0,1180.0,,,,,,,,,,,,,513.0,921.0,1434.0,1434.0,762.0,410.0,1172.0,1201.0,1418.0,2619.0,3217.0,2125000.0,4697.0,917750.0,65.0,96.0,154.0,37.0,34.0,24.0,17.0,24.0,9.0,4.0,3.0,9.0,,,,,,,,,,,,,,,,,,,,,,,,,,,,,,,,,,470.0,410.0,78958.0,181.0,4.0,13435.0,1639.0,38.0,85647.0,2290.0,452.0,178424.0
121,Sydney - North Sydney and Hornsby,sa4,NSW,2021,2020-21,33676.0,18812.0,4913.0,1493.0,58894.0,5711.0,2325.0,158.0,37.0,8231.0,5219.0,990.0,149.0,40.0,6398.0,614.0,133.0,1257.0,146.0,4886.0,2486.0,3019.0,2162.0,1949.0,1166.0,5769.0,8571.0,14481.0,2579.0,97.0,1334.0,5558.0,902.0,1721.0,64.0,17759.0,17470.0,19227.0,2372.0,893.0,1173.0,3584.0,3001.0,1516.0,71.0,16.0,43.0,3646.0,1664.0,931.0,74.0,30.0,36.0,498.0,1133.0,1631.0,1633.0,862.0,461.0,1322.0,1370.0,1699.0,3069.0,4200.0,2502500.0,5832.0,963650.0,31.0,45.0,79.0,18.0,18.0,5.0,5.0,9.0,,,4.0,4.0,608.6,,384.0,2.9,,,,,,1.1,0.8,0.2,0.3,0.2,3.3,0.6,4.9,3.4,6.9,4.5,2.4,3.6,11.5,2.6,18.0,2.8,4.3,9.0,13.4,1.6,2.6,4.1,217473.0,427.0,454.0,78931.0,142.0,7.0,13570.0,1747.0,53.0,87341.0,2316.0,514.0,180226.0
121,Sydney - North Sydney and Hornsby,sa4,NSW,2022,2021-22,34875.0,18706.0,4877.0,1500.0,59962.0,6221.0,2076.0,128.0,42.0,8459.0,5121.0,1519.0,179.0,41.0,6856.0,626.0,124.0,1258.0,130.0,5133.0,2487.0,3117.0,2098.0,1790.0,1169.0,5800.0,8955.0,14633.0,2587.0,98.0,1374.0,5836.0,898.0,1786.0,53.0,17438.0,17562.0,20287.0,2432.0,985.0,1253.0,3535.0,3250.0,1535.0,78.0,27.0,42.0,3644.0,1660.0,930.0,74.0,32.0,35.0,599.0,1412.0,2011.0,2012.0,1020.0,731.0,1751.0,1795.0,679.0,2474.0,3811.0,2997499.5,5926.0,1086000.0,,,,,,,,,,,,,,,,,,,,,,,,,,,,,,,,,,,,,,,,,,,,,,427.0,617.0,78741.0,84.0,3.0,13651.0,818.0,38.0,88121.0,1329.0,658.0,180897.0
121,Sydney - North Sydney and Hornsby,sa4,NSW,2023,2022-23,36019.0,17520.0,4808.0,1576.0,59923.0,5811.0,1867.0,137.0,29.0,7844.0,5671.0,1664.0,204.0,50.0,7589.0,586.0,125.0,1233.0,129.0,5174.0,2476.0,3088.0,2091.0,1867.0,1117.0,5843.0,9013.0,14485.0,2542.0,92.0,1382.0,5909.0,917.0,1804.0,50.0,16060.0,17815.0,20970.0,2664.0,1027.0,1387.0,2808.0,3353.0,1573.0,64.0,21.0,25.0,4053.0,2077.0,1282.0,94.0,40.0,36.0,566.0,1321.0,1887.0,1943.0,996.0,822.0,1819.0,1892.0,778.0,2670.0,3173.0,2801000.0,4865.0,1025000.0,,,,,,,,,,,,,,,,,,,,,,,,,,,,,,,,,,,,,,,,,,,,,,,,,,,,,,,,,
121,Sydney - North Sydney and Hornsby,sa4,NSW,2024,2023-24,37408.0,16823.0,4765.0,1652.0,60648.0,6393.0,1976.0,147.0,32.0,8546.0,5793.0,1412.0,221.0,63.0,7489.0,564.0,112.0,1234.0,127.0,5296.0,2472.0,3039.0,2090.0,2018.0,1132.0,5936.0,9213.0,14617.0,2525.0,88.0,1360.0,6052.0,933.0,1821.0,31.0,15998.0,17939.0,21395.0,2856.0,1052.0,1408.0,3108.0,3550.0,1762.0,77.0,30.0,25.0,3783.0,2172.0,1321.0,115.0,33.0,55.0,509.0,1139.0,1648.0,1648.0,987.0,925.0,1912.0,1981.0,1086.0,3066.0,,,,,,,,,,,,,,,,,,,,,,,,,,,,,,,,,,,,,,,,,,,,,,,,,,,,,,,,,,,,,
122,Sydney - Northern Beaches,sa4,NSW,2011,2010-11,,,,,,,,,,,,,,,,,,,,,,,,,,,,,,,,,,,,,,,,,,,,,,,,,,,,,,,,,,,,,,,,,,,,,,,,,,,,,,,,1489.0,,9.0,2856.0,,,,,,,,,0.2,0.2,6.3,0.7,8.2,6.4,9.7,5.5,2.9,3.8,6.9,2.3,13.2,3.8,4.1,7.8,10.1,1.8,3.9,2.3,121635.0,,,,,,,,,,,,
122,Sydney - Northern Beaches,sa4,NSW,2016,2015-16,,,,,,,,,,,,,,,,,,,,,,,,,,,,,,,,,,,,,,,,,,,,,,,,,,,,,,,,,,,,,,,,,,,,85.0,127.0,210.0,29.0,26.0,31.0,18.0,29.0,26.0,12.0,19.0,12.0,32556.0,,8403.0,1927.0,,,1816.0,,,8.3,3.8,4.4,0.3,0.2,4.4,0.6,8.9,4.1,9.1,6.0,2.8,3.6,6.7,2.4,13.2,3.8,4.2,8.5,10.7,2.0,3.7,4.8,129682.0,,,,,,,,,,,,
122,Sydney - Northern Beaches,sa4,NSW,2017,2016-17,,,,,,,,,,,,,,,,,,,,,,,,,,,,,,,,,,,,,,,,,,,,,,,,,,,,,,,,,,,,,,,,,,,,69.0,115.0,189.0,25.0,25.0,31.0,23.0,23.0,19.0,15.0,10.0,8.0,,,,,,,,,,,,,,,,,,,,,,,,,,,,,,,,,,420.0,158.0,57467.0,58.0,,9105.0,312.0,11.0,35215.0,790.0,169.0,102020.0
122,Sydney - Northern Beaches,sa4,NSW,2018,2017-18,,,,,,,,,,,,,,,,,,,,,,,,,,,,,,,,,,,,,,,,,,,,,,,,,,,,,,,,,,,,,,,,2298.0,1800000.0,2281.0,920000.0,67.0,97.0,162.0,19.0,31.0,28.0,18.0,19.0,21.0,14.0,11.0,6.0,,,,,,,,,,,,,,,,,,,,,,,,,,,,,,,,,,444.0,217.0,57694.0,53.0,,9158.0,337.0,2.0,35550.0,837.0,219.0,102638.0
122,Sydney - Northern Beaches,sa4,NSW,2019,2018-19,,,,,,,,,,,,,,,,,,,,,,,,,,,,,,,,,,,,,,,,,,,,,,,,,,,,,,339.0,239.0,578.0,579.0,404.0,91.0,495.0,522.0,307.0,829.0,2095.0,1700000.0,1980.0,850000.0,56.0,106.0,157.0,42.0,11.0,19.0,10.0,24.0,25.0,13.0,13.0,6.0,,,,,,,,,,,,,,,,,,,,,,,,,,,,,,,,,,599.0,231.0,58062.0,58.0,,9216.0,1121.0,4.0,36667.0,1782.0,235.0,104185.0
122,Sydney - Northern Beaches,sa4,NSW,2020,2019-20,18208.0,9936.0,2717.0,606.0,31467.0,,,,,,,,,,,265.0,26.0,1163.0,77.0,5380.0,1301.0,1817.0,1115.0,1355.0,678.0,1776.0,3608.0,6830.0,1509.0,75.0,795.0,1763.0,627.0,1277.0,30.0,7523.0,10771.0,11191.0,1220.0,396.0,366.0,,,,,,,,,,,,,363.0,227.0,590.0,590.0,420.0,82.0,501.0,513.0,195.0,709.0,2409.0,1850450.0,2207.0,950000.0,46.0,88.0,135.0,25.0,17.0,15.0,15.0,12.0,13.0,10.0,15.0,4.0,,,,,,,,,,,,,,,,,,,,,,,,,,,,,,,,,,374.0,218.0,58218.0,31.0,,9247.0,153.0,6.0,36814.0,558.0,224.0,104519.0
122,Sydney - Northern Beaches,sa4,NSW,2021,2020-21,17302.0,11611.0,2805.0,615.0,32333.0,2913.0,1333.0,66.0,8.0,4320.0,2751.0,539.0,76.0,15.0,3381.0,280.0,24.0,1196.0,86.0,5553.0,1284.0,1859.0,1189.0,1232.0,686.0,1819.0,3676.0,7065.0,1586.0,69.0,807.0,1836.0,680.0,1378.0,28.0,8592.0,10806.0,11015.0,1176.0,388.0,356.0,1744.0,1754.0,792.0,23.0,5.0,,1720.0,1072.0,539.0,27.0,9.0,17.0,438.0,479.0,917.0,917.0,578.0,234.0,812.0,841.0,271.0,1112.0,3037.0,2313000.0,2738.0,1065000.0,28.0,25.0,53.0,9.0,15.0,15.0,,4.0,,,4.0,4.0,142.6,,,,,,55.5,0.1,,3.7,3.7,,0.3,0.2,4.3,0.7,9.5,3.4,8.5,5.5,2.7,3.0,7.2,2.5,14.3,3.4,4.0,8.7,11.8,1.8,3.4,4.7,136223.0,337.0,248.0,58307.0,90.0,20.0,9317.0,200.0,24.0,36990.0,630.0,292.0,104857.0
122,Sydney - Northern Beaches,sa4,NSW,2022,2021-22,18060.0,11532.0,2901.0,635.0,33129.0,3220.0,1193.0,62.0,8.0,4486.0,2744.0,800.0,88.0,15.0,3644.0,293.0,21.0,1220.0,91.0,5722.0,1278.0,1848.0,1220.0,1115.0,692.0,1901.0,3888.0,7180.0,1630.0,67.0,843.0,1934.0,706.0,1461.0,25.0,8242.0,11022.0,11718.0,1324.0,436.0,389.0,1647.0,1966.0,842.0,31.0,5.0,5.0,1721.0,1071.0,539.0,27.0,11.0,14.0,471.0,262.0,733.0,733.0,744.0,158.0,902.0,912.0,354.0,1266.0,2634.0,2800000.0,2574.0,1250000.0,,,,,,,,,,,,,,,,,,,,,,,,,,,,,,,,,,,,,,,,,,,,,,405.0,301.0,58411.0,26.0,,9343.0,62.0,4.0,37048.0,497.0,305.0,105049.0
122,Sydney - Northern Beaches,sa4,NSW,2023,2022-23,18376.0,10959.0,2917.0,673.0,32925.0,2907.0,1097.0,76.0,10.0,4090.0,3103.0,971.0,122.0,12.0,4208.0,276.0,24.0,1178.0,98.0,5722.0,1230.0,1806.0,1203.0,1123.0,692.0,1916.0,3825.0,7128.0,1621.0,69.0,842.0,1989.0,731.0,1428.0,24.0,7339.0,10953.0,12269.0,1441.0,476.0,447.0,1244.0,1934.0,869.0,26.0,12.0,5.0,2003.0,1387.0,745.0,37.0,6.0,11.0,419.0,477.0,896.0,896.0,670.0,273.0,942.0,989.0,246.0,1234.0,2038.0,2415000.0,1972.0,1120000.0,,,,,,,,,,,,,,,,,,,,,,,,,,,,,,,,,,,,,,,,,,,,,,,,,,,,,,,,,
122,Sydney - Northern Beaches,sa4,NSW,2024,2023-24,19069.0,10680.0,2957.0,726.0,33432.0,3358.0,1106.0,83.0,9.0,4557.0,3036.0,793.0,126.0,11.0,3966.0,283.0,24.0,1162.0,104.0,5772.0,1224.0,1812.0,1193.0,1166.0,680.0,1964.0,3916.0,7303.0,1636.0,73.0,845.0,2101.0,730.0,1447.0,20.0,7210.0,11145.0,12562.0,1519.0,517.0,479.0,1413.0,2173.0,912.0,34.0,7.0,10.0,1766.0,1408.0,745.0,29.0,11.0,7.0,311.0,554.0,865.0,865.0,681.0,509.0,1190.0,1249.0,472.0,1721.0,,,,,,,,,,,,,,,,,,,,,,,,,,,,,,,,,,,,,,,,,,,,,,,,,,,,,,,,,,,,,
123,Sydney - Outer South West,sa4,NSW,2011,2010-11,,,,,,,,,,,,,,,,,,,,,,,,,,,,,,,,,,,,,,,,,,,,,,,,,,,,,,,,,,,,,,,,,,,,,,,,,,,,,,,,21421.0,4054.0,8185.0,2171.0,1.0,2903886.0,,,,,,,0.7,0.6,13.0,1.3,8.4,5.0,10.7,5.5,7.8,1.4,4.0,1.5,4.7,3.2,6.4,7.7,10.5,1.3,3.9,2.5,110147.0,,,,,,,,,,,,
123,Sydney - Outer South West,sa4,NSW,2016,2015-16,,,,,,,,,,,,,,,,,,,,,,,,,,,,,,,,,,,,,,,,,,,,,,,,,,,,,,,,,,,,,,,,,,,,59.0,396.0,450.0,32.0,29.0,60.0,52.0,66.0,42.0,79.0,59.0,49.0,15275.0,5490.0,3714.0,4543.0,377.0,1682092.0,,,,95.9,26.0,54.6,0.7,0.6,8.7,1.1,10.4,3.5,10.5,5.8,7.4,1.3,3.9,1.6,4.8,3.3,6.4,8.1,11.6,1.2,3.7,5.4,121806.0,,,,,,,,,,,,
123,Sydney - Outer South West,sa4,NSW,2017,2016-17,,,,,,,,,,,,,,,,,,,,,,,,,,,,,,,,,,,,,,,,,,,,,,,,,,,,,,,,,,,,,,,,,,,,70.0,390.0,457.0,37.0,21.0,75.0,57.0,55.0,40.0,67.0,56.0,47.0,,,,,,,,,,,,,,,,,,,,,,,,,,,,,,,,,,2182.0,55.0,78473.0,335.0,3.0,11178.0,647.0,2.0,3852.0,3164.0,60.0,93553.0
123,Sydney - Outer South West,sa4,NSW,2018,2017-18,,,,,,,,,,,,,,,,,,,,,,,,,,,,,,,,,,,,,,,,,,,,,,,,,,,,,,,,,,,,,,,,3972.0,680000.0,706.0,480000.0,73.0,403.0,477.0,36.0,36.0,63.0,78.0,68.0,37.0,67.0,63.0,37.0,,,,,,,,,,,,,,,,,,,,,,,,,,,,,,,,,,2085.0,109.0,80449.0,468.0,226.0,11420.0,139.0,,3991.0,2692.0,335.0,95910.0
123,Sydney - Outer South West,sa4,NSW,2019,2018-19,,,,,,,,,,,,,,,,,,,,,,,,,,,,,,,,,,,,,,,,,,,,,,,,,,,,,,2193.0,638.0,2831.0,2872.0,704.0,164.0,868.0,890.0,356.0,1246.0,3147.0,632000.0,466.0,435000.0,64.0,355.0,416.0,44.0,24.0,57.0,35.0,67.0,31.0,61.0,64.0,27.0,,,,,,,,,,,,,,,,,,,,,,,,,,,,,,,,,,2681.0,106.0,83024.0,503.0,51.0,11872.0,221.0,,4212.0,3405.0,157.0,99158.0
123,Sydney - Outer South West,sa4,NSW,2020,2019-20,10851.0,6449.0,1826.0,442.0,19568.0,,,,,,,,,,,399.0,23.0,935.0,70.0,4624.0,672.0,1123.0,615.0,2944.0,115.0,561.0,1696.0,1900.0,923.0,90.0,336.0,1115.0,282.0,1127.0,18.0,5104.0,6569.0,6596.0,755.0,290.0,254.0,,,,,,,,,,,,,1768.0,847.0,2615.0,2661.0,563.0,208.0,771.0,793.0,687.0,1481.0,3581.0,650000.0,533.0,445000.0,59.0,276.0,332.0,32.0,30.0,44.0,34.0,54.0,24.0,54.0,44.0,29.0,,,,,,,,,,,,,,,,,,,,,,,,,,,,,,,,,,1921.0,100.0,84845.0,276.0,2.0,12146.0,256.0,,4468.0,2453.0,102.0,101509.0
123,Sydney - Outer South West,sa4,NSW,2021,2020-21,10506.0,7663.0,1951.0,428.0,20548.0,2293.0,1319.0,75.0,,3689.0,2142.0,562.0,86.0,11.0,2801.0,409.0,26.0,934.0,80.0,4854.0,710.0,1251.0,687.0,2828.0,130.0,584.0,1768.0,2016.0,1006.0,85.0,350.0,1253.0,310.0,1252.0,15.0,5816.0,6542.0,6837.0,809.0,287.0,257.0,1450.0,1453.0,763.0,18.0,4.0,3.0,1435.0,883.0,496.0,19.0,5.0,3.0,2097.0,552.0,2649.0,2669.0,728.0,149.0,877.0,890.0,363.0,1253.0,5235.0,712500.0,857.0,485000.0,34.0,142.0,171.0,8.0,15.0,28.0,20.0,14.0,17.0,20.0,24.0,27.0,17878.5,3740.8,7284.3,5141.6,437.3,1387367.3,299.4,631.6,39.7,89.3,35.2,38.7,0.7,0.5,8.0,1.1,10.8,3.2,10.0,5.2,7.3,1.1,3.6,1.4,5.1,3.0,6.4,8.7,14.0,1.0,3.6,5.1,132941.0,1839.0,100.0,86584.0,530.0,,12676.0,166.0,,4634.0,2535.0,100.0,103944.0
123,Sydney - Outer South West,sa4,NSW,2022,2021-22,11459.0,7983.0,1992.0,488.0,21923.0,2811.0,1333.0,76.0,7.0,4230.0,2058.0,803.0,82.0,17.0,2957.0,439.0,22.0,982.0,78.0,5305.0,733.0,1353.0,726.0,2814.0,139.0,652.0,1899.0,2129.0,1066.0,96.0,388.0,1393.0,307.0,1381.0,10.0,5851.0,7317.0,7269.0,898.0,304.0,288.0,1514.0,1840.0,841.0,33.0,3.0,4.0,1432.0,885.0,495.0,21.0,5.0,3.0,1534.0,520.0,2054.0,2124.0,598.0,154.0,752.0,784.0,500.0,1285.0,4633.0,865500.0,902.0,540000.0,,,,,,,,,,,,,,,,,,,,,,,,,,,,,,,,,,,,,,,,,,,,,,1631.0,192.0,88023.0,228.0,,12904.0,396.0,,5030.0,2255.0,192.0,106007.0
123,Sydney - Outer South West,sa4,NSW,2023,2022-23,12292.0,7979.0,2000.0,527.0,22798.0,2923.0,1315.0,56.0,11.0,4305.0,2929.0,983.0,121.0,13.0,4046.0,418.0,25.0,1012.0,80.0,5492.0,749.0,1359.0,744.0,3041.0,143.0,693.0,1955.0,2214.0,1132.0,104.0,403.0,1493.0,319.0,1406.0,16.0,5557.0,7702.0,7864.0,943.0,409.0,323.0,1434.0,1923.0,904.0,27.0,10.0,7.0,1876.0,1385.0,780.0,50.0,7.0,13.0,1713.0,559.0,2272.0,2305.0,729.0,159.0,888.0,923.0,551.0,1474.0,3417.0,880000.0,692.0,545000.0,,,,,,,,,,,,,,,,,,,,,,,,,,,,,,,,,,,,,,,,,,,,,,,,,,,,,,,,,
123,Sydney - Outer South West,sa4,NSW,2024,2023-24,13029.0,7852.0,2021.0,567.0,23469.0,3102.0,1242.0,90.0,9.0,4441.0,2724.0,943.0,118.0,15.0,3800.0,427.0,19.0,1047.0,80.0,5507.0,756.0,1359.0,753.0,3246.0,146.0,708.0,2034.0,2342.0,1144.0,108.0,409.0,1600.0,322.0,1437.0,15.0,5561.0,7803.0,8289.0,1037.0,416.0,363.0,1529.0,1892.0,972.0,34.0,14.0,5.0,1654.0,1338.0,758.0,29.0,17.0,6.0,1350.0,481.0,1831.0,1972.0,615.0,137.0,753.0,836.0,453.0,1289.0,,,,,,,,,,,,,,,,,,,,,,,,,,,,,,,,,,,,,,,,,,,,,,,,,,,,,,,,,,,,,
124,Sydney - Outer West and Blue Mountains,sa4,NSW,2011,2010-11,,,,,,,,,,,,,,,,,,,,,,,,,,,,,,,,,,,,,,,,,,,,,,,,,,,,,,,,,,,,,,,,,,,,,,,,,,,,,,,,9326.7,515.8,3299.5,1951.1,1.0,1215841.7,,,,,,,0.7,0.3,10.4,1.5,8.9,4.8,10.7,5.8,6.3,1.6,3.8,1.5,4.7,3.0,8.2,8.8,11.3,1.5,4.0,2.4,139187.0,,,,,,,,,,,,
124,Sydney - Outer West and Blue Mountains,sa4,NSW,2016,2015-16,,,,,,,,,,,,,,,,,,,,,,,,,,,,,,,,,,,,,,,,,,,,,,,,,,,,,,,,,,,,,,,,,,,,88.0,372.0,454.0,37.0,29.0,77.0,35.0,63.0,32.0,63.0,69.0,48.0,7318.7,697.7,3029.6,4202.1,1.0,1093710.6,91.0,,,149.3,60.1,49.0,0.9,0.2,7.2,1.4,11.0,3.4,10.0,6.2,6.0,1.4,3.7,1.6,4.8,3.2,7.7,9.1,11.8,1.6,3.9,4.9,147334.0,,,,,,,,,,,,
124,Sydney - Outer West and Blue Mountains,sa4,NSW,2017,2016-17,,,,,,,,,,,,,,,,,,,,,,,,,,,,,,,,,,,,,,,,,,,,,,,,,,,,,,,,,,,,,,,,,,,,67.0,447.0,506.0,41.0,41.0,67.0,57.0,67.0,41.0,75.0,64.0,41.0,,,,,,,,,,,,,,,,,,,,,,,,,,,,,,,,,,1422.0,110.0,101128.0,352.0,,12498.0,478.0,,7302.0,2252.0,110.0,121058.0
124,Sydney - Outer West and Blue Mountains,sa4,NSW,2018,2017-18,,,,,,,,,,,,,,,,,,,,,,,,,,,,,,,,,,,,,,,,,,,,,,,,,,,,,,,,,,,,,,,,4354.0,695000.0,1314.0,526750.0,79.0,401.0,480.0,41.0,39.0,58.0,58.0,70.0,35.0,91.0,59.0,48.0,,,,,,,,,,,,,,,,,,,,,,,,,,,,,,,,,,1399.0,197.0,102330.0,604.0,,13102.0,796.0,,8098.0,2799.0,197.0,123660.0
124,Sydney - Outer West and Blue Mountains,sa4,NSW,2019,2018-19,,,,,,,,,,,,,,,,,,,,,,,,,,,,,,,,,,,,,,,,,,,,,,,,,,,,,,1246.0,1010.0,2256.0,2297.0,433.0,269.0,703.0,721.0,866.0,1587.0,3536.0,660000.0,903.0,492000.0,78.0,378.0,456.0,48.0,27.0,47.0,51.0,70.0,37.0,56.0,80.0,34.0,,,,,,,,,,,,,,,,,,,,,,,,,,,,,,,,,,1699.0,187.0,103842.0,469.0,2.0,13569.0,1225.0,,9323.0,3393.0,189.0,126864.0
124,Sydney - Outer West and Blue Mountains,sa4,NSW,2020,2019-20,12345.0,7502.0,2185.0,485.0,22517.0,,,,,,,,,,,419.0,16.0,1118.0,93.0,5345.0,705.0,1388.0,865.0,2368.0,213.0,700.0,2178.0,2483.0,1038.0,82.0,371.0,1329.0,397.0,1378.0,31.0,5235.0,7923.0,7962.0,865.0,273.0,259.0,,,,,,,,,,,,,990.0,633.0,1623.0,1623.0,363.0,154.0,517.0,524.0,699.0,1223.0,3968.0,672000.0,1297.0,487000.0,66.0,307.0,370.0,33.0,36.0,61.0,48.0,43.0,26.0,61.0,46.0,26.0,,,,,,,,,,,,,,,,,,,,,,,,,,,,,,,,,,1145.0,211.0,104776.0,370.0,,13939.0,592.0,,9915.0,2107.0,211.0,128760.0
124,Sydney - Outer West and Blue Mountains,sa4,NSW,2021,2020-21,12027.0,8671.0,2268.0,487.0,23453.0,2283.0,1261.0,75.0,24.0,3643.0,2101.0,583.0,101.0,12.0,2797.0,424.0,19.0,1139.0,99.0,5511.0,735.0,1445.0,919.0,2275.0,259.0,716.0,2243.0,2679.0,1096.0,92.0,418.0,1458.0,417.0,1483.0,26.0,5949.0,8013.0,8050.0,887.0,299.0,255.0,1400.0,1476.0,713.0,28.0,16.0,10.0,1329.0,960.0,492.0,25.0,8.0,7.0,1034.0,628.0,1662.0,1730.0,430.0,151.0,581.0,610.0,469.0,1079.0,5405.0,750000.0,1869.0,526000.0,48.0,160.0,203.0,23.0,11.0,23.0,15.0,27.0,13.0,31.0,27.0,41.0,9093.6,4.2,3774.9,204.7,5137.4,1554867.8,103.1,426.5,68.7,172.9,94.9,39.1,0.9,0.3,6.8,1.5,11.5,3.2,9.5,5.4,6.3,1.2,3.5,1.5,5.2,2.9,7.5,9.8,13.8,1.4,3.7,4.5,155914.0,935.0,204.0,105507.0,377.0,2.0,14314.0,529.0,,10444.0,1841.0,206.0,130395.0
124,Sydney - Outer West and Blue Mountains,sa4,NSW,2022,2021-22,12935.0,8852.0,2392.0,512.0,24688.0,2817.0,1263.0,75.0,11.0,4173.0,2069.0,814.0,110.0,29.0,3022.0,438.0,24.0,1180.0,106.0,5801.0,743.0,1550.0,973.0,2269.0,249.0,769.0,2321.0,2783.0,1204.0,102.0,477.0,1584.0,450.0,1638.0,23.0,6060.0,8587.0,8514.0,911.0,322.0,282.0,1456.0,1868.0,814.0,20.0,8.0,10.0,1329.0,960.0,491.0,25.0,6.0,6.0,1026.0,736.0,1762.0,1764.0,434.0,257.0,691.0,704.0,641.0,1345.0,5045.0,905000.0,1768.0,580000.0,,,,,,,,,,,,,,,,,,,,,,,,,,,,,,,,,,,,,,,,,,,,,,921.0,250.0,106178.0,194.0,,14508.0,177.0,,10621.0,1294.0,250.0,131439.0
124,Sydney - Outer West and Blue Mountains,sa4,NSW,2023,2022-23,13516.0,8580.0,2437.0,541.0,25074.0,2690.0,1192.0,67.0,13.0,3962.0,2932.0,1011.0,138.0,17.0,4098.0,442.0,21.0,1194.0,108.0,5841.0,713.0,1525.0,1007.0,2438.0,255.0,800.0,2344.0,2793.0,1223.0,99.0,484.0,1698.0,447.0,1623.0,19.0,5546.0,8654.0,9190.0,1028.0,336.0,320.0,1230.0,1856.0,848.0,20.0,4.0,4.0,1813.0,1452.0,787.0,39.0,11.0,9.0,996.0,766.0,1762.0,1762.0,441.0,242.0,683.0,682.0,1732.0,2414.0,3854.0,880000.0,1293.0,600000.0,,,,,,,,,,,,,,,,,,,,,,,,,,,,,,,,,,,,,,,,,,,,,,,,,,,,,,,,,
124,Sydney - Outer West and Blue Mountains,sa4,NSW,2024,2023-24,14135.0,8556.0,2386.0,596.0,25673.0,2936.0,1317.0,97.0,19.0,4369.0,2713.0,918.0,168.0,11.0,3810.0,447.0,23.0,1166.0,115.0,5973.0,744.0,1547.0,1034.0,2628.0,254.0,792.0,2351.0,2859.0,1244.0,92.0,468.0,1853.0,457.0,1611.0,15.0,5615.0,8642.0,9564.0,1119.0,376.0,357.0,1363.0,1958.0,1000.0,33.0,4.0,7.0,1587.0,1400.0,778.0,30.0,5.0,3.0,842.0,360.0,1202.0,1204.0,440.0,116.0,556.0,568.0,856.0,1424.0,,,,,,,,,,,,,,,,,,,,,,,,,,,,,,,,,,,,,,,,,,,,,,,,,,,,,,,,,,,,,
125,Sydney - Parramatta,sa4,NSW,2011,2010-11,,,,,,,,,,,,,,,,,,,,,,,,,,,,,,,,,,,,,,,,,,,,,,,,,,,,,,,,,,,,,,,,,,,,,,,,,,,,,,,,20.0,,201.0,,,,,,,,,,0.2,0.1,10.3,0.9,7.3,6.1,10.3,6.5,5.7,2.5,6.4,1.4,7.6,3.7,5.3,6.3,11.3,1.2,3.7,3.3,167046.0,,,,,,,,,,,,
125,Sydney - Parramatta,sa4,NSW,2016,2015-16,,,,,,,,,,,,,,,,,,,,,,,,,,,,,,,,,,,,,,,,,,,,,,,,,,,,,,,,,,,,,,,,,,,,120.0,415.0,537.0,37.0,36.0,65.0,82.0,87.0,37.0,51.0,63.0,67.0,38.0,,5.0,,,,,,,,,,0.2,0.1,6.8,0.7,8.9,4.1,9.6,6.6,5.5,2.3,6.1,1.5,8.6,3.8,5.1,6.6,12.1,1.2,3.4,6.5,191446.0,,,,,,,,,,,,
125,Sydney - Parramatta,sa4,NSW,2017,2016-17,,,,,,,,,,,,,,,,,,,,,,,,,,,,,,,,,,,,,,,,,,,,,,,,,,,,,,,,,,,,,,,,,,,,83.0,369.0,452.0,39.0,35.0,55.0,55.0,73.0,35.0,59.0,65.0,43.0,,,,,,,,,,,,,,,,,,,,,,,,,,,,,,,,,,1089.0,622.0,83401.0,885.0,21.0,23333.0,5838.0,3.0,60408.0,7812.0,646.0,167429.0
125,Sydney - Parramatta,sa4,NSW,2018,2017-18,,,,,,,,,,,,,,,,,,,,,,,,,,,,,,,,,,,,,,,,,,,,,,,,,,,,,,,,,,,,,,,,2826.0,975000.0,5036.0,632000.0,114.0,389.0,503.0,49.0,57.0,58.0,49.0,77.0,34.0,67.0,69.0,38.0,,,,,,,,,,,,,,,,,,,,,,,,,,,,,,,,,,842.0,827.0,83416.0,861.0,3.0,24191.0,5458.0,6.0,65860.0,7161.0,836.0,173754.0
125,Sydney - Parramatta,sa4,NSW,2019,2018-19,,,,,,,,,,,,,,,,,,,,,,,,,,,,,,,,,,,,,,,,,,,,,,,,,,,,,,863.0,5084.0,5947.0,5977.0,265.0,1617.0,1882.0,1894.0,1444.0,3338.0,2301.0,872000.0,2833.0,615000.0,104.0,336.0,441.0,36.0,53.0,61.0,34.0,71.0,31.0,56.0,64.0,44.0,,,,,,,,,,,,,,,,,,,,,,,,,,,,,,,,,,1035.0,894.0,83557.0,905.0,7.0,25089.0,4653.0,,70513.0,6598.0,901.0,179451.0
125,Sydney - Parramatta,sa4,NSW,2020,2019-20,33052.0,14584.0,3584.0,1087.0,52307.0,,,,,,,,,,,145.0,26.0,2014.0,153.0,11430.0,2718.0,3205.0,2047.0,8694.0,356.0,1746.0,4946.0,5633.0,2960.0,273.0,710.0,2857.0,366.0,1985.0,43.0,15382.0,18098.0,15071.0,2034.0,814.0,908.0,,,,,,,,,,,,,734.0,3745.0,4479.0,4644.0,249.0,1075.0,1324.0,1381.0,1519.0,2900.0,2791.0,933750.0,3806.0,600000.0,78.0,249.0,328.0,38.0,20.0,40.0,28.0,48.0,34.0,37.0,48.0,30.0,,,,,,,,,,,,,,,,,,,,,,,,,,,,,,,,,,781.0,877.0,83461.0,639.0,6.0,25722.0,3245.0,25.0,73733.0,4665.0,908.0,183208.0
125,Sydney - Parramatta,sa4,NSW,2021,2020-21,31544.0,18199.0,3763.0,1099.0,54605.0,7899.0,3695.0,165.0,22.0,11781.0,7164.0,1406.0,178.0,43.0,8791.0,149.0,20.0,2062.0,157.0,12220.0,2832.0,3508.0,2193.0,8278.0,352.0,1878.0,5143.0,5853.0,3165.0,283.0,771.0,3143.0,396.0,2158.0,44.0,17831.0,17688.0,15341.0,2061.0,787.0,897.0,4725.0,4526.0,2358.0,116.0,35.0,21.0,4217.0,2807.0,1371.0,153.0,43.0,39.0,865.0,4399.0,5264.0,5377.0,354.0,1515.0,1869.0,1911.0,1220.0,3131.0,3778.0,1090000.0,5678.0,635000.0,40.0,136.0,176.0,15.0,15.0,15.0,13.0,23.0,15.0,30.0,23.0,27.0,9.1,,,,,270883.8,,,,4.3,,4.3,0.2,0.1,6.3,0.8,7.3,3.8,9.3,5.5,5.7,2.1,6.8,1.5,10.2,3.5,5.1,7.3,14.3,1.0,2.8,6.2,202211.0,668.0,931.0,83198.0,736.0,3.0,26455.0,3759.0,4.0,77488.0,5165.0,938.0,187435.0
125,Sydney - Parramatta,sa4,NSW,2022,2021-22,33847.0,18712.0,3865.0,1115.0,57547.0,9475.0,3580.0,180.0,28.0,13264.0,7201.0,2139.0,196.0,46.0,9581.0,158.0,19.0,2165.0,172.0,13261.0,2917.0,3709.0,2263.0,8242.0,354.0,2008.0,5405.0,6218.0,3316.0,284.0,809.0,3418.0,432.0,2352.0,35.0,17398.0,19887.0,16239.0,2215.0,857.0,945.0,4659.0,5814.0,2594.0,133.0,41.0,27.0,4217.0,2805.0,1368.0,154.0,40.0,40.0,858.0,3727.0,4585.0,4675.0,414.0,1299.0,1713.0,1727.0,1861.0,3588.0,3657.0,1270000.0,5455.0,640000.0,,,,,,,,,,,,,,,,,,,,,,,,,,,,,,,,,,,,,,,,,,,,,,731.0,980.0,82949.0,585.0,,27040.0,3280.0,44.0,80724.0,4596.0,1024.0,191007.0
125,Sydney - Parramatta,sa4,NSW,2023,2022-23,35841.0,18086.0,3767.0,1201.0,58895.0,9507.0,3324.0,175.0,27.0,13033.0,9255.0,2614.0,276.0,38.0,12183.0,163.0,20.0,2194.0,179.0,13203.0,2903.0,3712.0,2262.0,8825.0,370.0,2068.0,5481.0,6390.0,3518.0,294.0,856.0,3622.0,450.0,2339.0,46.0,15788.0,21014.0,17636.0,2474.0,909.0,1074.0,4027.0,6209.0,2616.0,130.0,28.0,23.0,5516.0,4168.0,2106.0,187.0,46.0,23.0,787.0,2964.0,3751.0,3841.0,397.0,1179.0,1575.0,1619.0,1394.0,3012.0,3003.0,1252012.5,4866.0,620000.0,,,,,,,,,,,,,,,,,,,,,,,,,,,,,,,,,,,,,,,,,,,,,,,,,,,,,,,,,
125,Sydney - Parramatta,sa4,NSW,2024,2023-24,39266.0,17665.0,3871.0,1289.0,62091.0,10907.0,3338.0,198.0,25.0,14472.0,8175.0,2365.0,219.0,31.0,10790.0,162.0,22.0,2245.0,185.0,13830.0,2957.0,3822.0,2424.0,9735.0,376.0,2188.0,5760.0,6736.0,3589.0,311.0,961.0,3896.0,451.0,2406.0,36.0,16288.0,22180.0,18609.0,2829.0,1014.0,1171.0,4597.0,6838.0,2798.0,168.0,46.0,21.0,4635.0,3969.0,1945.0,165.0,42.0,28.0,754.0,1982.0,2736.0,2815.0,398.0,775.0,1173.0,1221.0,1049.0,2269.0,,,,,,,,,,,,,,,,,,,,,,,,,,,,,,,,,,,,,,,,,,,,,,,,,,,,,,,,,,,,,
126,Sydney - Ryde,sa4,NSW,2011,2010-11,,,,,,,,,,,,,,,,,,,,,,,,,,,,,,,,,,,,,,,,,,,,,,,,,,,,,,,,,,,,,,,,,,,,,,,,,,,,,,,,,,,,,,,,,,,,0.2,0.1,6.6,0.7,5.5,6.1,8.9,5.6,3.2,4.0,7.6,1.8,13.0,3.3,4.6,9.5,12.0,1.4,3.5,2.3,79211.0,,,,,,,,,,,,
126,Sydney - Ryde,sa4,NSW,2016,2015-16,,,,,,,,,,,,,,,,,,,,,,,,,,,,,,,,,,,,,,,,,,,,,,,,,,,,,,,,,,,,,,,,,,,,26.0,86.0,115.0,16.0,11.0,13.0,16.0,26.0,12.0,5.0,3.0,12.0,,,,,,,,,,,,,0.2,0.2,4.7,0.7,5.9,4.6,8.7,6.2,3.0,4.0,7.7,2.3,13.2,3.2,4.5,9.5,12.3,1.4,3.2,4.6,88596.0,,,,,,,,,,,,
126,Sydney - Ryde,sa4,NSW,2017,2016-17,,,,,,,,,,,,,,,,,,,,,,,,,,,,,,,,,,,,,,,,,,,,,,,,,,,,,,,,,,,,,,,,,,,,36.0,71.0,108.0,16.0,26.0,13.0,11.0,13.0,12.0,9.0,11.0,11.0,,,,,,,,,,,,,,,,,,,,,,,,,,,,,,,,,,268.0,305.0,37677.0,226.0,3.0,9908.0,1667.0,28.0,24061.0,2161.0,336.0,71757.0
126,Sydney - Ryde,sa4,NSW,2018,2017-18,,,,,,,,,,,,,,,,,,,,,,,,,,,,,,,,,,,,,,,,,,,,,,,,,,,,,,,,,,,,,,,,1223.0,1780000.0,2281.0,778000.0,34.0,79.0,111.0,23.0,20.0,10.0,10.0,11.0,5.0,5.0,10.0,11.0,,,,,,,,,,,,,,,,,,,,,,,,,,,,,,,,,,261.0,375.0,37563.0,201.0,,10109.0,4318.0,12.0,28367.0,4780.0,387.0,76150.0
126,Sydney - Ryde,sa4,NSW,2019,2018-19,,,,,,,,,,,,,,,,,,,,,,,,,,,,,,,,,,,,,,,,,,,,,,,,,,,,,,406.0,1237.0,1643.0,1643.0,253.0,441.0,694.0,697.0,496.0,1194.0,1159.0,1500000.0,1704.0,725000.0,29.0,62.0,89.0,10.0,19.0,5.0,7.0,14.0,15.0,3.0,8.0,9.0,,,,,,,,,,,,,,,,,,,,,,,,,,,,,,,,,,409.0,387.0,37585.0,268.0,,10377.0,2343.0,65.0,30645.0,3028.0,452.0,78726.0
126,Sydney - Ryde,sa4,NSW,2020,2019-20,12409.0,5741.0,1408.0,424.0,19982.0,,,,,,,,,,,112.0,10.0,458.0,27.0,2693.0,928.0,1128.0,916.0,1557.0,248.0,1105.0,2691.0,3853.0,1049.0,51.0,403.0,1844.0,223.0,655.0,31.0,5974.0,6537.0,6226.0,645.0,242.0,358.0,,,,,,,,,,,,,325.0,1534.0,1859.0,1859.0,229.0,584.0,813.0,818.0,502.0,1320.0,1219.0,1708000.0,2371.0,785000.0,24.0,53.0,83.0,20.0,13.0,10.0,3.0,15.0,6.0,3.0,3.0,4.0,,,,,,,,,,,,,,,,,,,,,,,,,,,,,,,,,,360.0,338.0,37607.0,233.0,207.0,10403.0,2833.0,30.0,33448.0,3426.0,575.0,81577.0
126,Sydney - Ryde,sa4,NSW,2021,2020-21,11914.0,6970.0,1451.0,453.0,20788.0,2334.0,1061.0,59.0,12.0,3466.0,2148.0,382.0,57.0,16.0,2603.0,98.0,12.0,469.0,26.0,2811.0,997.0,1229.0,964.0,1426.0,278.0,1163.0,2763.0,4025.0,1111.0,50.0,424.0,1968.0,247.0,703.0,24.0,6839.0,6460.0,6265.0,624.0,230.0,370.0,1510.0,1264.0,642.0,31.0,7.0,12.0,1414.0,717.0,422.0,42.0,8.0,11.0,343.0,2209.0,2552.0,2560.0,247.0,804.0,1051.0,1059.0,735.0,1794.0,1737.0,1950000.0,2872.0,805000.0,25.0,25.0,49.0,7.0,6.0,8.0,7.0,6.0,3.0,6.0,8.0,7.0,,,,,,,,,,,,,0.2,0.2,4.6,0.7,6.1,4.2,8.0,5.1,3.2,3.5,8.7,2.3,14.6,2.7,4.3,9.4,13.5,1.4,2.8,4.5,100598.0,304.0,466.0,37445.0,238.0,,10641.0,1639.0,81.0,35006.0,2181.0,547.0,83211.0
126,Sydney - Ryde,sa4,NSW,2022,2021-22,12455.0,7163.0,1515.0,441.0,21579.0,2531.0,1083.0,87.0,8.0,3709.0,2096.0,631.0,64.0,9.0,2798.0,97.0,8.0,474.0,21.0,2952.0,981.0,1313.0,1016.0,1307.0,278.0,1290.0,2876.0,4180.0,1128.0,50.0,442.0,2127.0,269.0,747.0,18.0,6693.0,6948.0,6635.0,661.0,247.0,395.0,1425.0,1547.0,703.0,23.0,5.0,5.0,1416.0,717.0,423.0,38.0,8.0,9.0,518.0,854.0,1372.0,1380.0,402.0,349.0,750.0,759.0,654.0,1414.0,1627.0,2420000.0,2756.0,833000.0,,,,,,,,,,,,,,,,,,,,,,,,,,,,,,,,,,,,,,,,,,,,,,303.0,628.0,37120.0,399.0,1.0,11039.0,980.0,3.0,35983.0,1682.0,632.0,84261.0
126,Sydney - Ryde,sa4,NSW,2023,2022-23,13314.0,6846.0,1494.0,491.0,22145.0,2589.0,973.0,62.0,7.0,3631.0,2252.0,748.0,109.0,12.0,3121.0,86.0,7.0,487.0,21.0,3092.0,993.0,1289.0,1053.0,1433.0,294.0,1353.0,2912.0,4238.0,1146.0,56.0,466.0,2150.0,258.0,789.0,22.0,6213.0,7238.0,7215.0,775.0,282.0,422.0,1248.0,1622.0,724.0,28.0,5.0,4.0,1639.0,935.0,504.0,42.0,12.0,9.0,331.0,1977.0,2308.0,2308.0,326.0,1011.0,1337.0,1340.0,378.0,1718.0,1391.0,2310000.0,2507.0,785000.0,,,,,,,,,,,,,,,,,,,,,,,,,,,,,,,,,,,,,,,,,,,,,,,,,,,,,,,,,
126,Sydney - Ryde,sa4,NSW,2024,2023-24,14299.0,6653.0,1504.0,547.0,23003.0,3043.0,998.0,64.0,9.0,4118.0,2381.0,681.0,87.0,9.0,3158.0,90.0,6.0,510.0,26.0,3264.0,993.0,1289.0,1059.0,1588.0,284.0,1398.0,3008.0,4331.0,1157.0,65.0,506.0,2284.0,288.0,832.0,18.0,6329.0,7490.0,7583.0,824.0,338.0,439.0,1455.0,1847.0,773.0,22.0,10.0,5.0,1565.0,988.0,549.0,26.0,13.0,17.0,321.0,1195.0,1516.0,1516.0,312.0,529.0,841.0,846.0,1004.0,1850.0,,,,,,,,,,,,,,,,,,,,,,,,,,,,,,,,,,,,,,,,,,,,,,,,,,,,,,,,,,,,,
127,Sydney - South West,sa4,NSW,2011,2010-11,,,,,,,,,,,,,,,,,,,,,,,,,,,,,,,,,,,,,,,,,,,,,,,,,,,,,,,,,,,,,,,,,,,,,,,,,,,,,,,,13520.3,5063.2,2781.5,148.9,4250.0,2291990.3,,,,,,,0.8,0.1,15.6,0.9,8.7,5.5,11.0,5.7,7.3,1.6,4.6,1.3,4.6,3.4,5.5,5.1,9.3,1.1,4.2,3.8,141882.0,,,,,,,,,,,,
127,Sydney - South West,sa4,NSW,2016,2015-16,,,,,,,,,,,,,,,,,,,,,,,,,,,,,,,,,,,,,,,,,,,,,,,,,,,,,,,,,,,,,,,,,,,,100.0,414.0,520.0,43.0,32.0,64.0,43.0,60.0,33.0,86.0,83.0,72.0,7997.3,3464.3,1874.4,390.9,2534.0,2993742.4,169.0,,,161.2,47.1,85.1,0.9,0.2,10.3,0.8,10.3,3.8,10.5,6.0,7.3,1.5,4.4,1.4,4.8,3.5,5.3,6.2,10.4,1.2,4.3,7.2,160221.0,,,,,,,,,,,,
127,Sydney - South West,sa4,NSW,2017,2016-17,,,,,,,,,,,,,,,,,,,,,,,,,,,,,,,,,,,,,,,,,,,,,,,,,,,,,,,,,,,,,,,,,,,,101.0,397.0,499.0,45.0,29.0,69.0,49.0,69.0,32.0,75.0,69.0,53.0,,,,,,,,,,,,,,,,,,,,,,,,,,,,,,,,,,3794.0,298.0,100786.0,453.0,2.0,14494.0,578.0,,19681.0,4825.0,300.0,135098.0
127,Sydney - South West,sa4,NSW,2018,2017-18,,,,,,,,,,,,,,,,,,,,,,,,,,,,,,,,,,,,,,,,,,,,,,,,,,,,,,,,,,,,,,,,4080.0,790000.0,1392.0,525000.0,100.0,425.0,529.0,42.0,26.0,65.0,52.0,72.0,45.0,107.0,75.0,50.0,,,,,,,,,,,,,,,,,,,,,,,,,,,,,,,,,,3997.0,399.0,104384.0,699.0,,15193.0,992.0,,20673.0,5690.0,399.0,140389.0
127,Sydney - South West,sa4,NSW,2019,2018-19,,,,,,,,,,,,,,,,,,,,,,,,,,,,,,,,,,,,,,,,,,,,,,,,,,,,,,3501.0,1927.0,5428.0,5497.0,1055.0,551.0,1605.0,1641.0,1246.0,2887.0,3203.0,730000.0,959.0,495000.0,107.0,434.0,539.0,43.0,46.0,77.0,57.0,66.0,39.0,64.0,96.0,49.0,,,,,,,,,,,,,,,,,,,,,,,,,,,,,,,,,,4455.0,435.0,108404.0,806.0,,15999.0,2105.0,,22778.0,7367.0,435.0,147321.0
127,Sydney - South West,sa4,NSW,2020,2019-20,19724.0,11762.0,2813.0,673.0,34972.0,,,,,,,,,,,577.0,19.0,1746.0,130.0,8365.0,1485.0,2249.0,1321.0,5522.0,195.0,958.0,3184.0,2663.0,1702.0,212.0,396.0,1959.0,292.0,1970.0,27.0,8643.0,12867.0,11080.0,1321.0,524.0,537.0,,,,,,,,,,,,,2897.0,1315.0,4212.0,4321.0,860.0,422.0,1281.0,1313.0,966.0,2279.0,4283.0,740000.0,1242.0,500000.0,82.0,315.0,401.0,30.0,31.0,48.0,48.0,56.0,31.0,55.0,68.0,41.0,,,,,,,,,,,,,,,,,,,,,,,,,,,,,,,,,,3095.0,398.0,111101.0,575.0,,16574.0,809.0,,23587.0,4479.0,398.0,151402.0
127,Sydney - South West,sa4,NSW,2021,2020-21,19089.0,14403.0,2929.0,678.0,37099.0,4514.0,2621.0,112.0,16.0,7263.0,3906.0,1053.0,120.0,20.0,5099.0,590.0,22.0,1854.0,142.0,8924.0,1536.0,2477.0,1422.0,5434.0,231.0,1042.0,3370.0,2926.0,1817.0,225.0,440.0,2168.0,306.0,2149.0,24.0,10269.0,13167.0,11239.0,1348.0,534.0,542.0,2727.0,2953.0,1514.0,47.0,10.0,12.0,2422.0,1760.0,899.0,67.0,11.0,13.0,3776.0,1318.0,5094.0,5125.0,1170.0,362.0,1532.0,1548.0,4102.0,5650.0,6958.0,765000.0,1935.0,535000.0,59.0,161.0,220.0,11.0,23.0,31.0,18.0,25.0,11.0,31.0,33.0,40.0,7884.2,5757.4,2621.2,823.7,2601.4,1481703.3,89.5,523.0,11.9,145.1,76.7,38.8,0.8,0.1,9.2,0.9,9.0,3.6,10.3,5.2,7.9,1.3,4.9,1.4,5.5,3.3,5.7,7.4,13.0,1.0,3.5,6.2,173019.0,3116.0,474.0,113743.0,625.0,,17199.0,730.0,,24317.0,4471.0,474.0,155399.0
127,Sydney - South West,sa4,NSW,2022,2021-22,21177.0,14921.0,2980.0,748.0,39823.0,5763.0,2615.0,114.0,17.0,8511.0,3909.0,1674.0,166.0,28.0,5775.0,578.0,24.0,1928.0,154.0,9485.0,1633.0,2735.0,1516.0,5733.0,263.0,1169.0,3584.0,3231.0,1955.0,224.0,443.0,2470.0,339.0,2337.0,18.0,10489.0,14548.0,12196.0,1416.0,581.0,599.0,2791.0,3850.0,1768.0,62.0,18.0,15.0,2428.0,1763.0,896.0,66.0,11.0,15.0,4192.0,1464.0,5656.0,5661.0,1480.0,468.0,1948.0,1959.0,1391.0,3350.0,5406.0,990000.0,1824.0,550000.0,,,,,,,,,,,,,,,,,,,,,,,,,,,,,,,,,,,,,,,,,,,,,,3465.0,691.0,116517.0,811.0,5.0,18005.0,703.0,,25020.0,4984.0,696.0,159687.0
127,Sydney - South West,sa4,NSW,2023,2022-23,22753.0,14775.0,3106.0,800.0,41434.0,5690.0,2650.0,154.0,25.0,8519.0,5549.0,2029.0,173.0,22.0,7773.0,575.0,22.0,1903.0,148.0,9683.0,1658.0,2795.0,1576.0,6195.0,247.0,1235.0,3663.0,3445.0,2059.0,221.0,463.0,2727.0,368.0,2428.0,23.0,9819.0,14960.0,13721.0,1612.0,640.0,682.0,2636.0,3901.0,1894.0,64.0,16.0,8.0,3350.0,2860.0,1491.0,77.0,19.0,16.0,2687.0,2270.0,4957.0,4999.0,1073.0,778.0,1851.0,1873.0,1691.0,3564.0,4214.0,1010000.0,1723.0,520000.0,,,,,,,,,,,,,,,,,,,,,,,,,,,,,,,,,,,,,,,,,,,,,,,,,,,,,,,,,
127,Sydney - South West,sa4,NSW,2024,2023-24,24582.0,15092.0,3129.0,886.0,43689.0,6484.0,2874.0,152.0,25.0,9530.0,5184.0,1857.0,195.0,30.0,7266.0,555.0,28.0,1940.0,152.0,9965.0,1672.0,2864.0,1682.0,6637.0,264.0,1343.0,3866.0,3760.0,2160.0,226.0,503.0,3130.0,397.0,2527.0,11.0,9976.0,15604.0,14881.0,1783.0,694.0,751.0,2942.0,4334.0,2150.0,72.0,23.0,16.0,2996.0,2771.0,1367.0,91.0,23.0,11.0,2590.0,949.0,3539.0,3552.0,1050.0,320.0,1370.0,1382.0,2516.0,3897.0,,,,,,,,,,,,,,,,,,,,,,,,,,,,,,,,,,,,,,,,,,,,,,,,,,,,,,,,,,,,,
128,Sydney - Sutherland,sa4,NSW,2011,2010-11,,,,,,,,,,,,,,,,,,,,,,,,,,,,,,,,,,,,,,,,,,,,,,,,,,,,,,,,,,,,,,,,,,,,,,,,,,,,,,,,63.0,,45.0,,,,,,,,,,0.1,0.2,8.0,1.2,8.8,4.8,10.1,5.2,7.1,1.9,5.8,2.0,8.5,3.0,6.8,8.8,10.3,1.6,3.8,2.1,110121.0,,,,,,,,,,,,
128,Sydney - Sutherland,sa4,NSW,2016,2015-16,,,,,,,,,,,,,,,,,,,,,,,,,,,,,,,,,,,,,,,,,,,,,,,,,,,,,,,,,,,,,,,,,,,,42.0,97.0,134.0,22.0,16.0,16.0,13.0,20.0,20.0,5.0,16.0,7.0,7240.0,,193.0,,,,494.0,,,0.4,0.3,0.1,0.2,0.2,5.4,1.0,10.2,3.3,9.2,5.4,6.5,1.8,5.6,2.1,8.7,3.2,6.8,9.4,11.3,1.8,4.0,4.1,112435.0,,,,,,,,,,,,
128,Sydney - Sutherland,sa4,NSW,2017,2016-17,,,,,,,,,,,,,,,,,,,,,,,,,,,,,,,,,,,,,,,,,,,,,,,,,,,,,,,,,,,,,,,,,,,,43.0,116.0,161.0,23.0,19.0,28.0,24.0,28.0,13.0,10.0,14.0,4.0,,,,,,,,,,,,,,,,,,,,,,,,,,,,,,,,,,347.0,337.0,53777.0,305.0,,10960.0,619.0,7.0,20519.0,1271.0,344.0,85421.0
128,Sydney - Sutherland,sa4,NSW,2018,2017-18,,,,,,,,,,,,,,,,,,,,,,,,,,,,,,,,,,,,,,,,,,,,,,,,,,,,,,,,,,,,,,,,2051.0,1300000.0,2262.0,750000.0,41.0,157.0,197.0,24.0,27.0,24.0,27.0,27.0,20.0,11.0,24.0,11.0,,,,,,,,,,,,,,,,,,,,,,,,,,,,,,,,,,452.0,486.0,53743.0,341.0,,11301.0,535.0,6.0,21048.0,1329.0,492.0,86258.0
128,Sydney - Sutherland,sa4,NSW,2019,2018-19,,,,,,,,,,,,,,,,,,,,,,,,,,,,,,,,,,,,,,,,,,,,,,,,,,,,,,269.0,1555.0,1824.0,1824.0,203.0,639.0,843.0,849.0,95.0,944.0,1928.0,1121750.0,1747.0,738000.0,34.0,109.0,143.0,15.0,15.0,23.0,14.0,20.0,15.0,23.0,14.0,4.0,,,,,,,,,,,,,,,,,,,,,,,,,,,,,,,,,,439.0,498.0,53684.0,565.0,,11866.0,752.0,10.0,21790.0,1759.0,508.0,87509.0
128,Sydney - Sutherland,sa4,NSW,2020,2019-20,11914.0,6961.0,2023.0,394.0,21292.0,,,,,,,,,,,123.0,12.0,818.0,75.0,4740.0,749.0,1188.0,769.0,1254.0,195.0,1064.0,2735.0,3376.0,930.0,75.0,400.0,1353.0,347.0,1076.0,13.0,4951.0,7469.0,7504.0,865.0,275.0,228.0,,,,,,,,,,,,,189.0,923.0,1112.0,1114.0,181.0,372.0,553.0,563.0,308.0,870.0,2030.0,1230000.0,2045.0,750000.0,34.0,72.0,104.0,19.0,18.0,19.0,7.0,22.0,12.0,6.0,3.0,7.0,,,,,,,,,,,,,,,,,,,,,,,,,,,,,,,,,,243.0,420.0,53507.0,460.0,4.0,12322.0,1869.0,15.0,23644.0,2572.0,439.0,89642.0
128,Sydney - Sutherland,sa4,NSW,2021,2020-21,11420.0,8171.0,2083.0,386.0,22060.0,1971.0,1030.0,73.0,3.0,3076.0,1818.0,439.0,72.0,10.0,2339.0,128.0,16.0,860.0,78.0,4882.0,784.0,1290.0,810.0,1127.0,195.0,1126.0,2783.0,3528.0,957.0,72.0,437.0,1452.0,382.0,1135.0,18.0,5641.0,7552.0,7530.0,849.0,276.0,212.0,1217.0,1245.0,600.0,10.0,3.0,3.0,1118.0,770.0,426.0,27.0,7.0,7.0,314.0,1170.0,1484.0,1484.0,271.0,518.0,788.0,795.0,274.0,1069.0,2752.0,1420000.0,2893.0,799499.5,14.0,56.0,67.0,13.0,9.0,10.0,4.0,7.0,4.0,9.0,7.0,9.0,24.8,,,,,,,,,0.4,0.4,,0.2,0.2,4.8,1.0,11.3,3.0,8.3,4.6,5.7,1.7,6.0,2.1,9.7,2.9,6.8,10.1,12.5,1.6,3.7,3.8,117099.0,199.0,395.0,53311.0,423.0,3.0,12742.0,742.0,10.0,24376.0,1364.0,408.0,90598.0
128,Sydney - Sutherland,sa4,NSW,2022,2021-22,11895.0,8226.0,2138.0,406.0,22664.0,2230.0,909.0,55.0,8.0,3204.0,1873.0,609.0,79.0,7.0,2571.0,134.0,10.0,851.0,79.0,5039.0,776.0,1336.0,790.0,1054.0,203.0,1199.0,2891.0,3565.0,994.0,71.0,461.0,1576.0,409.0,1182.0,17.0,5375.0,7886.0,7951.0,927.0,299.0,231.0,1189.0,1345.0,641.0,26.0,9.0,,1116.0,769.0,424.0,29.0,4.0,5.0,311.0,1008.0,1319.0,1319.0,286.0,485.0,771.0,784.0,215.0,998.0,2469.0,1750000.0,2713.0,900000.0,,,,,,,,,,,,,,,,,,,,,,,,,,,,,,,,,,,,,,,,,,,,,,266.0,418.0,53159.0,389.0,4.0,13127.0,288.0,36.0,24628.0,943.0,458.0,91083.0
128,Sydney - Sutherland,sa4,NSW,2023,2022-23,12224.0,7890.0,2175.0,416.0,22705.0,2070.0,904.0,47.0,,3023.0,2154.0,746.0,105.0,22.0,3027.0,123.0,15.0,840.0,75.0,5015.0,749.0,1301.0,780.0,1090.0,207.0,1186.0,2951.0,3597.0,994.0,80.0,466.0,1626.0,423.0,1167.0,20.0,4853.0,7807.0,8403.0,1024.0,346.0,272.0,979.0,1338.0,681.0,16.0,6.0,3.0,1354.0,1039.0,594.0,34.0,6.0,10.0,253.0,743.0,996.0,996.0,278.0,398.0,676.0,686.0,206.0,891.0,1945.0,1650000.0,1938.0,870000.0,,,,,,,,,,,,,,,,,,,,,,,,,,,,,,,,,,,,,,,,,,,,,,,,,,,,,,,,,
128,Sydney - Sutherland,sa4,NSW,2024,2023-24,12823.0,7737.0,2176.0,448.0,23184.0,2298.0,902.0,71.0,8.0,3278.0,2097.0,685.0,108.0,9.0,2899.0,119.0,19.0,835.0,73.0,5109.0,722.0,1295.0,811.0,1110.0,203.0,1216.0,3060.0,3664.0,1044.0,78.0,476.0,1718.0,451.0,1168.0,12.0,4887.0,7813.0,8699.0,1091.0,386.0,308.0,1061.0,1448.0,714.0,31.0,8.0,5.0,1227.0,998.0,618.0,40.0,16.0,3.0,228.0,1035.0,1263.0,1267.0,270.0,513.0,783.0,800.0,159.0,959.0,,,,,,,,,,,,,,,,,,,,,,,,,,,,,,,,,,,,,,,,,,,,,,,,,,,,,,,,,,,,,
201,Ballarat,sa4,VIC,2011,2010-11,,,,,,,,,,,,,,,,,,,,,,,,,,,,,,,,,,,,,,,,,,,,,,,,,,,,,,,,,,,,,,,,,,,,,,,,,,,,,,,,550699.0,8666.0,69813.0,1506435.0,30813.0,600000.0,,,,,,,4.0,0.7,10.9,1.0,8.8,2.6,12.0,7.1,4.1,1.8,1.8,1.1,5.1,2.4,6.1,9.1,14.3,1.7,3.4,2.0,64558.0,,,,,,,,,,,,
201,Ballarat,sa4,VIC,2016,2015-16,,,,,,,,,,,,,,,,,,,,,,,,,,,,,,,,,,,,,,,,,,,,,,,,,,,,,,,,,,,,,,,,,,,,54.0,140.0,195.0,18.0,19.0,29.0,20.0,25.0,18.0,19.0,29.0,32.0,533408.0,7995.0,65388.0,1319474.0,50063.0,1330458.0,103106.0,,,492.9,152.7,253.1,4.0,0.8,8.2,0.9,9.1,2.0,10.7,7.3,3.9,1.8,1.6,1.1,5.0,2.6,6.1,9.9,15.7,2.0,3.5,3.8,67395.0,,,,,,,,,,,,
201,Ballarat,sa4,VIC,2017,2016-17,,,,,,,,,,,,,,,,,,,,,,,,,,,,,,,,,,,,,,,,,,,,,,,,,,,,,,,,,,,,,,,,,,,,44.0,163.0,209.0,12.0,12.0,35.0,21.0,25.0,25.0,25.0,25.0,35.0,,,,,,,,,,,,,,,,,,,,,,,,,,,,,,,,,,996.0,50.0,65103.0,100.0,,6785.0,6.0,,1670.0,1105.0,50.0,73759.0
201,Ballarat,sa4,VIC,2018,2017-18,,,,,,,,,,,,,,,,,,,,,,,,,,,,,,,,,,,,,,,,,,,,,,,,,,,,,,,,,,,,,,,,3172.0,345000.0,857.0,270000.0,56.0,146.0,202.0,15.0,18.0,38.0,28.0,13.0,15.0,18.0,35.0,26.0,,,,,,,,,,,,,,,,,,,,,,,,,,,,,,,,,,1073.0,52.0,66124.0,123.0,,6908.0,1.0,,1671.0,1197.0,52.0,74904.0
201,Ballarat,sa4,VIC,2019,2018-19,,,,,,,,,,,,,,,,,,,,,,,,,,,,,,,,,,,,,,,,,,,,,,,,,,,,,,1508.0,97.0,1605.0,1611.0,500.0,18.0,518.0,532.0,346.0,878.0,2870.0,380000.0,593.0,285000.0,32.0,129.0,156.0,9.0,14.0,23.0,14.0,23.0,9.0,14.0,19.0,13.0,,,,,,,,,,,,,,,,,,,,,,,,,,,,,,,,,,1326.0,58.0,67392.0,117.0,,7025.0,1.0,,1672.0,1444.0,58.0,76290.0
201,Ballarat,sa4,VIC,2020,2019-20,8103.0,3789.0,1412.0,350.0,13654.0,,,,,,,,,,,1942.0,47.0,563.0,49.0,2684.0,327.0,866.0,760.0,835.0,101.0,395.0,1382.0,1298.0,435.0,25.0,163.0,864.0,258.0,638.0,22.0,3388.0,4391.0,4971.0,540.0,179.0,185.0,,,,,,,,,,,,,1437.0,97.0,1534.0,1558.0,500.0,22.0,522.0,545.0,178.0,723.0,2610.0,409900.0,516.0,298000.0,29.0,96.0,124.0,12.0,7.0,12.0,24.0,19.0,4.0,9.0,18.0,17.0,,,,,,,,,,,,,,,,,,,,,,,,,,,,,,,,,,1512.0,76.0,68828.0,86.0,,7111.0,1.0,,1673.0,1599.0,76.0,77813.0
201,Ballarat,sa4,VIC,2021,2020-21,8126.0,4400.0,1456.0,340.0,14322.0,1270.0,521.0,33.0,4.0,1828.0,1004.0,213.0,39.0,10.0,1266.0,1975.0,42.0,588.0,48.0,2854.0,329.0,913.0,779.0,844.0,115.0,403.0,1474.0,1377.0,488.0,28.0,163.0,927.0,265.0,696.0,14.0,3693.0,4712.0,4954.0,590.0,193.0,180.0,752.0,752.0,313.0,8.0,,3.0,632.0,395.0,238.0,14.0,3.0,8.0,2323.0,145.0,2468.0,2569.0,805.0,38.0,843.0,894.0,231.0,1125.0,3176.0,465000.0,741.0,345000.0,14.0,48.0,59.0,3.0,6.0,9.0,13.0,3.0,3.0,9.0,9.0,3.0,537539.2,6066.7,72567.8,1660589.5,40082.0,821874.5,135284.0,2649.8,194.7,708.2,317.2,298.1,3.8,0.8,7.5,1.0,9.9,1.9,9.5,7.0,3.7,1.3,1.7,1.1,5.2,2.7,6.4,9.8,17.6,1.9,3.5,3.6,78847.0,1671.0,87.0,70412.0,117.0,,7228.0,5.0,,1678.0,1793.0,87.0,79519.0
201,Ballarat,sa4,VIC,2022,2021-22,8977.0,4447.0,1506.0,372.0,15296.0,1715.0,561.0,50.0,19.0,2337.0,1074.0,335.0,74.0,12.0,1492.0,1980.0,49.0,608.0,49.0,3099.0,344.0,941.0,839.0,944.0,124.0,436.0,1550.0,1460.0,563.0,32.0,192.0,1042.0,294.0,753.0,9.0,3764.0,4965.0,5488.0,639.0,225.0,212.0,894.0,959.0,445.0,18.0,7.0,10.0,632.0,393.0,238.0,15.0,3.0,11.0,1975.0,157.0,2132.0,2180.0,746.0,38.0,784.0,822.0,372.0,1194.0,2914.0,570000.0,570.0,400000.0,,,,,,,,,,,,,,,,,,,,,,,,,,,,,,,,,,,,,,,,,,,,,,1921.0,92.0,72241.0,111.0,,7339.0,28.0,,1706.0,2061.0,92.0,81488.0
201,Ballarat,sa4,VIC,2023,2022-23,9428.0,4382.0,1552.0,383.0,15745.0,1505.0,582.0,42.0,3.0,2132.0,1542.0,397.0,72.0,15.0,2026.0,1995.0,49.0,628.0,50.0,3200.0,354.0,955.0,832.0,987.0,119.0,462.0,1616.0,1499.0,582.0,30.0,186.0,1129.0,309.0,748.0,15.0,3756.0,5013.0,5813.0,683.0,248.0,232.0,742.0,949.0,420.0,16.0,3.0,3.0,837.0,742.0,443.0,18.0,7.0,4.0,1650.0,91.0,1741.0,1781.0,742.0,26.0,768.0,815.0,495.0,1311.0,2372.0,570000.0,537.0,410000.0,,,,,,,,,,,,,,,,,,,,,,,,,,,,,,,,,,,,,,,,,,,,,,,,,,,,,,,,,
201,Ballarat,sa4,VIC,2024,2023-24,9774.0,4271.0,1506.0,407.0,15958.0,1547.0,454.0,53.0,8.0,2062.0,1491.0,370.0,89.0,13.0,1963.0,1972.0,43.0,618.0,51.0,3169.0,351.0,951.0,831.0,1060.0,120.0,482.0,1620.0,1524.0,607.0,35.0,186.0,1210.0,328.0,782.0,13.0,3723.0,5150.0,5890.0,713.0,242.0,240.0,753.0,922.0,378.0,13.0,,3.0,875.0,624.0,427.0,26.0,6.0,3.0,1124.0,165.0,1289.0,1295.0,550.0,70.0,620.0,655.0,758.0,1413.0,,,,,,,,,,,,,,,,,,,,,,,,,,,,,,,,,,,,,,,,,,,,,,,,,,,,,,,,,,,,,
202,Bendigo,sa4,VIC,2011,2010-11,,,,,,,,,,,,,,,,,,,,,,,,,,,,,,,,,,,,,,,,,,,,,,,,,,,,,,,,,,,,,,,,,,,,,,,,,,,,,,,,740054.0,20767.0,47361.0,1270967.0,150677.0,632519.0,,,,,,,4.3,1.2,10.4,1.3,8.7,2.7,12.1,6.1,3.9,1.4,3.3,1.0,4.4,2.6,6.4,8.8,14.4,1.5,3.6,1.9,63224.0,,,,,,,,,,,,
202,Bendigo,sa4,VIC,2016,2015-16,,,,,,,,,,,,,,,,,,,,,,,,,,,,,,,,,,,,,,,,,,,,,,,,,,,,,,,,,,,,,,,,,,,,33.0,98.0,131.0,15.0,12.0,25.0,12.0,10.0,8.0,11.0,20.0,17.0,777414.0,18740.0,35016.0,1126161.0,143487.0,671674.0,214744.0,,,517.4,121.3,277.6,4.3,1.4,8.8,1.2,8.7,1.8,10.7,6.5,3.4,1.2,3.4,1.1,4.7,2.8,6.2,9.0,15.8,1.6,3.6,3.7,66440.0,,,,,,,,,,,,
202,Bendigo,sa4,VIC,2017,2016-17,,,,,,,,,,,,,,,,,,,,,,,,,,,,,,,,,,,,,,,,,,,,,,,,,,,,,,,,,,,,,,,,,,,,42.0,104.0,137.0,15.0,11.0,24.0,14.0,14.0,10.0,11.0,27.0,22.0,,,,,,,,,,,,,,,,,,,,,,,,,,,,,,,,,,924.0,68.0,64601.0,34.0,,4715.0,9.0,,601.0,969.0,68.0,70073.0
202,Bendigo,sa4,VIC,2018,2017-18,,,,,,,,,,,,,,,,,,,,,,,,,,,,,,,,,,,,,,,,,,,,,,,,,,,,,,,,,,,,,,,,2518.0,360000.0,424.0,285000.0,44.0,132.0,174.0,11.0,19.0,19.0,27.0,19.0,17.0,19.0,32.0,13.0,,,,,,,,,,,,,,,,,,,,,,,,,,,,,,,,,,975.0,52.0,65524.0,61.0,,4776.0,5.0,,606.0,1041.0,52.0,71062.0
202,Bendigo,sa4,VIC,2019,2018-19,,,,,,,,,,,,,,,,,,,,,,,,,,,,,,,,,,,,,,,,,,,,,,,,,,,,,,1130.0,89.0,1219.0,1227.0,401.0,20.0,420.0,437.0,185.0,622.0,2356.0,370000.0,416.0,272500.0,35.0,94.0,124.0,12.0,10.0,19.0,15.0,13.0,12.0,10.0,26.0,13.0,,,,,,,,,,,,,,,,,,,,,,,,,,,,,,,,,,1100.0,56.0,66568.0,49.0,,4825.0,1.0,1.0,606.0,1150.0,57.0,72155.0
202,Bendigo,sa4,VIC,2020,2019-20,7265.0,3351.0,1269.0,321.0,12206.0,,,,,,,,,,,1771.0,39.0,494.0,44.0,2372.0,310.0,863.0,607.0,729.0,100.0,348.0,999.0,1269.0,397.0,19.0,163.0,773.0,240.0,653.0,16.0,2938.0,4006.0,4454.0,516.0,166.0,126.0,,,,,,,,,,,,,1177.0,69.0,1246.0,1261.0,435.0,17.0,451.0,471.0,175.0,646.0,2332.0,390000.0,454.0,290000.0,28.0,69.0,88.0,13.0,4.0,13.0,15.0,6.0,6.0,9.0,12.0,13.0,,,,,,,,,,,,,,,,,,,,,,,,,,,,,,,,,,1196.0,48.0,67716.0,73.0,,4898.0,,,606.0,1269.0,48.0,73376.0
202,Bendigo,sa4,VIC,2021,2020-21,7231.0,3782.0,1314.0,298.0,12625.0,1017.0,413.0,32.0,3.0,1464.0,885.0,190.0,48.0,12.0,1135.0,1797.0,40.0,518.0,41.0,2471.0,315.0,875.0,617.0,730.0,101.0,362.0,1063.0,1307.0,426.0,22.0,171.0,844.0,240.0,670.0,15.0,3208.0,4141.0,4452.0,515.0,176.0,133.0,567.0,620.0,269.0,5.0,,3.0,543.0,375.0,225.0,8.0,7.0,3.0,1590.0,25.0,1615.0,1632.0,595.0,7.0,602.0,632.0,431.0,1064.0,2904.0,470000.0,600.0,360000.0,16.0,40.0,60.0,4.0,3.0,9.0,12.0,4.0,3.0,9.0,5.0,12.0,782711.3,15387.7,39349.2,1318320.8,110713.7,4050787.1,239563.2,184.5,5051.5,870.1,373.3,393.5,3.8,1.6,8.3,1.2,9.3,1.8,9.4,6.3,3.4,1.0,3.1,1.0,5.1,2.8,6.5,9.0,17.8,1.7,3.6,3.6,76625.0,1213.0,70.0,68859.0,250.0,,5148.0,,,606.0,1463.0,70.0,74769.0
202,Bendigo,sa4,VIC,2022,2021-22,7967.0,3910.0,1374.0,318.0,13569.0,1477.0,497.0,49.0,7.0,2025.0,899.0,275.0,49.0,14.0,1235.0,1829.0,43.0,555.0,48.0,2644.0,327.0,941.0,685.0,779.0,118.0,384.0,1135.0,1386.0,503.0,27.0,184.0,958.0,275.0,737.0,17.0,3409.0,4371.0,4848.0,591.0,202.0,145.0,807.0,840.0,366.0,9.0,,3.0,542.0,379.0,227.0,10.0,6.0,3.0,1206.0,111.0,1317.0,1361.0,519.0,34.0,553.0,596.0,287.0,883.0,2599.0,580000.0,518.0,415000.0,,,,,,,,,,,,,,,,,,,,,,,,,,,,,,,,,,,,,,,,,,,,,,1274.0,98.0,70035.0,36.0,,5184.0,,,606.0,1310.0,98.0,75981.0
202,Bendigo,sa4,VIC,2023,2022-23,8274.0,3690.0,1444.0,351.0,13759.0,1265.0,441.0,56.0,11.0,1773.0,1499.0,365.0,71.0,10.0,1945.0,1832.0,48.0,566.0,46.0,2676.0,321.0,920.0,684.0,776.0,115.0,394.0,1144.0,1422.0,515.0,28.0,191.0,1026.0,276.0,765.0,14.0,3226.0,4505.0,5025.0,624.0,223.0,156.0,615.0,799.0,336.0,17.0,4.0,,833.0,618.0,467.0,28.0,5.0,4.0,902.0,36.0,938.0,956.0,460.0,9.0,469.0,502.0,228.0,730.0,2106.0,580000.0,362.0,430000.0,,,,,,,,,,,,,,,,,,,,,,,,,,,,,,,,,,,,,,,,,,,,,,,,,,,,,,,,,
202,Bendigo,sa4,VIC,2024,2023-24,8506.0,3603.0,1437.0,364.0,13910.0,1294.0,396.0,61.0,8.0,1750.0,1270.0,315.0,74.0,12.0,1671.0,1807.0,53.0,567.0,45.0,2689.0,310.0,929.0,673.0,798.0,101.0,397.0,1160.0,1427.0,536.0,27.0,199.0,1113.0,269.0,779.0,13.0,3102.0,4595.0,5091.0,710.0,235.0,177.0,551.0,820.0,358.0,15.0,7.0,3.0,753.0,562.0,327.0,11.0,3.0,5.0,770.0,96.0,866.0,887.0,424.0,46.0,470.0,512.0,248.0,760.0,,,,,,,,,,,,,,,,,,,,,,,,,,,,,,,,,,,,,,,,,,,,,,,,,,,,,,,,,,,,,
203,Geelong,sa4,VIC,2011,2010-11,,,,,,,,,,,,,,,,,,,,,,,,,,,,,,,,,,,,,,,,,,,,,,,,,,,,,,,,,,,,,,,,,,,,,,,,,,,,,,,,235422.0,4320.0,32052.0,612242.0,38712.0,3168334.0,,,,,,,1.7,0.3,10.9,1.2,10.0,3.4,12.2,6.8,4.2,1.2,2.8,1.3,5.2,2.9,6.0,9.2,13.4,1.6,3.6,1.9,114377.0,,,,,,,,,,,,
203,Geelong,sa4,VIC,2016,2015-16,,,,,,,,,,,,,,,,,,,,,,,,,,,,,,,,,,,,,,,,,,,,,,,,,,,,,,,,,,,,,,,,,,,,74.0,204.0,279.0,25.0,15.0,44.0,41.0,31.0,24.0,39.0,30.0,31.0,206919.0,3880.0,26052.0,460160.0,48244.0,9396106.0,52309.0,,,509.0,97.6,339.8,1.7,0.3,7.3,1.2,10.1,2.4,11.4,7.3,4.1,1.2,2.8,1.3,5.6,3.0,6.2,9.9,14.9,1.8,3.5,3.9,125023.0,,,,,,,,,,,,
203,Geelong,sa4,VIC,2017,2016-17,,,,,,,,,,,,,,,,,,,,,,,,,,,,,,,,,,,,,,,,,,,,,,,,,,,,,,,,,,,,,,,,,,,,73.0,206.0,276.0,26.0,30.0,46.0,43.0,23.0,28.0,23.0,38.0,28.0,,,,,,,,,,,,,,,,,,,,,,,,,,,,,,,,,,2733.0,281.0,117309.0,232.0,1.0,13458.0,97.0,2.0,3105.0,3062.0,284.0,134089.0
203,Geelong,sa4,VIC,2018,2017-18,,,,,,,,,,,,,,,,,,,,,,,,,,,,,,,,,,,,,,,,,,,,,,,,,,,,,,,,,,,,,,,,5701.0,522000.0,1460.0,398000.0,60.0,204.0,260.0,30.0,19.0,52.0,31.0,30.0,26.0,26.0,29.0,24.0,,,,,,,,,,,,,,,,,,,,,,,,,,,,,,,,,,3064.0,322.0,120051.0,220.0,2.0,13676.0,15.0,3.0,3117.0,3299.0,327.0,137061.0
203,Geelong,sa4,VIC,2019,2018-19,,,,,,,,,,,,,,,,,,,,,,,,,,,,,,,,,,,,,,,,,,,,,,,,,,,,,,3578.0,638.0,4216.0,4233.0,1367.0,187.0,1554.0,1593.0,515.0,2108.0,4606.0,560000.0,1143.0,405000.0,57.0,170.0,229.0,26.0,16.0,33.0,33.0,23.0,20.0,25.0,33.0,13.0,,,,,,,,,,,,,,,,,,,,,,,,,,,,,,,,,,3570.0,346.0,123275.0,464.0,2.0,14138.0,25.0,1.0,3141.0,4059.0,349.0,140771.0
203,Geelong,sa4,VIC,2020,2019-20,14556.0,6395.0,2316.0,566.0,23833.0,,,,,,,,,,,1334.0,28.0,878.0,82.0,5402.0,574.0,1566.0,1251.0,1785.0,153.0,877.0,2395.0,2759.0,893.0,61.0,368.0,1845.0,428.0,1140.0,14.0,5901.0,7949.0,8444.0,969.0,316.0,254.0,,,,,,,,,,,,,3311.0,537.0,3848.0,3902.0,1269.0,164.0,1433.0,1475.0,1322.0,2798.0,4648.0,580000.0,1171.0,445000.0,59.0,133.0,193.0,19.0,20.0,33.0,23.0,18.0,3.0,19.0,32.0,18.0,,,,,,,,,,,,,,,,,,,,,,,,,,,,,,,,,,3454.0,292.0,126437.0,420.0,4.0,14554.0,318.0,,3459.0,4192.0,296.0,144667.0
203,Geelong,sa4,VIC,2021,2020-21,14600.0,7609.0,2482.0,571.0,25262.0,2547.0,1085.0,92.0,8.0,3732.0,2097.0,443.0,86.0,20.0,2646.0,1346.0,24.0,914.0,79.0,5734.0,605.0,1657.0,1336.0,1809.0,177.0,926.0,2551.0,2955.0,982.0,54.0,405.0,2022.0,452.0,1222.0,12.0,6822.0,8287.0,8650.0,958.0,302.0,243.0,1564.0,1501.0,636.0,21.0,4.0,6.0,1315.0,886.0,485.0,27.0,11.0,7.0,4681.0,809.0,5490.0,5631.0,1801.0,226.0,2027.0,2093.0,1092.0,3185.0,6185.0,670500.0,1564.0,500000.0,23.0,62.0,90.0,11.0,3.0,18.0,9.0,6.0,3.0,6.0,11.0,15.0,225860.8,4439.6,33470.6,612942.2,47589.4,4234876.7,67513.9,230.3,54.5,484.7,146.7,273.5,1.6,0.3,5.9,1.2,11.5,2.5,10.3,6.9,3.9,0.9,2.9,1.3,6.3,2.8,6.5,9.9,16.8,1.6,3.4,3.6,157566.0,3522.0,420.0,129539.0,567.0,1.0,15120.0,351.0,,3810.0,4441.0,421.0,148687.0
203,Geelong,sa4,VIC,2022,2021-22,16341.0,7784.0,2696.0,592.0,27414.0,3625.0,1068.0,120.0,18.0,4834.0,2195.0,640.0,129.0,21.0,2985.0,1370.0,26.0,949.0,82.0,6116.0,612.0,1790.0,1444.0,2172.0,187.0,973.0,2691.0,3170.0,1205.0,67.0,464.0,2252.0,474.0,1339.0,16.0,7098.0,9020.0,9562.0,1088.0,363.0,289.0,2071.0,1956.0,752.0,30.0,15.0,10.0,1312.0,888.0,483.0,25.0,10.0,4.0,3998.0,606.0,4604.0,4676.0,1776.0,241.0,2017.0,2080.0,911.0,2991.0,5605.0,790000.0,1390.0,565000.0,,,,,,,,,,,,,,,,,,,,,,,,,,,,,,,,,,,,,,,,,,,,,,3850.0,404.0,132985.0,495.0,29.0,15586.0,26.0,,3836.0,4378.0,433.0,152632.0
203,Geelong,sa4,VIC,2023,2022-23,17321.0,7639.0,2661.0,720.0,28341.0,3182.0,1029.0,113.0,20.0,4344.0,3258.0,729.0,179.0,16.0,4182.0,1369.0,23.0,958.0,90.0,6270.0,647.0,1782.0,1418.0,2256.0,177.0,993.0,2795.0,3400.0,1240.0,64.0,454.0,2431.0,500.0,1452.0,22.0,6703.0,9652.0,10059.0,1210.0,401.0,316.0,1448.0,2060.0,797.0,22.0,11.0,6.0,1899.0,1399.0,864.0,50.0,13.0,8.0,3185.0,609.0,3794.0,3811.0,1592.0,218.0,1811.0,1864.0,847.0,2712.0,4383.0,750000.0,1086.0,545000.0,,,,,,,,,,,,,,,,,,,,,,,,,,,,,,,,,,,,,,,,,,,,,,,,,,,,,,,,,
203,Geelong,sa4,VIC,2024,2023-24,18337.0,7500.0,2676.0,730.0,29243.0,3471.0,999.0,101.0,12.0,4579.0,3040.0,728.0,171.0,18.0,3957.0,1334.0,30.0,975.0,83.0,6292.0,610.0,1801.0,1367.0,2682.0,184.0,1063.0,2846.0,3445.0,1321.0,65.0,467.0,2702.0,516.0,1444.0,12.0,6903.0,9882.0,10406.0,1313.0,386.0,353.0,1598.0,2126.0,819.0,35.0,7.0,4.0,1686.0,1405.0,796.0,51.0,12.0,3.0,2930.0,784.0,3714.0,3731.0,1539.0,386.0,1925.0,1978.0,1062.0,3040.0,,,,,,,,,,,,,,,,,,,,,,,,,,,,,,,,,,,,,,,,,,,,,,,,,,,,,,,,,,,,,
204,Hume,sa4,VIC,2011,2010-11,,,,,,,,,,,,,,,,,,,,,,,,,,,,,,,,,,,,,,,,,,,,,,,,,,,,,,,,,,,,,,,,,,,,,,,,,,,,,,,,1256972.0,64739.0,496636.0,1288194.0,29236.0,870662.0,,,,,,,7.7,0.4,11.4,0.9,8.4,2.9,10.8,7.6,4.6,0.9,1.5,1.2,3.4,2.6,9.0,7.7,12.4,1.2,3.4,2.1,73669.0,,,,,,,,,,,,
204,Hume,sa4,VIC,2016,2015-16,,,,,,,,,,,,,,,,,,,,,,,,,,,,,,,,,,,,,,,,,,,,,,,,,,,,,,,,,,,,,,,,,,,,53.0,152.0,203.0,16.0,19.0,26.0,27.0,19.0,17.0,19.0,36.0,33.0,1012039.0,73749.0,470402.0,1259196.0,17191.0,909022.0,54685.0,,,892.1,163.9,539.1,7.4,0.4,9.1,1.0,8.8,2.2,9.7,7.7,4.7,0.7,1.4,1.1,3.6,3.2,8.7,8.0,13.3,1.4,3.6,4.1,75545.0,,,,,,,,,,,,
204,Hume,sa4,VIC,2017,2016-17,,,,,,,,,,,,,,,,,,,,,,,,,,,,,,,,,,,,,,,,,,,,,,,,,,,,,,,,,,,,,,,,,,,,51.0,123.0,174.0,16.0,13.0,31.0,16.0,13.0,16.0,13.0,27.0,16.0,,,,,,,,,,,,,,,,,,,,,,,,,,,,,,,,,,1068.0,49.0,75417.0,33.0,,6040.0,1.0,,1093.0,1102.0,49.0,82730.0
204,Hume,sa4,VIC,2018,2017-18,,,,,,,,,,,,,,,,,,,,,,,,,,,,,,,,,,,,,,,,,,,,,,,,,,,,,,,,,,,,,,,,2860.0,325000.0,486.0,240000.0,45.0,145.0,193.0,20.0,11.0,30.0,18.0,17.0,10.0,35.0,20.0,18.0,,,,,,,,,,,,,,,,,,,,,,,,,,,,,,,,,,1199.0,63.0,76553.0,30.0,,6070.0,8.0,,1101.0,1237.0,63.0,83904.0
204,Hume,sa4,VIC,2019,2018-19,,,,,,,,,,,,,,,,,,,,,,,,,,,,,,,,,,,,,,,,,,,,,,,,,,,,,,1359.0,73.0,1432.0,1440.0,480.0,29.0,509.0,539.0,258.0,797.0,2463.0,345000.0,485.0,230000.0,42.0,135.0,174.0,11.0,9.0,24.0,22.0,20.0,15.0,23.0,24.0,20.0,,,,,,,,,,,,,,,,,,,,,,,,,,,,,,,,,,1423.0,40.0,77936.0,43.0,,6113.0,12.0,,1113.0,1478.0,40.0,85342.0
204,Hume,sa4,VIC,2020,2019-20,11338.0,4395.0,1594.0,323.0,17650.0,,,,,,,,,,,4719.0,44.0,711.0,90.0,3230.0,372.0,957.0,1049.0,918.0,65.0,352.0,1362.0,1267.0,496.0,48.0,195.0,695.0,232.0,836.0,12.0,4538.0,6301.0,5942.0,566.0,169.0,134.0,,,,,,,,,,,,,1144.0,33.0,1177.0,1181.0,424.0,9.0,433.0,456.0,210.0,666.0,2420.0,361000.0,376.0,252000.0,37.0,85.0,124.0,10.0,4.0,21.0,16.0,17.0,8.0,16.0,18.0,16.0,,,,,,,,,,,,,,,,,,,,,,,,,,,,,,,,,,1303.0,112.0,79127.0,40.0,,6153.0,44.0,,1157.0,1387.0,112.0,86617.0
204,Hume,sa4,VIC,2021,2020-21,11258.0,5064.0,1678.0,307.0,18307.0,1364.0,603.0,61.0,6.0,2034.0,1228.0,243.0,44.0,7.0,1522.0,4786.0,45.0,724.0,91.0,3364.0,372.0,1006.0,1077.0,937.0,66.0,368.0,1437.0,1363.0,531.0,44.0,201.0,749.0,246.0,889.0,11.0,4883.0,6320.0,6212.0,577.0,175.0,140.0,805.0,841.0,369.0,11.0,5.0,3.0,745.0,527.0,260.0,10.0,4.0,,1702.0,48.0,1750.0,1797.0,641.0,11.0,652.0,696.0,322.0,1019.0,3096.0,415000.0,533.0,308000.0,16.0,37.0,54.0,8.0,4.0,6.0,11.0,4.0,,5.0,6.0,10.0,1177043.1,61330.0,525574.9,1377574.1,1898.3,592435.4,76009.7,41.1,2142.0,1096.4,269.6,634.3,7.2,0.5,8.5,0.9,10.4,2.0,9.0,7.2,4.3,0.6,1.4,0.9,3.8,2.9,8.5,8.4,14.7,1.3,3.5,3.9,85750.0,1205.0,106.0,80226.0,43.0,,6196.0,,,1157.0,1248.0,106.0,87759.0
204,Hume,sa4,VIC,2022,2021-22,11993.0,5251.0,1684.0,353.0,19273.0,1805.0,630.0,59.0,16.0,2506.0,1308.0,405.0,95.0,12.0,1817.0,4868.0,48.0,764.0,97.0,3568.0,379.0,1056.0,1166.0,953.0,72.0,376.0,1496.0,1462.0,629.0,49.0,217.0,830.0,260.0,969.0,10.0,4756.0,6607.0,6861.0,667.0,217.0,162.0,867.0,1143.0,468.0,14.0,7.0,,743.0,528.0,262.0,8.0,5.0,3.0,1297.0,97.0,1394.0,1527.0,581.0,26.0,607.0,679.0,361.0,1040.0,2864.0,519000.0,431.0,349000.0,,,,,,,,,,,,,,,,,,,,,,,,,,,,,,,,,,,,,,,,,,,,,,1393.0,85.0,81534.0,64.0,,6260.0,,,1157.0,1457.0,85.0,89131.0
204,Hume,sa4,VIC,2023,2022-23,12464.0,5028.0,1770.0,385.0,19647.0,1621.0,580.0,70.0,5.0,2276.0,1726.0,451.0,97.0,4.0,2278.0,4874.0,54.0,788.0,98.0,3682.0,392.0,1035.0,1156.0,951.0,73.0,412.0,1500.0,1481.0,688.0,44.0,208.0,929.0,282.0,989.0,11.0,4605.0,6721.0,7158.0,728.0,239.0,196.0,703.0,1065.0,486.0,15.0,4.0,3.0,1012.0,763.0,488.0,17.0,8.0,5.0,1125.0,26.0,1151.0,1188.0,581.0,10.0,591.0,637.0,297.0,934.0,2128.0,550000.0,390.0,365000.0,,,,,,,,,,,,,,,,,,,,,,,,,,,,,,,,,,,,,,,,,,,,,,,,,,,,,,,,,
204,Hume,sa4,VIC,2024,2023-24,12608.0,4933.0,1727.0,413.0,19681.0,1563.0,572.0,66.0,4.0,2199.0,1729.0,407.0,81.0,15.0,2232.0,4780.0,52.0,814.0,102.0,3713.0,372.0,1032.0,1135.0,895.0,71.0,439.0,1567.0,1452.0,675.0,39.0,211.0,1026.0,297.0,1002.0,8.0,4625.0,6687.0,7191.0,759.0,228.0,191.0,714.0,1005.0,460.0,21.0,3.0,,917.0,794.0,474.0,30.0,5.0,,933.0,135.0,1068.0,1089.0,541.0,80.0,621.0,665.0,353.0,1018.0,,,,,,,,,,,,,,,,,,,,,,,,,,,,,,,,,,,,,,,,,,,,,,,,,,,,,,,,,,,,,
205,Latrobe - Gippsland,sa4,VIC,2011,2010-11,,,,,,,,,,,,,,,,,,,,,,,,,,,,,,,,,,,,,,,,,,,,,,,,,,,,,,,,,,,,,,,,,,,,,,,,,,,,,,,,1140430.0,497165.0,471273.0,630113.0,20238.0,784942.0,,,,,,,8.0,1.6,8.6,3.1,10.6,3.0,11.4,6.9,3.7,0.8,1.6,1.1,3.6,2.5,6.0,8.1,12.2,1.3,3.8,2.2,109695.0,,,,,,,,,,,,
205,Latrobe - Gippsland,sa4,VIC,2016,2015-16,,,,,,,,,,,,,,,,,,,,,,,,,,,,,,,,,,,,,,,,,,,,,,,,,,,,,,,,,,,,,,,,,,,,68.0,187.0,258.0,26.0,18.0,38.0,24.0,23.0,18.0,26.0,43.0,36.0,967484.0,508768.0,476404.0,625737.0,18810.0,1835259.0,6090.0,,,2032.5,354.7,795.4,8.5,1.3,6.8,3.1,9.9,2.1,10.4,7.0,3.4,0.8,1.5,1.2,3.8,2.8,6.2,8.3,13.3,1.5,3.9,4.1,110488.0,,,,,,,,,,,,
205,Latrobe - Gippsland,sa4,VIC,2017,2016-17,,,,,,,,,,,,,,,,,,,,,,,,,,,,,,,,,,,,,,,,,,,,,,,,,,,,,,,,,,,,,,,,,,,,92.0,258.0,344.0,31.0,22.0,56.0,38.0,36.0,22.0,34.0,62.0,44.0,,,,,,,,,,,,,,,,,,,,,,,,,,,,,,,,,,1789.0,100.0,132391.0,112.0,,8005.0,14.0,,4762.0,1919.0,100.0,145335.0
205,Latrobe - Gippsland,sa4,VIC,2018,2017-18,,,,,,,,,,,,,,,,,,,,,,,,,,,,,,,,,,,,,,,,,,,,,,,,,,,,,,,,,,,,,,,,6209.0,311000.0,969.0,277000.0,68.0,192.0,262.0,40.0,22.0,39.0,24.0,29.0,15.0,20.0,42.0,28.0,,,,,,,,,,,,,,,,,,,,,,,,,,,,,,,,,,2058.0,109.0,134340.0,97.0,,8102.0,9.0,,4771.0,2164.0,109.0,147390.0
205,Latrobe - Gippsland,sa4,VIC,2019,2018-19,,,,,,,,,,,,,,,,,,,,,,,,,,,,,,,,,,,,,,,,,,,,,,,,,,,,,,2412.0,133.0,2545.0,2557.0,854.0,26.0,880.0,907.0,376.0,1282.0,5102.0,330000.0,880.0,279000.0,63.0,193.0,253.0,41.0,19.0,41.0,33.0,14.0,20.0,21.0,40.0,20.0,,,,,,,,,,,,,,,,,,,,,,,,,,,,,,,,,,2284.0,143.0,136481.0,75.0,,8177.0,5.0,4.0,4772.0,2364.0,147.0,149607.0
205,Latrobe - Gippsland,sa4,VIC,2020,2019-20,15597.0,6161.0,2270.0,469.0,24497.0,,,,,,,,,,,6179.0,67.0,839.0,74.0,4607.0,529.0,1566.0,1251.0,1303.0,107.0,515.0,2166.0,1694.0,728.0,48.0,248.0,1050.0,267.0,1240.0,19.0,6110.0,8287.0,8706.0,899.0,286.0,209.0,,,,,,,,,,,,,2235.0,118.0,2353.0,2355.0,780.0,29.0,809.0,835.0,334.0,1169.0,5296.0,354000.0,906.0,287500.0,44.0,117.0,161.0,21.0,16.0,32.0,21.0,10.0,6.0,15.0,21.0,24.0,,,,,,,,,,,,,,,,,,,,,,,,,,,,,,,,,,2404.0,445.0,138440.0,120.0,1.0,8296.0,20.0,,4792.0,2544.0,446.0,151705.0
205,Latrobe - Gippsland,sa4,VIC,2021,2020-21,15511.0,7147.0,2340.0,470.0,25468.0,2083.0,828.0,79.0,7.0,2997.0,1787.0,375.0,88.0,6.0,2256.0,6209.0,65.0,886.0,83.0,4863.0,532.0,1592.0,1329.0,1332.0,116.0,548.0,2249.0,1798.0,788.0,43.0,252.0,1141.0,302.0,1321.0,19.0,6467.0,8521.0,8987.0,967.0,296.0,230.0,1189.0,1238.0,546.0,14.0,4.0,6.0,1095.0,743.0,441.0,14.0,4.0,,3556.0,104.0,3660.0,3744.0,1265.0,24.0,1289.0,1341.0,429.0,1770.0,7193.0,406250.0,1130.0,301999.5,27.0,70.0,99.0,10.0,8.0,10.0,15.0,8.0,7.0,10.0,12.0,20.0,1003481.5,459259.4,526386.8,652078.3,14053.1,2487172.3,12212.2,9768.5,262.1,2286.9,400.1,899.4,7.5,1.0,6.3,2.7,10.9,2.1,9.4,6.4,3.3,0.9,1.4,1.2,3.9,2.8,6.4,8.6,15.5,1.5,4.0,4.1,127425.0,2361.0,200.0,140601.0,65.0,4.0,8357.0,8.0,1.0,4799.0,2437.0,205.0,153937.0
205,Latrobe - Gippsland,sa4,VIC,2022,2021-22,16588.0,7432.0,2451.0,511.0,26978.0,2764.0,984.0,77.0,23.0,3847.0,1914.0,537.0,126.0,11.0,2592.0,6305.0,68.0,929.0,88.0,5191.0,551.0,1690.0,1451.0,1383.0,130.0,598.0,2354.0,1884.0,963.0,43.0,279.0,1296.0,306.0,1446.0,18.0,6491.0,9075.0,9685.0,1134.0,338.0,255.0,1394.0,1682.0,717.0,41.0,9.0,10.0,1092.0,741.0,438.0,11.0,5.0,,2732.0,96.0,2828.0,2917.0,1119.0,32.0,1151.0,1211.0,639.0,1850.0,5999.0,515000.0,1041.0,383500.0,,,,,,,,,,,,,,,,,,,,,,,,,,,,,,,,,,,,,,,,,,,,,,2893.0,215.0,143279.0,135.0,3.0,8489.0,3.0,,4802.0,3032.0,218.0,156751.0
205,Latrobe - Gippsland,sa4,VIC,2023,2022-23,17137.0,7147.0,2537.0,578.0,27399.0,2334.0,816.0,85.0,7.0,3242.0,2803.0,655.0,136.0,7.0,3601.0,6319.0,72.0,982.0,83.0,5307.0,563.0,1665.0,1374.0,1352.0,128.0,605.0,2383.0,1996.0,994.0,43.0,290.0,1436.0,318.0,1472.0,17.0,6158.0,9268.0,10119.0,1185.0,407.0,262.0,962.0,1594.0,651.0,25.0,3.0,7.0,1449.0,1262.0,854.0,45.0,9.0,5.0,1870.0,131.0,2001.0,2063.0,951.0,40.0,991.0,1055.0,354.0,1409.0,4546.0,540000.0,676.0,385000.0,,,,,,,,,,,,,,,,,,,,,,,,,,,,,,,,,,,,,,,,,,,,,,,,,,,,,,,,,
205,Latrobe - Gippsland,sa4,VIC,2024,2023-24,17423.0,7021.0,2526.0,578.0,27548.0,2289.0,754.0,93.0,12.0,3144.0,2468.0,607.0,132.0,18.0,3225.0,6246.0,66.0,957.0,85.0,5296.0,551.0,1663.0,1389.0,1346.0,131.0,637.0,2385.0,1981.0,1012.0,45.0,294.0,1621.0,321.0,1500.0,17.0,6331.0,9276.0,10029.0,1244.0,389.0,279.0,1034.0,1433.0,641.0,21.0,9.0,4.0,1332.0,1178.0,652.0,42.0,13.0,4.0,1673.0,354.0,2027.0,2069.0,919.0,87.0,1006.0,1065.0,551.0,1616.0,,,,,,,,,,,,,,,,,,,,,,,,,,,,,,,,,,,,,,,,,,,,,,,,,,,,,,,,,,,,,
206,Melbourne - Inner,sa4,VIC,2011,2010-11,,,,,,,,,,,,,,,,,,,,,,,,,,,,,,,,,,,,,,,,,,,,,,,,,,,,,,,,,,,,,,,,,,,,,,,,,,,,,,,,2232.0,741.0,789.0,,,,,,,,,,0.2,0.3,5.4,1.0,4.5,3.8,8.1,7.4,3.1,3.8,6.9,1.7,15.7,3.7,5.8,9.3,11.1,3.1,2.9,2.1,276867.0,,,,,,,,,,,,
206,Melbourne - Inner,sa4,VIC,2016,2015-16,,,,,,,,,,,,,,,,,,,,,,,,,,,,,,,,,,,,,,,,,,,,,,,,,,,,,,,,,,,,,,,,,,,,148.0,292.0,434.0,74.0,63.0,58.0,54.0,77.0,48.0,13.0,24.0,31.0,626.0,,957.0,118.0,,,,,,7.8,7.1,0.7,0.3,0.3,4.0,0.9,4.6,2.5,8.2,8.7,3.0,3.5,6.2,2.0,15.5,3.5,5.4,10.0,11.3,3.4,2.8,3.9,320164.0,,,,,,,,,,,,
206,Melbourne - Inner,sa4,VIC,2017,2016-17,,,,,,,,,,,,,,,,,,,,,,,,,,,,,,,,,,,,,,,,,,,,,,,,,,,,,,,,,,,,,,,,,,,,139.0,345.0,485.0,80.0,82.0,45.0,65.0,85.0,57.0,18.0,25.0,34.0,,,,,,,,,,,,,,,,,,,,,,,,,,,,,,,,,,545.0,489.0,63027.0,790.0,11.0,67472.0,12815.0,41.0,185762.0,14156.0,541.0,317440.0
206,Melbourne - Inner,sa4,VIC,2018,2017-18,,,,,,,,,,,,,,,,,,,,,,,,,,,,,,,,,,,,,,,,,,,,,,,,,,,,,,,,,,,,,,,,3994.0,1380000.0,15564.0,586000.0,162.0,329.0,490.0,84.0,84.0,64.0,56.0,74.0,50.0,24.0,27.0,24.0,,,,,,,,,,,,,,,,,,,,,,,,,,,,,,,,,,539.0,567.0,62999.0,791.0,21.0,68242.0,11264.0,52.0,196974.0,12606.0,640.0,329406.0
206,Melbourne - Inner,sa4,VIC,2019,2018-19,,,,,,,,,,,,,,,,,,,,,,,,,,,,,,,,,,,,,,,,,,,,,,,,,,,,,,405.0,5449.0,5854.0,5881.0,884.0,2395.0,3279.0,3407.0,4936.0,8343.0,3633.0,1280000.0,14051.0,595000.0,137.0,263.0,403.0,73.0,94.0,54.0,44.0,55.0,44.0,14.0,22.0,19.0,,,,,,,,,,,,,,,,,,,,,,,,,,,,,,,,,,541.0,498.0,63042.0,1054.0,4.0,69292.0,6931.0,72.0,203833.0,8526.0,574.0,337358.0
206,Melbourne - Inner,sa4,VIC,2020,2019-20,69521.0,24710.0,10408.0,3813.0,108452.0,,,,,,,,,,,1045.0,255.0,2211.0,301.0,10529.0,3466.0,6391.0,6330.0,4063.0,2319.0,10754.0,16082.0,23263.0,4740.0,237.0,2106.0,8153.0,2578.0,3439.0,190.0,30282.0,29725.0,37005.0,5968.0,2387.0,3085.0,,,,,,,,,,,,,355.0,9136.0,9491.0,9494.0,836.0,3787.0,4623.0,4734.0,5738.0,10472.0,3167.0,1350000.0,13629.0,600000.0,103.0,206.0,313.0,52.0,56.0,42.0,34.0,36.0,28.0,15.0,22.0,15.0,,,,,,,,,,,,,,,,,,,,,,,,,,,,,,,,,,433.0,443.0,63032.0,743.0,6.0,70029.0,7208.0,334.0,210707.0,8397.0,783.0,344972.0
206,Melbourne - Inner,sa4,VIC,2021,2020-21,67685.0,28774.0,10760.0,3853.0,111072.0,11963.0,4176.0,390.0,88.0,16617.0,10884.0,1662.0,362.0,103.0,13011.0,1020.0,259.0,2242.0,349.0,10705.0,3542.0,6907.0,6619.0,3764.0,2366.0,11028.0,16254.0,23761.0,4862.0,231.0,2158.0,8421.0,2708.0,3715.0,161.0,34313.0,30906.0,35431.0,5213.0,2189.0,3020.0,7337.0,5904.0,3069.0,131.0,61.0,115.0,6756.0,3375.0,2100.0,201.0,86.0,93.0,339.0,4100.0,4439.0,4648.0,952.0,1809.0,2760.0,2959.0,3669.0,6628.0,3293.0,1500000.0,15626.0,627750.0,53.0,83.0,133.0,19.0,22.0,13.0,9.0,16.0,11.0,9.0,9.0,22.0,5.1,,,,,,,,,,,,0.3,0.2,3.7,1.0,5.3,2.1,7.8,8.0,2.9,2.8,6.3,1.9,16.3,3.3,6.3,9.6,12.7,3.0,2.8,3.9,370901.0,341.0,420.0,62953.0,574.0,16.0,70587.0,11162.0,424.0,221445.0,12077.0,860.0,356189.0
206,Melbourne - Inner,sa4,VIC,2022,2021-22,72558.0,28714.0,10705.0,3809.0,115778.0,15409.0,4099.0,452.0,116.0,20079.0,10726.0,2735.0,543.0,144.0,14146.0,1024.0,269.0,2259.0,342.0,11087.0,3375.0,7509.0,6808.0,4190.0,2458.0,11457.0,16751.0,24053.0,5255.0,242.0,2404.0,8944.0,3014.0,4218.0,128.0,34416.0,31858.0,37727.0,5885.0,2535.0,3362.0,8831.0,7237.0,3586.0,205.0,66.0,144.0,6765.0,3376.0,2104.0,202.0,85.0,93.0,391.0,6694.0,7085.0,7728.0,1087.0,3251.0,4339.0,4766.0,4780.0,9545.0,4308.0,1605000.0,16523.0,650000.0,,,,,,,,,,,,,,,,,,,,,,,,,,,,,,,,,,,,,,,,,,,,,,290.0,550.0,62693.0,572.0,22.0,71137.0,7350.0,76.0,228719.0,8221.0,648.0,363762.0
206,Melbourne - Inner,sa4,VIC,2023,2022-23,74299.0,26448.0,10803.0,4305.0,115855.0,12733.0,3501.0,401.0,96.0,16731.0,13526.0,2958.0,533.0,134.0,17151.0,1000.0,276.0,2281.0,385.0,11251.0,3391.0,7071.0,6523.0,4071.0,2465.0,11786.0,17095.0,24277.0,5073.0,252.0,2312.0,9258.0,2990.0,3952.0,146.0,31488.0,31943.0,39365.0,6576.0,2775.0,3708.0,5914.0,6888.0,3599.0,178.0,64.0,88.0,8307.0,4912.0,2991.0,272.0,117.0,152.0,297.0,6592.0,6889.0,7176.0,976.0,3596.0,4572.0,4890.0,5244.0,10135.0,2840.0,1480000.0,14813.0,590000.0,,,,,,,,,,,,,,,,,,,,,,,,,,,,,,,,,,,,,,,,,,,,,,,,,,,,,,,,,
206,Melbourne - Inner,sa4,VIC,2024,2023-24,76727.0,25527.0,10799.0,4705.0,117758.0,13343.0,3590.0,442.0,131.0,17507.0,12307.0,2420.0,575.0,143.0,15445.0,979.0,288.0,2248.0,475.0,11379.0,3304.0,7173.0,6632.0,4298.0,2440.0,12221.0,17399.0,24517.0,5089.0,263.0,2406.0,9569.0,3023.0,3943.0,114.0,30908.0,32255.0,40657.0,6988.0,2990.0,3960.0,6144.0,7068.0,3897.0,198.0,94.0,106.0,7477.0,4552.0,2907.0,269.0,97.0,139.0,314.0,4710.0,5024.0,5025.0,1304.0,2640.0,3944.0,4107.0,3691.0,7798.0,,,,,,,,,,,,,,,,,,,,,,,,,,,,,,,,,,,,,,,,,,,,,,,,,,,,,,,,,,,,,
207,Melbourne - Inner East,sa4,VIC,2011,2010-11,,,,,,,,,,,,,,,,,,,,,,,,,,,,,,,,,,,,,,,,,,,,,,,,,,,,,,,,,,,,,,,,,,,,,,,,,,,,,,,,471.0,2.0,1.0,144.0,,,,,,,,,0.2,0.3,6.6,0.8,5.2,4.9,10.6,6.4,2.7,2.7,6.6,2.0,13.2,3.2,4.5,9.7,13.2,1.9,3.1,2.2,164213.0,,,,,,,,,,,,
207,Melbourne - Inner East,sa4,VIC,2016,2015-16,,,,,,,,,,,,,,,,,,,,,,,,,,,,,,,,,,,,,,,,,,,,,,,,,,,,,,,,,,,,,,,,,,,,70.0,98.0,166.0,23.0,26.0,26.0,16.0,26.0,16.0,11.0,3.0,17.0,38.0,,,,,,,,,0.1,0.1,,0.3,0.2,4.9,0.8,5.4,3.6,10.2,6.9,2.8,2.6,6.2,2.4,13.0,3.3,4.3,10.1,13.7,2.1,3.0,4.2,168597.0,,,,,,,,,,,,
207,Melbourne - Inner East,sa4,VIC,2017,2016-17,,,,,,,,,,,,,,,,,,,,,,,,,,,,,,,,,,,,,,,,,,,,,,,,,,,,,,,,,,,,,,,,,,,,57.0,93.0,157.0,23.0,26.0,23.0,13.0,16.0,21.0,4.0,8.0,12.0,,,,,,,,,,,,,,,,,,,,,,,,,,,,,,,,,,1127.0,979.0,91190.0,766.0,2.0,29971.0,2275.0,,27266.0,4169.0,981.0,148714.0
207,Melbourne - Inner East,sa4,VIC,2018,2017-18,,,,,,,,,,,,,,,,,,,,,,,,,,,,,,,,,,,,,,,,,,,,,,,,,,,,,,,,,,,,,,,,3613.0,1625000.0,3623.0,671250.0,65.0,116.0,174.0,24.0,35.0,36.0,8.0,35.0,13.0,3.0,15.0,9.0,,,,,,,,,,,,,,,,,,,,,,,,,,,,,,,,,,1058.0,1134.0,91114.0,842.0,2.0,30811.0,1934.0,7.0,29193.0,3834.0,1143.0,151405.0
207,Melbourne - Inner East,sa4,VIC,2019,2018-19,,,,,,,,,,,,,,,,,,,,,,,,,,,,,,,,,,,,,,,,,,,,,,,,,,,,,,860.0,3137.0,3997.0,4001.0,935.0,1231.0,2165.0,2180.0,379.0,2559.0,3290.0,1400000.0,3479.0,620000.0,69.0,97.0,164.0,35.0,27.0,17.0,19.0,12.0,24.0,8.0,6.0,12.0,,,,,,,,,,,,,,,,,,,,,,,,,,,,,,,,,,1111.0,935.0,91290.0,928.0,3.0,31736.0,1668.0,3.0,30858.0,3707.0,941.0,154171.0
207,Melbourne - Inner East,sa4,VIC,2020,2019-20,30647.0,11820.0,3541.0,815.0,46823.0,,,,,,,,,,,461.0,36.0,868.0,86.0,5778.0,2293.0,3129.0,2392.0,2203.0,474.0,3284.0,7526.0,8247.0,1994.0,96.0,883.0,4971.0,571.0,1480.0,51.0,13671.0,14868.0,15498.0,1716.0,595.0,475.0,,,,,,,,,,,,,691.0,2662.0,3353.0,3360.0,829.0,1083.0,1911.0,1924.0,647.0,2571.0,3359.0,1500000.0,3986.0,682200.0,58.0,61.0,118.0,23.0,17.0,17.0,15.0,15.0,12.0,15.0,8.0,15.0,,,,,,,,,,,,,,,,,,,,,,,,,,,,,,,,,,869.0,781.0,91378.0,879.0,23.0,32592.0,2175.0,8.0,33025.0,3933.0,812.0,157292.0
207,Melbourne - Inner East,sa4,VIC,2021,2020-21,29424.0,13909.0,3594.0,782.0,47709.0,4978.0,1744.0,101.0,17.0,6840.0,4531.0,722.0,107.0,24.0,5384.0,454.0,45.0,862.0,85.0,5971.0,2298.0,3292.0,2306.0,2030.0,477.0,3368.0,7699.0,8434.0,2014.0,99.0,909.0,5170.0,606.0,1529.0,61.0,15720.0,14951.0,14467.0,1564.0,549.0,458.0,3094.0,2427.0,1229.0,62.0,13.0,15.0,2884.0,1490.0,881.0,91.0,35.0,13.0,656.0,2307.0,2963.0,3092.0,818.0,1083.0,1901.0,1975.0,454.0,2429.0,3667.0,1686000.0,4252.0,731000.0,23.0,37.0,61.0,7.0,4.0,8.0,,7.0,8.0,3.0,4.0,8.0,1406.9,,766.6,,,,733.1,,,1.8,0.9,0.9,0.3,0.2,4.5,0.8,6.2,3.1,9.9,6.5,2.8,2.1,6.5,2.3,13.5,2.8,4.6,9.7,15.2,1.8,2.9,4.2,185265.0,690.0,825.0,91243.0,853.0,42.0,33403.0,1789.0,4.0,34810.0,3336.0,871.0,159757.0
207,Melbourne - Inner East,sa4,VIC,2022,2021-22,31988.0,13912.0,3413.0,743.0,50065.0,6856.0,1830.0,123.0,21.0,8827.0,4544.0,1155.0,172.0,25.0,5889.0,444.0,52.0,860.0,85.0,6217.0,2231.0,3643.0,2261.0,2240.0,476.0,3542.0,7980.0,8694.0,2286.0,111.0,1020.0,5453.0,643.0,1763.0,56.0,16042.0,15644.0,15643.0,1630.0,564.0,539.0,3903.0,3361.0,1458.0,74.0,14.0,19.0,2888.0,1489.0,882.0,93.0,38.0,11.0,750.0,2283.0,3033.0,3141.0,1080.0,1093.0,2174.0,2275.0,711.0,2987.0,4100.0,1830000.0,4792.0,759000.0,,,,,,,,,,,,,,,,,,,,,,,,,,,,,,,,,,,,,,,,,,,,,,564.0,1101.0,90706.0,810.0,3.0,34210.0,935.0,17.0,35728.0,2313.0,1121.0,160949.0
207,Melbourne - Inner East,sa4,VIC,2023,2022-23,32993.0,12865.0,3405.0,889.0,50152.0,5740.0,1629.0,106.0,13.0,7488.0,5797.0,1308.0,181.0,9.0,7295.0,424.0,38.0,874.0,102.0,6226.0,2368.0,3451.0,2234.0,2211.0,443.0,3630.0,8149.0,8699.0,2121.0,103.0,967.0,5697.0,642.0,1714.0,59.0,14612.0,16058.0,16436.0,1831.0,605.0,610.0,2722.0,3216.0,1455.0,56.0,16.0,23.0,3828.0,2070.0,1157.0,99.0,31.0,30.0,794.0,1615.0,2409.0,2413.0,1241.0,942.0,2184.0,2239.0,710.0,2950.0,3309.0,1820000.0,4111.0,717000.0,,,,,,,,,,,,,,,,,,,,,,,,,,,,,,,,,,,,,,,,,,,,,,,,,,,,,,,,,
207,Melbourne - Inner East,sa4,VIC,2024,2023-24,34522.0,12387.0,3418.0,937.0,51264.0,6208.0,1697.0,114.0,11.0,8035.0,5372.0,1139.0,189.0,32.0,6732.0,421.0,32.0,865.0,94.0,6271.0,2249.0,3555.0,2277.0,2442.0,457.0,3750.0,8367.0,8745.0,2190.0,99.0,1026.0,5994.0,655.0,1733.0,37.0,14566.0,16401.0,17108.0,1928.0,641.0,620.0,2926.0,3457.0,1556.0,70.0,15.0,13.0,3395.0,1991.0,1161.0,114.0,38.0,35.0,766.0,987.0,1753.0,1759.0,1293.0,630.0,1923.0,1959.0,388.0,2347.0,,,,,,,,,,,,,,,,,,,,,,,,,,,,,,,,,,,,,,,,,,,,,,,,,,,,,,,,,,,,,
208,Melbourne - Inner South,sa4,VIC,2011,2010-11,,,,,,,,,,,,,,,,,,,,,,,,,,,,,,,,,,,,,,,,,,,,,,,,,,,,,,,,,,,,,,,,,,,,,,,,,,,,,,,,77.0,,8.0,,,,,,,,,,0.2,0.3,8.3,0.9,6.6,5.3,10.3,5.3,3.0,2.7,6.1,1.9,12.6,3.5,4.7,9.3,11.7,2.0,3.2,2.3,187983.0,,,,,,,,,,,,
208,Melbourne - Inner South,sa4,VIC,2016,2015-16,,,,,,,,,,,,,,,,,,,,,,,,,,,,,,,,,,,,,,,,,,,,,,,,,,,,,,,,,,,,,,,,,,,,127.0,163.0,287.0,42.0,50.0,36.0,32.0,40.0,30.0,7.0,15.0,32.0,104.0,,,,,,,,,10.2,9.1,0.4,0.3,0.2,5.9,0.9,6.8,3.8,9.7,5.6,3.0,2.6,6.0,2.2,12.7,3.4,4.7,10.1,12.2,2.4,3.1,4.4,198182.0,,,,,,,,,,,,
208,Melbourne - Inner South,sa4,VIC,2017,2016-17,,,,,,,,,,,,,,,,,,,,,,,,,,,,,,,,,,,,,,,,,,,,,,,,,,,,,,,,,,,,,,,,,,,,100.0,153.0,253.0,41.0,48.0,31.0,21.0,33.0,33.0,15.0,14.0,22.0,,,,,,,,,,,,,,,,,,,,,,,,,,,,,,,,,,1081.0,1098.0,95106.0,799.0,8.0,40115.0,2253.0,,38240.0,4140.0,1106.0,174069.0
208,Melbourne - Inner South,sa4,VIC,2018,2017-18,,,,,,,,,,,,,,,,,,,,,,,,,,,,,,,,,,,,,,,,,,,,,,,,,,,,,,,,,,,,,,,,3983.0,1500000.0,5112.0,665000.0,106.0,166.0,267.0,42.0,52.0,38.0,24.0,41.0,37.0,11.0,21.0,10.0,,,,,,,,,,,,,,,,,,,,,,,,,,,,,,,,,,1129.0,1226.0,95009.0,1219.0,6.0,41328.0,2261.0,4.0,40497.0,4609.0,1236.0,177442.0
208,Melbourne - Inner South,sa4,VIC,2019,2018-19,,,,,,,,,,,,,,,,,,,,,,,,,,,,,,,,,,,,,,,,,,,,,,,,,,,,,,799.0,2719.0,3518.0,3523.0,887.0,1141.0,2028.0,2057.0,498.0,2555.0,3764.0,1310000.0,4081.0,648000.0,73.0,138.0,210.0,38.0,41.0,22.0,21.0,22.0,28.0,13.0,21.0,8.0,,,,,,,,,,,,,,,,,,,,,,,,,,,,,,,,,,1032.0,1077.0,94964.0,1324.0,16.0,42636.0,1600.0,21.0,42076.0,3957.0,1114.0,180285.0
208,Melbourne - Inner South,sa4,VIC,2020,2019-20,31456.0,12119.0,3739.0,1038.0,48352.0,,,,,,,,,,,405.0,36.0,1580.0,117.0,6633.0,2155.0,3272.0,1927.0,2278.0,587.0,3024.0,7064.0,9090.0,2079.0,107.0,995.0,4033.0,896.0,2009.0,65.0,12899.0,16271.0,16066.0,1867.0,614.0,635.0,,,,,,,,,,,,,719.0,1722.0,2441.0,2444.0,914.0,873.0,1787.0,1812.0,539.0,2351.0,3742.0,1400000.0,4598.0,675000.0,70.0,90.0,158.0,28.0,17.0,30.0,15.0,21.0,17.0,8.0,13.0,21.0,,,,,,,,,,,,,,,,,,,,,,,,,,,,,,,,,,815.0,950.0,94829.0,1174.0,24.0,43786.0,2630.0,6.0,44700.0,4630.0,980.0,183935.0
208,Melbourne - Inner South,sa4,VIC,2021,2020-21,30367.0,14378.0,3893.0,1027.0,49665.0,5067.0,1663.0,113.0,14.0,6857.0,4574.0,700.0,140.0,25.0,5439.0,410.0,28.0,1640.0,124.0,6726.0,2146.0,3565.0,2017.0,2035.0,607.0,3194.0,7179.0,9416.0,2114.0,108.0,1022.0,4213.0,930.0,2128.0,63.0,14929.0,16328.0,15477.0,1721.0,613.0,597.0,2979.0,2636.0,1165.0,55.0,15.0,7.0,2855.0,1629.0,833.0,85.0,20.0,25.0,589.0,2851.0,3440.0,3449.0,860.0,1323.0,2183.0,2210.0,615.0,2825.0,4033.0,1650000.0,5822.0,735000.0,24.0,50.0,81.0,6.0,14.0,7.0,6.0,12.0,4.0,8.0,3.0,12.0,607.7,,718.6,5.2,,90445.3,,50.9,5.8,14.6,10.8,3.2,0.3,0.2,5.4,1.0,7.7,3.3,9.3,5.5,2.8,2.1,6.3,2.1,13.1,2.9,5.1,10.1,13.5,2.1,2.9,4.2,221398.0,659.0,902.0,94586.0,1054.0,28.0,44812.0,1022.0,127.0,45595.0,2735.0,1057.0,185613.0
208,Melbourne - Inner South,sa4,VIC,2022,2021-22,32755.0,14397.0,3993.0,1065.0,52205.0,6498.0,1640.0,146.0,29.0,8309.0,4490.0,1056.0,181.0,20.0,5756.0,389.0,30.0,1651.0,139.0,6936.0,2113.0,3889.0,2134.0,2173.0,628.0,3355.0,7478.0,9620.0,2425.0,124.0,1114.0,4544.0,1080.0,2343.0,49.0,14961.0,16750.0,17100.0,2029.0,703.0,661.0,3646.0,3229.0,1329.0,66.0,18.0,15.0,2853.0,1631.0,833.0,83.0,20.0,26.0,648.0,2699.0,3347.0,3500.0,982.0,1373.0,2355.0,2477.0,671.0,3148.0,4235.0,1829000.0,6208.0,760000.0,,,,,,,,,,,,,,,,,,,,,,,,,,,,,,,,,,,,,,,,,,,,,,499.0,1114.0,93971.0,812.0,29.0,45595.0,810.0,11.0,46394.0,2134.0,1154.0,186593.0
208,Melbourne - Inner South,sa4,VIC,2023,2022-23,33225.0,13352.0,4042.0,1178.0,51797.0,5126.0,1434.0,131.0,14.0,6705.0,5760.0,1294.0,207.0,34.0,7295.0,379.0,29.0,1652.0,137.0,6892.0,2087.0,3736.0,2060.0,2099.0,629.0,3427.0,7540.0,9628.0,2259.0,117.0,1060.0,4682.0,1057.0,2269.0,58.0,13291.0,17063.0,17701.0,2191.0,795.0,756.0,2282.0,3039.0,1289.0,61.0,18.0,16.0,3682.0,2184.0,1256.0,99.0,34.0,26.0,633.0,1468.0,2101.0,2116.0,1047.0,866.0,1913.0,1977.0,960.0,2937.0,3263.0,1700000.0,4959.0,736000.0,,,,,,,,,,,,,,,,,,,,,,,,,,,,,,,,,,,,,,,,,,,,,,,,,,,,,,,,,
208,Melbourne - Inner South,sa4,VIC,2024,2023-24,34200.0,12974.0,4017.0,1248.0,52439.0,5818.0,1438.0,141.0,26.0,7424.0,5360.0,1112.0,204.0,35.0,6711.0,368.0,31.0,1594.0,132.0,6933.0,2044.0,3783.0,2021.0,2207.0,630.0,3531.0,7735.0,9656.0,2309.0,113.0,1081.0,4885.0,1079.0,2257.0,47.0,13152.0,17146.0,18252.0,2321.0,777.0,791.0,2645.0,3269.0,1427.0,51.0,20.0,11.0,3232.0,2142.0,1174.0,103.0,37.0,23.0,521.0,2442.0,2963.0,2963.0,1140.0,1394.0,2534.0,2577.0,608.0,3185.0,,,,,,,,,,,,,,,,,,,,,,,,,,,,,,,,,,,,,,,,,,,,,,,,,,,,,,,,,,,,,
209,Melbourne - North East,sa4,VIC,2011,2010-11,,,,,,,,,,,,,,,,,,,,,,,,,,,,,,,,,,,,,,,,,,,,,,,,,,,,,,,,,,,,,,,,,,,,,,,,,,,,,,,,18686.0,289.0,11779.0,4203.0,754.0,12.0,,,,,,,0.4,0.2,10.9,1.0,9.7,4.4,10.8,5.3,5.1,2.0,4.1,1.3,7.1,3.3,6.0,8.4,12.4,1.6,3.6,2.4,208619.0,,,,,,,,,,,,
209,Melbourne - North East,sa4,VIC,2016,2015-16,,,,,,,,,,,,,,,,,,,,,,,,,,,,,,,,,,,,,,,,,,,,,,,,,,,,,,,,,,,,,,,,,,,,127.0,342.0,468.0,46.0,34.0,67.0,72.0,57.0,49.0,37.0,62.0,39.0,18993.0,201.0,9886.0,2555.0,842.0,81076.0,884.0,,,161.3,112.5,28.5,0.6,0.2,7.6,1.1,9.6,3.1,10.2,5.9,5.2,1.9,3.8,1.4,7.2,3.5,6.0,9.2,13.3,1.8,3.7,4.8,231605.0,,,,,,,,,,,,
209,Melbourne - North East,sa4,VIC,2017,2016-17,,,,,,,,,,,,,,,,,,,,,,,,,,,,,,,,,,,,,,,,,,,,,,,,,,,,,,,,,,,,,,,,,,,,126.0,334.0,458.0,56.0,40.0,70.0,48.0,78.0,36.0,46.0,40.0,50.0,,,,,,,,,,,,,,,,,,,,,,,,,,,,,,,,,,2939.0,463.0,154860.0,1389.0,,26829.0,1452.0,,11297.0,5780.0,463.0,193323.0
209,Melbourne - North East,sa4,VIC,2018,2017-18,,,,,,,,,,,,,,,,,,,,,,,,,,,,,,,,,,,,,,,,,,,,,,,,,,,,,,,,,,,,,,,,6072.0,710000.0,3072.0,540000.0,108.0,339.0,446.0,52.0,42.0,72.0,53.0,64.0,44.0,44.0,53.0,26.0,,,,,,,,,,,,,,,,,,,,,,,,,,,,,,,,,,2951.0,604.0,157207.0,1179.0,4.0,28004.0,486.0,,11783.0,4616.0,608.0,197331.0
209,Melbourne - North East,sa4,VIC,2019,2018-19,,,,,,,,,,,,,,,,,,,,,,,,,,,,,,,,,,,,,,,,,,,,,,,,,,,,,,2910.0,1876.0,4786.0,4824.0,1079.0,507.0,1586.0,1620.0,860.0,2480.0,5055.0,678000.0,2379.0,525000.0,99.0,243.0,345.0,36.0,34.0,49.0,28.0,43.0,33.0,35.0,49.0,23.0,,,,,,,,,,,,,,,,,,,,,,,,,,,,,,,,,,2882.0,571.0,159518.0,1275.0,12.0,29267.0,685.0,44.0,12424.0,4842.0,627.0,201546.0
209,Melbourne - North East,sa4,VIC,2020,2019-20,28884.0,10907.0,3159.0,842.0,43792.0,,,,,,,,,,,473.0,23.0,1627.0,164.0,9939.0,1443.0,2899.0,1668.0,6067.0,405.0,1489.0,4071.0,5046.0,2079.0,178.0,696.0,2721.0,643.0,2109.0,52.0,12636.0,15623.0,13033.0,1430.0,531.0,539.0,,,,,,,,,,,,,3234.0,1907.0,5141.0,5208.0,1148.0,547.0,1695.0,1747.0,638.0,2385.0,5398.0,701000.0,2851.0,590000.0,88.0,218.0,309.0,38.0,33.0,42.0,47.0,43.0,15.0,39.0,28.0,18.0,,,,,,,,,,,,,,,,,,,,,,,,,,,,,,,,,,3130.0,497.0,162151.0,1244.0,2.0,30509.0,827.0,88.0,13163.0,5201.0,587.0,206160.0
209,Melbourne - North East,sa4,VIC,2021,2020-21,27734.0,13386.0,3358.0,789.0,45267.0,5573.0,1913.0,115.0,6.0,7607.0,5139.0,723.0,133.0,16.0,6011.0,479.0,23.0,1666.0,150.0,10250.0,1448.0,3080.0,1782.0,5835.0,429.0,1562.0,4266.0,5239.0,2233.0,174.0,693.0,2979.0,684.0,2252.0,43.0,14749.0,15309.0,12823.0,1330.0,533.0,523.0,3281.0,3033.0,1234.0,37.0,13.0,9.0,3171.0,1927.0,812.0,66.0,14.0,18.0,3879.0,1906.0,5785.0,6017.0,1414.0,500.0,1913.0,2017.0,711.0,2728.0,6250.0,740000.0,3582.0,635000.0,41.0,101.0,149.0,14.0,12.0,25.0,14.0,14.0,,12.0,19.0,28.0,18742.0,157.7,12836.1,6790.3,,,298.2,58.0,106.7,218.2,161.6,25.1,0.5,0.2,6.9,1.0,10.8,2.7,9.2,5.4,5.1,1.6,3.9,1.3,7.7,3.1,6.5,9.4,15.0,1.6,3.6,4.5,265919.0,3171.0,538.0,164784.0,1467.0,31.0,31945.0,479.0,33.0,13609.0,5117.0,602.0,210675.0
209,Melbourne - North East,sa4,VIC,2022,2021-22,32343.0,13541.0,3451.0,862.0,50197.0,9230.0,2010.0,158.0,25.0,11426.0,4832.0,1179.0,188.0,32.0,6235.0,447.0,22.0,1754.0,158.0,10993.0,1480.0,3555.0,1888.0,7001.0,457.0,1653.0,4557.0,5515.0,2794.0,217.0,810.0,3324.0,813.0,2718.0,31.0,15846.0,17326.0,14353.0,1520.0,547.0,597.0,5169.0,4646.0,1521.0,57.0,20.0,17.0,3172.0,1929.0,811.0,68.0,14.0,18.0,3109.0,3106.0,6215.0,6404.0,1347.0,1039.0,2386.0,2481.0,1205.0,3686.0,6807.0,845000.0,3445.0,645000.0,,,,,,,,,,,,,,,,,,,,,,,,,,,,,,,,,,,,,,,,,,,,,,3259.0,629.0,167414.0,1179.0,7.0,33117.0,473.0,,14082.0,4911.0,636.0,214950.0
209,Melbourne - North East,sa4,VIC,2023,2022-23,32914.0,12804.0,3601.0,988.0,50307.0,6847.0,1716.0,138.0,32.0,8733.0,7972.0,1413.0,188.0,25.0,9598.0,451.0,21.0,1825.0,151.0,11092.0,1508.0,3389.0,1838.0,6987.0,494.0,1663.0,4519.0,5658.0,2630.0,205.0,806.0,3585.0,799.0,2645.0,41.0,13965.0,17993.0,15326.0,1687.0,642.0,694.0,2966.0,4207.0,1470.0,55.0,25.0,10.0,4643.0,3213.0,1577.0,87.0,25.0,8.0,3233.0,1419.0,4652.0,4725.0,1440.0,506.0,1946.0,2011.0,817.0,2828.0,5539.0,790000.0,2705.0,610000.0,,,,,,,,,,,,,,,,,,,,,,,,,,,,,,,,,,,,,,,,,,,,,,,,,,,,,,,,,
209,Melbourne - North East,sa4,VIC,2024,2023-24,34743.0,12517.0,3584.0,1043.0,51887.0,7956.0,1753.0,148.0,49.0,9900.0,6618.0,1321.0,221.0,28.0,8188.0,445.0,24.0,1793.0,169.0,11064.0,1483.0,3467.0,1868.0,7744.0,476.0,1781.0,4675.0,5768.0,2677.0,210.0,810.0,3947.0,814.0,2643.0,29.0,13923.0,18684.0,16022.0,1854.0,710.0,694.0,3478.0,4684.0,1637.0,66.0,24.0,11.0,3899.0,2786.0,1377.0,86.0,24.0,16.0,3747.0,1840.0,5587.0,5619.0,1683.0,762.0,2445.0,2497.0,926.0,3424.0,,,,,,,,,,,,,,,,,,,,,,,,,,,,,,,,,,,,,,,,,,,,,,,,,,,,,,,,,,,,,
210,Melbourne - North West,sa4,VIC,2011,2010-11,,,,,,,,,,,,,,,,,,,,,,,,,,,,,,,,,,,,,,,,,,,,,,,,,,,,,,,,,,,,,,,,,,,,,,,,,,,,,,,,37553.0,412.0,13345.0,51370.0,51.0,,,,,,,,0.4,0.2,11.9,1.0,9.8,4.4,10.7,5.8,8.8,1.6,4.1,1.4,5.6,3.5,5.9,7.2,9.6,1.5,3.8,2.8,139160.0,,,,,,,,,,,,
210,Melbourne - North West,sa4,VIC,2016,2015-16,,,,,,,,,,,,,,,,,,,,,,,,,,,,,,,,,,,,,,,,,,,,,,,,,,,,,,,,,,,,,,,,,,,,107.0,266.0,371.0,27.0,19.0,66.0,46.0,50.0,30.0,56.0,37.0,40.0,29014.0,497.0,7784.0,47237.0,430.0,93421.0,2656.0,,,28.6,11.5,13.3,0.5,0.2,8.2,1.0,9.7,3.1,10.1,6.2,9.0,1.6,3.8,1.5,5.9,3.7,6.0,8.1,10.9,1.6,3.9,5.2,156403.0,,,,,,,,,,,,
210,Melbourne - North West,sa4,VIC,2017,2016-17,,,,,,,,,,,,,,,,,,,,,,,,,,,,,,,,,,,,,,,,,,,,,,,,,,,,,,,,,,,,,,,,,,,,87.0,290.0,380.0,29.0,29.0,43.0,49.0,56.0,39.0,42.0,52.0,39.0,,,,,,,,,,,,,,,,,,,,,,,,,,,,,,,,,,3049.0,496.0,112264.0,1410.0,1.0,20305.0,206.0,,4727.0,4668.0,497.0,137463.0
210,Melbourne - North West,sa4,VIC,2018,2017-18,,,,,,,,,,,,,,,,,,,,,,,,,,,,,,,,,,,,,,,,,,,,,,,,,,,,,,,,,,,,,,,,5432.0,600000.0,2088.0,490000.0,112.0,312.0,422.0,48.0,41.0,54.0,52.0,62.0,34.0,42.0,58.0,42.0,,,,,,,,,,,,,,,,,,,,,,,,,,,,,,,,,,3859.0,589.0,115534.0,1651.0,1.0,21955.0,93.0,,4820.0,5603.0,590.0,142476.0
210,Melbourne - North West,sa4,VIC,2019,2018-19,,,,,,,,,,,,,,,,,,,,,,,,,,,,,,,,,,,,,,,,,,,,,,,,,,,,,,3761.0,1132.0,4893.0,5020.0,1217.0,285.0,1502.0,1547.0,945.0,2492.0,4368.0,600000.0,1408.0,505000.0,79.0,244.0,327.0,32.0,24.0,38.0,39.0,54.0,21.0,48.0,40.0,24.0,,,,,,,,,,,,,,,,,,,,,,,,,,,,,,,,,,4199.0,519.0,119214.0,1450.0,2.0,23403.0,66.0,8.0,4878.0,5715.0,529.0,147662.0
210,Melbourne - North West,sa4,VIC,2020,2019-20,24082.0,8154.0,2734.0,822.0,35792.0,,,,,,,,,,,550.0,13.0,1755.0,149.0,7768.0,1310.0,2086.0,1266.0,7233.0,227.0,1020.0,3093.0,2961.0,1861.0,217.0,439.0,1577.0,362.0,1872.0,33.0,10856.0,11968.0,10412.0,1370.0,595.0,591.0,,,,,,,,,,,,,3602.0,1217.0,4819.0,4863.0,1180.0,327.0,1507.0,1539.0,851.0,2391.0,4747.0,610000.0,1785.0,515000.0,78.0,182.0,260.0,31.0,31.0,31.0,31.0,32.0,20.0,33.0,33.0,23.0,,,,,,,,,,,,,,,,,,,,,,,,,,,,,,,,,,3888.0,497.0,122605.0,1411.0,1.0,24813.0,21.0,,4899.0,5323.0,498.0,152487.0
210,Melbourne - North West,sa4,VIC,2021,2020-21,23815.0,10509.0,2914.0,863.0,38101.0,5515.0,1770.0,116.0,18.0,7419.0,4591.0,550.0,101.0,23.0,5265.0,555.0,14.0,1837.0,158.0,8511.0,1391.0,2412.0,1394.0,7012.0,267.0,1110.0,3248.0,3152.0,2037.0,222.0,502.0,1771.0,386.0,2092.0,30.0,12980.0,11997.0,10557.0,1391.0,589.0,587.0,3209.0,2900.0,1232.0,50.0,16.0,12.0,2852.0,1681.0,716.0,53.0,14.0,12.0,4263.0,1105.0,5368.0,5421.0,1401.0,322.0,1723.0,1763.0,1223.0,2986.0,5935.0,650000.0,2056.0,550000.0,40.0,90.0,129.0,16.0,9.0,14.0,14.0,14.0,6.0,19.0,9.0,23.0,33240.8,21.5,15273.5,39278.5,2.4,,1362.5,10.5,100.2,41.9,18.4,18.4,0.5,0.1,7.3,1.0,11.3,2.7,9.1,5.7,8.2,1.4,3.9,1.3,6.5,3.4,6.5,8.5,12.4,1.4,3.6,5.0,190944.0,3744.0,576.0,125773.0,1109.0,3.0,25919.0,110.0,,5009.0,4963.0,579.0,156871.0
210,Melbourne - North West,sa4,VIC,2022,2021-22,29599.0,10823.0,3041.0,879.0,44339.0,9895.0,1841.0,131.0,25.0,11893.0,4441.0,1076.0,143.0,13.0,5682.0,583.0,16.0,1937.0,191.0,9478.0,1420.0,2930.0,1612.0,8979.0,261.0,1205.0,3682.0,3429.0,2626.0,281.0,624.0,2071.0,472.0,2522.0,32.0,15131.0,14465.0,11787.0,1604.0,637.0,720.0,5734.0,4589.0,1461.0,79.0,19.0,22.0,2855.0,1681.0,714.0,55.0,10.0,14.0,3439.0,1508.0,4947.0,5023.0,1312.0,449.0,1761.0,1804.0,852.0,2656.0,6283.0,740000.0,2532.0,580000.0,,,,,,,,,,,,,,,,,,,,,,,,,,,,,,,,,,,,,,,,,,,,,,3418.0,721.0,128470.0,971.0,,26890.0,31.0,,5040.0,4421.0,721.0,160571.0
210,Melbourne - North West,sa4,VIC,2023,2022-23,30149.0,10254.0,3081.0,982.0,44466.0,7032.0,1622.0,124.0,19.0,8797.0,8204.0,1320.0,186.0,21.0,9731.0,564.0,12.0,2001.0,195.0,9716.0,1471.0,2732.0,1604.0,8745.0,249.0,1274.0,3761.0,3564.0,2452.0,246.0,609.0,2322.0,458.0,2457.0,34.0,12925.0,15525.0,12822.0,1725.0,664.0,805.0,2968.0,4271.0,1467.0,60.0,21.0,10.0,4856.0,3159.0,1547.0,114.0,24.0,19.0,2749.0,1061.0,3810.0,3832.0,1216.0,375.0,1590.0,1632.0,1935.0,3567.0,5009.0,721000.0,1969.0,545000.0,,,,,,,,,,,,,,,,,,,,,,,,,,,,,,,,,,,,,,,,,,,,,,,,,,,,,,,,,
210,Melbourne - North West,sa4,VIC,2024,2023-24,31894.0,10177.0,3133.0,997.0,46201.0,8043.0,1627.0,135.0,15.0,9821.0,6624.0,1129.0,168.0,33.0,7954.0,558.0,18.0,1967.0,199.0,9863.0,1430.0,2906.0,1674.0,9303.0,255.0,1388.0,3947.0,3668.0,2511.0,257.0,643.0,2652.0,450.0,2483.0,25.0,12939.0,16190.0,13616.0,1911.0,703.0,842.0,3508.0,4643.0,1562.0,69.0,24.0,11.0,3833.0,2752.0,1239.0,81.0,31.0,25.0,3123.0,1264.0,4387.0,4405.0,1397.0,492.0,1889.0,1920.0,1961.0,3881.0,,,,,,,,,,,,,,,,,,,,,,,,,,,,,,,,,,,,,,,,,,,,,,,,,,,,,,,,,,,,,
211,Melbourne - Outer East,sa4,VIC,2011,2010-11,,,,,,,,,,,,,,,,,,,,,,,,,,,,,,,,,,,,,,,,,,,,,,,,,,,,,,,,,,,,,,,,,,,,,,,,,,,,,,,,25561.0,3503.0,10162.0,4713.0,2.0,268929.0,,,,,,,0.7,0.2,12.2,1.0,10.6,5.8,11.6,4.8,3.4,1.9,3.8,1.3,7.4,3.4,4.7,8.0,11.3,1.4,4.4,2.3,244592.0,,,,,,,,,,,,
211,Melbourne - Outer East,sa4,VIC,2016,2015-16,,,,,,,,,,,,,,,,,,,,,,,,,,,,,,,,,,,,,,,,,,,,,,,,,,,,,,,,,,,,,,,,,,,,119.0,289.0,412.0,49.0,32.0,69.0,44.0,56.0,36.0,34.0,46.0,34.0,20110.0,2058.0,9449.0,2844.0,,179839.0,54.0,,,266.7,240.7,17.4,0.9,0.2,8.7,1.0,10.5,4.3,10.9,5.4,3.3,1.9,3.5,1.5,7.6,3.4,4.7,8.9,12.4,1.7,4.2,4.8,247731.0,,,,,,,,,,,,
211,Melbourne - Outer East,sa4,VIC,2017,2016-17,,,,,,,,,,,,,,,,,,,,,,,,,,,,,,,,,,,,,,,,,,,,,,,,,,,,,,,,,,,,,,,,,,,,124.0,292.0,414.0,52.0,32.0,88.0,48.0,57.0,34.0,37.0,44.0,27.0,,,,,,,,,,,,,,,,,,,,,,,,,,,,,,,,,,1622.0,585.0,172470.0,990.0,1.0,19620.0,562.0,,4021.0,3175.0,586.0,196219.0
211,Melbourne - Outer East,sa4,VIC,2018,2017-18,,,,,,,,,,,,,,,,,,,,,,,,,,,,,,,,,,,,,,,,,,,,,,,,,,,,,,,,,,,,,,,,6198.0,805000.0,2867.0,600000.0,102.0,282.0,382.0,42.0,42.0,62.0,33.0,53.0,23.0,46.0,48.0,28.0,,,,,,,,,,,,,,,,,,,,,,,,,,,,,,,,,,1555.0,640.0,173385.0,806.0,3.0,20423.0,401.0,,4422.0,2762.0,643.0,198338.0
211,Melbourne - Outer East,sa4,VIC,2019,2018-19,,,,,,,,,,,,,,,,,,,,,,,,,,,,,,,,,,,,,,,,,,,,,,,,,,,,,,1144.0,1143.0,2287.0,2306.0,624.0,338.0,961.0,995.0,584.0,1579.0,5156.0,735000.0,2276.0,570000.0,99.0,229.0,334.0,42.0,29.0,63.0,33.0,40.0,32.0,24.0,51.0,19.0,,,,,,,,,,,,,,,,,,,,,,,,,,,,,,,,,,1357.0,653.0,174089.0,919.0,3.0,21339.0,541.0,9.0,4954.0,2817.0,665.0,200490.0
211,Melbourne - Outer East,sa4,VIC,2020,2019-20,26569.0,13065.0,4242.0,1048.0,44924.0,,,,,,,,,,,939.0,45.0,2178.0,138.0,11059.0,2045.0,3214.0,1770.0,2693.0,388.0,1747.0,4129.0,6000.0,2125.0,128.0,750.0,2405.0,588.0,2549.0,34.0,11275.0,15565.0,15085.0,1760.0,630.0,609.0,,,,,,,,,,,,,1016.0,1366.0,2382.0,2389.0,580.0,431.0,1010.0,1038.0,492.0,1530.0,5219.0,781000.0,2797.0,600000.0,83.0,190.0,276.0,27.0,30.0,67.0,27.0,27.0,20.0,17.0,37.0,17.0,,,,,,,,,,,,,,,,,,,,,,,,,,,,,,,,,,1157.0,561.0,174685.0,934.0,5.0,22268.0,281.0,10.0,5225.0,2374.0,576.0,202288.0
211,Melbourne - Outer East,sa4,VIC,2021,2020-21,25571.0,15160.0,4322.0,1032.0,46085.0,4249.0,1671.0,109.0,21.0,6050.0,3978.0,748.0,129.0,19.0,4874.0,928.0,41.0,2219.0,139.0,11299.0,2114.0,3478.0,1836.0,2482.0,406.0,1773.0,4243.0,6192.0,2171.0,111.0,769.0,2599.0,589.0,2666.0,30.0,12765.0,15884.0,14521.0,1719.0,592.0,604.0,2499.0,2489.0,1014.0,30.0,7.0,11.0,2518.0,1515.0,757.0,51.0,16.0,10.0,1125.0,1185.0,2310.0,2319.0,683.0,374.0,1056.0,1110.0,696.0,1805.0,5751.0,855750.0,3318.0,644999.0,45.0,58.0,105.0,12.0,8.0,18.0,22.0,5.0,8.0,8.0,3.0,12.0,27231.8,1792.2,9561.4,4263.7,747.0,676519.0,1795.2,147.3,1173.6,405.2,371.5,29.4,0.9,0.2,8.0,1.1,11.5,3.7,9.8,5.2,3.1,1.6,3.8,1.4,8.2,3.0,5.0,9.5,13.9,1.5,4.1,4.5,263832.0,1020.0,623.0,175082.0,884.0,6.0,23146.0,322.0,,5547.0,2226.0,629.0,203885.0
211,Melbourne - Outer East,sa4,VIC,2022,2021-22,27685.0,15281.0,4391.0,1066.0,48414.0,5826.0,1807.0,167.0,31.0,7827.0,4016.0,1186.0,186.0,16.0,5405.0,920.0,54.0,2246.0,151.0,11580.0,2072.0,3788.0,1885.0,2628.0,433.0,1861.0,4443.0,6409.0,2425.0,120.0,908.0,2904.0,667.0,2909.0,27.0,12931.0,16449.0,15793.0,1906.0,656.0,683.0,3219.0,3320.0,1194.0,59.0,23.0,17.0,2518.0,1518.0,756.0,48.0,17.0,8.0,1094.0,1363.0,2457.0,2466.0,744.0,450.0,1194.0,1245.0,1057.0,2302.0,6024.0,1000000.0,3326.0,700000.0,,,,,,,,,,,,,,,,,,,,,,,,,,,,,,,,,,,,,,,,,,,,,,990.0,844.0,175228.0,726.0,6.0,23866.0,189.0,,5736.0,1908.0,850.0,204943.0
211,Melbourne - Outer East,sa4,VIC,2023,2022-23,28368.0,14396.0,4479.0,1166.0,48409.0,4854.0,1626.0,120.0,22.0,6622.0,5495.0,1372.0,224.0,36.0,7127.0,917.0,48.0,2239.0,149.0,11533.0,2075.0,3640.0,1848.0,2551.0,416.0,1900.0,4499.0,6524.0,2385.0,115.0,893.0,3129.0,657.0,2863.0,28.0,11610.0,16741.0,16546.0,2021.0,753.0,738.0,2126.0,3227.0,1200.0,45.0,11.0,13.0,3331.0,2393.0,1299.0,97.0,25.0,16.0,913.0,1014.0,1927.0,1942.0,695.0,442.0,1137.0,1206.0,693.0,1899.0,4793.0,936999.0,2693.0,670000.0,,,,,,,,,,,,,,,,,,,,,,,,,,,,,,,,,,,,,,,,,,,,,,,,,,,,,,,,,
211,Melbourne - Outer East,sa4,VIC,2024,2023-24,29279.0,13969.0,4421.0,1175.0,48844.0,5138.0,1579.0,149.0,12.0,6879.0,4906.0,1247.0,244.0,43.0,6440.0,890.0,44.0,2173.0,136.0,11348.0,2037.0,3700.0,1872.0,2662.0,400.0,1965.0,4641.0,6581.0,2425.0,116.0,910.0,3414.0,663.0,2843.0,25.0,11431.0,16628.0,17106.0,2131.0,798.0,750.0,2276.0,3234.0,1306.0,38.0,11.0,12.0,2872.0,2282.0,1165.0,86.0,20.0,15.0,977.0,987.0,1964.0,1976.0,766.0,436.0,1202.0,1244.0,860.0,2104.0,,,,,,,,,,,,,,,,,,,,,,,,,,,,,,,,,,,,,,,,,,,,,,,,,,,,,,,,,,,,,
212,Melbourne - South East,sa4,VIC,2011,2010-11,,,,,,,,,,,,,,,,,,,,,,,,,,,,,,,,,,,,,,,,,,,,,,,,,,,,,,,,,,,,,,,,,,,,,,,,,,,,,,,,111898.8,25031.9,41811.9,3521.0,444.0,4229236.7,,,,,,,0.9,0.2,16.1,1.0,8.6,6.2,11.4,5.5,5.0,1.8,3.8,1.2,6.2,3.4,3.8,6.5,10.3,1.3,4.0,3.0,300601.0,,,,,,,,,,,,
212,Melbourne - South East,sa4,VIC,2016,2015-16,,,,,,,,,,,,,,,,,,,,,,,,,,,,,,,,,,,,,,,,,,,,,,,,,,,,,,,,,,,,,,,,,,,,214.0,628.0,842.0,64.0,68.0,132.0,92.0,106.0,64.0,102.0,115.0,88.0,56528.9,29805.9,30205.9,7253.0,106.0,2909190.6,394.0,,,518.6,305.8,129.1,1.1,0.2,11.4,1.0,9.1,4.4,11.0,6.0,5.1,1.6,3.6,1.4,6.4,3.7,3.7,7.0,11.8,1.4,4.0,6.1,335693.0,,,,,,,,,,,,
212,Melbourne - South East,sa4,VIC,2017,2016-17,,,,,,,,,,,,,,,,,,,,,,,,,,,,,,,,,,,,,,,,,,,,,,,,,,,,,,,,,,,,,,,,,,,,223.0,623.0,844.0,68.0,68.0,153.0,102.0,93.0,73.0,97.0,113.0,83.0,,,,,,,,,,,,,,,,,,,,,,,,,,,,,,,,,,6293.0,885.0,227389.0,1530.0,,31449.0,625.0,,17673.0,8448.0,885.0,276628.0
212,Melbourne - South East,sa4,VIC,2018,2017-18,,,,,,,,,,,,,,,,,,,,,,,,,,,,,,,,,,,,,,,,,,,,,,,,,,,,,,,,,,,,,,,,10691.0,635000.0,8020.0,600000.0,203.0,641.0,841.0,83.0,61.0,145.0,75.0,111.0,72.0,111.0,123.0,68.0,,,,,,,,,,,,,,,,,,,,,,,,,,,,,,,,,,7213.0,1124.0,233478.0,2152.0,8.0,33593.0,499.0,,18172.0,9865.0,1132.0,285361.0
212,Melbourne - South East,sa4,VIC,2019,2018-19,,,,,,,,,,,,,,,,,,,,,,,,,,,,,,,,,,,,,,,,,,,,,,,,,,,,,,6150.0,3370.0,9520.0,9560.0,2128.0,991.0,3120.0,3153.0,1388.0,4542.0,8372.0,620000.0,3216.0,500000.0,174.0,497.0,672.0,66.0,54.0,112.0,67.0,102.0,62.0,79.0,102.0,42.0,,,,,,,,,,,,,,,,,,,,,,,,,,,,,,,,,,7390.0,974.0,239894.0,2224.0,10.0,35807.0,126.0,1.0,18297.0,9741.0,985.0,294117.0
212,Melbourne - South East,sa4,VIC,2020,2019-20,49760.0,18096.0,6006.0,1894.0,75756.0,,,,,,,,,,,1349.0,44.0,3227.0,283.0,14900.0,3607.0,5180.0,3117.0,12463.0,609.0,2501.0,7091.0,7416.0,4340.0,254.0,888.0,3788.0,817.0,3802.0,80.0,22489.0,25725.0,22109.0,2852.0,1176.0,1405.0,,,,,,,,,,,,,4998.0,2072.0,7070.0,7096.0,1752.0,628.0,2380.0,2408.0,1866.0,4274.0,9215.0,627500.0,3985.0,545000.0,147.0,403.0,553.0,64.0,42.0,84.0,52.0,63.0,44.0,73.0,73.0,52.0,,,,,,,,,,,,,,,,,,,,,,,,,,,,,,,,,,5779.0,905.0,244768.0,1910.0,12.0,37705.0,1355.0,,19652.0,9045.0,917.0,302245.0
212,Melbourne - South East,sa4,VIC,2021,2020-21,48026.0,23173.0,6342.0,1931.0,79472.0,10353.0,3692.0,200.0,23.0,14268.0,8904.0,1299.0,202.0,52.0,10457.0,1321.0,56.0,3367.0,317.0,15791.0,3763.0,5759.0,3372.0,12250.0,638.0,2707.0,7392.0,7791.0,4597.0,256.0,961.0,4124.0,823.0,4110.0,77.0,26329.0,25679.0,22116.0,2788.0,1181.0,1379.0,6328.0,5458.0,2393.0,57.0,16.0,16.0,5725.0,3169.0,1402.0,128.0,35.0,23.0,6010.0,2081.0,8091.0,8164.0,2096.0,626.0,2722.0,2788.0,1244.0,4031.0,11229.0,681000.0,5863.0,580000.0,70.0,212.0,282.0,28.0,28.0,33.0,28.0,27.0,28.0,42.0,42.0,38.0,49454.6,24819.9,36209.4,3233.8,12.4,2986571.6,461.7,4057.9,117.6,508.5,257.2,154.5,1.1,0.2,10.3,1.1,10.1,3.7,10.0,5.7,5.2,1.4,3.6,1.3,6.7,3.4,3.9,7.3,13.9,1.2,3.8,6.0,404944.0,5080.0,935.0,248913.0,2009.0,2.0,39712.0,1442.0,,21094.0,8531.0,937.0,309839.0
212,Melbourne - South East,sa4,VIC,2022,2021-22,57878.0,24052.0,6447.0,2028.0,90403.0,17947.0,4072.0,221.0,53.0,22297.0,8741.0,2189.0,307.0,57.0,11296.0,1337.0,55.0,3469.0,312.0,17267.0,3843.0,6812.0,3747.0,15399.0,666.0,2967.0,8019.0,8335.0,6001.0,315.0,1243.0,4768.0,936.0,4850.0,61.0,29725.0,29925.0,24715.0,3127.0,1349.0,1567.0,10422.0,8754.0,2941.0,101.0,36.0,38.0,5726.0,3170.0,1403.0,131.0,37.0,25.0,5828.0,2650.0,8478.0,8560.0,2290.0,827.0,3117.0,3184.0,1514.0,4698.0,11389.0,780000.0,5449.0,596000.0,,,,,,,,,,,,,,,,,,,,,,,,,,,,,,,,,,,,,,,,,,,,,,5380.0,1252.0,253041.0,1151.0,2.0,40861.0,435.0,,21529.0,6966.0,1254.0,315551.0
212,Melbourne - South East,sa4,VIC,2023,2022-23,60312.0,22828.0,6680.0,2269.0,92089.0,13852.0,3611.0,257.0,38.0,17758.0,14784.0,2732.0,343.0,50.0,17909.0,1336.0,51.0,3531.0,326.0,17753.0,3966.0,6396.0,3684.0,15865.0,648.0,3091.0,8209.0,8664.0,5857.0,298.0,1209.0,5298.0,941.0,4898.0,68.0,26142.0,32516.0,26813.0,3385.0,1472.0,1761.0,6035.0,8695.0,2882.0,95.0,27.0,24.0,9130.0,5576.0,2841.0,185.0,51.0,42.0,5257.0,2189.0,7446.0,7483.0,2405.0,727.0,3132.0,3177.0,2167.0,5344.0,8916.0,785000.0,4296.0,570000.0,,,,,,,,,,,,,,,,,,,,,,,,,,,,,,,,,,,,,,,,,,,,,,,,,,,,,,,,,
212,Melbourne - South East,sa4,VIC,2024,2023-24,65117.0,22376.0,6747.0,2329.0,96569.0,16205.0,3623.0,293.0,48.0,20163.0,12622.0,2325.0,379.0,66.0,15392.0,1292.0,61.0,3565.0,330.0,18344.0,3983.0,6704.0,3823.0,17289.0,626.0,3247.0,8704.0,8975.0,6141.0,306.0,1308.0,5967.0,969.0,4874.0,53.0,26729.0,34471.0,28395.0,3628.0,1503.0,1843.0,7121.0,9694.0,3175.0,106.0,32.0,35.0,7541.0,5216.0,2394.0,147.0,50.0,47.0,5782.0,1613.0,7395.0,7402.0,2800.0,647.0,3446.0,3490.0,2156.0,5645.0,,,,,,,,,,,,,,,,,,,,,,,,,,,,,,,,,,,,,,,,,,,,,,,,,,,,,,,,,,,,,
213,Melbourne - West,sa4,VIC,2011,2010-11,,,,,,,,,,,,,,,,,,,,,,,,,,,,,,,,,,,,,,,,,,,,,,,,,,,,,,,,,,,,,,,,,,,,,,,,,,,,,,,,21833.0,166.0,5099.0,19072.0,11.0,819566.0,,,,,,,0.4,0.2,12.6,1.0,8.2,4.7,10.5,6.0,8.6,2.0,4.6,1.3,6.2,3.9,5.7,6.3,9.4,1.9,3.5,2.9,281683.0,,,,,,,,,,,,
213,Melbourne - West,sa4,VIC,2016,2015-16,,,,,,,,,,,,,,,,,,,,,,,,,,,,,,,,,,,,,,,,,,,,,,,,,,,,,,,,,,,,,,,,,,,,199.0,783.0,984.0,111.0,69.0,133.0,94.0,171.0,74.0,130.0,114.0,93.0,26901.0,1386.0,1629.0,15827.0,,837608.0,10086.0,,,144.9,111.8,25.4,0.6,0.2,8.6,1.1,7.8,3.4,10.1,6.7,9.0,2.0,4.4,1.5,6.5,3.9,5.5,7.2,10.5,1.9,3.6,5.5,326217.0,,,,,,,,,,,,
213,Melbourne - West,sa4,VIC,2017,2016-17,,,,,,,,,,,,,,,,,,,,,,,,,,,,,,,,,,,,,,,,,,,,,,,,,,,,,,,,,,,,,,,,,,,,173.0,723.0,896.0,94.0,73.0,88.0,107.0,147.0,63.0,131.0,97.0,94.0,,,,,,,,,,,,,,,,,,,,,,,,,,,,,,,,,,6358.0,492.0,216775.0,1722.0,,37797.0,829.0,,18016.0,8909.0,492.0,272977.0
213,Melbourne - West,sa4,VIC,2018,2017-18,,,,,,,,,,,,,,,,,,,,,,,,,,,,,,,,,,,,,,,,,,,,,,,,,,,,,,,,,,,,,,,,11748.0,590000.0,3902.0,450000.0,169.0,716.0,888.0,88.0,73.0,119.0,108.0,118.0,93.0,126.0,106.0,73.0,,,,,,,,,,,,,,,,,,,,,,,,,,,,,,,,,,7322.0,598.0,223499.0,1621.0,3.0,39415.0,816.0,3.0,18829.0,9760.0,604.0,282133.0
213,Melbourne - West,sa4,VIC,2019,2018-19,,,,,,,,,,,,,,,,,,,,,,,,,,,,,,,,,,,,,,,,,,,,,,,,,,,,,,7914.0,2790.0,10704.0,10723.0,2495.0,750.0,3245.0,3280.0,1613.0,4893.0,8911.0,585000.0,2821.0,449000.0,157.0,560.0,718.0,81.0,71.0,91.0,81.0,112.0,51.0,101.0,82.0,47.0,,,,,,,,,,,,,,,,,,,,,,,,,,,,,,,,,,8409.0,590.0,231318.0,1527.0,3.0,40939.0,813.0,3.0,19639.0,10749.0,596.0,292286.0
213,Melbourne - West,sa4,VIC,2020,2019-20,43883.0,14087.0,4118.0,1080.0,63168.0,,,,,,,,,,,534.0,31.0,1810.0,271.0,11069.0,1885.0,4016.0,2771.0,15028.0,573.0,1793.0,5182.0,6239.0,3623.0,352.0,923.0,3246.0,738.0,3027.0,57.0,20781.0,21985.0,17146.0,1826.0,682.0,748.0,,,,,,,,,,,,,9512.0,2485.0,11997.0,12108.0,2955.0,783.0,3738.0,3796.0,2255.0,6051.0,9433.0,600000.0,3081.0,486422.0,130.0,467.0,596.0,50.0,56.0,66.0,52.0,75.0,46.0,106.0,76.0,67.0,,,,,,,,,,,,,,,,,,,,,,,,,,,,,,,,,,8894.0,599.0,239613.0,1575.0,9.0,42505.0,806.0,1.0,20444.0,11276.0,609.0,302953.0
213,Melbourne - West,sa4,VIC,2021,2020-21,43587.0,18920.0,4386.0,1150.0,68043.0,11248.0,3844.0,220.0,25.0,15337.0,8938.0,1160.0,191.0,22.0,10311.0,568.0,30.0,1934.0,289.0,12064.0,2073.0,4709.0,3074.0,15099.0,619.0,1966.0,5517.0,6860.0,3911.0,355.0,1007.0,3689.0,782.0,3444.0,53.0,25143.0,22060.0,17566.0,1833.0,709.0,732.0,6838.0,5921.0,2469.0,69.0,22.0,18.0,5855.0,3098.0,1248.0,87.0,25.0,20.0,11931.0,3902.0,15833.0,15904.0,3635.0,1107.0,4742.0,4790.0,3236.0,8026.0,11734.0,630000.0,6299.0,639035.0,82.0,211.0,293.0,33.0,22.0,22.0,28.0,43.0,23.0,43.0,43.0,32.0,21101.2,907.1,3060.6,17519.4,18.8,95309.4,4088.5,5169.8,8.2,143.2,127.4,12.7,0.6,0.2,7.0,1.3,9.1,2.8,9.6,6.0,8.9,1.7,4.9,1.5,7.4,3.6,5.8,7.5,11.9,1.6,3.4,5.3,397466.0,9853.0,614.0,248852.0,1654.0,1.0,44158.0,815.0,,21259.0,12323.0,615.0,314661.0
213,Melbourne - West,sa4,VIC,2022,2021-22,56268.0,20003.0,4554.0,1184.0,82008.0,20986.0,3995.0,219.0,31.0,25236.0,8984.0,2047.0,297.0,37.0,11362.0,586.0,37.0,2098.0,313.0,13543.0,2232.0,5831.0,3397.0,19910.0,659.0,2236.0,6326.0,7564.0,5532.0,438.0,1307.0,4552.0,966.0,4426.0,42.0,30338.0,27879.0,20054.0,2085.0,782.0,862.0,12485.0,9720.0,2897.0,84.0,34.0,15.0,5859.0,3102.0,1245.0,87.0,28.0,20.0,10251.0,2446.0,12697.0,12798.0,3406.0,759.0,4165.0,4240.0,2296.0,6536.0,13367.0,680000.0,5568.0,570000.0,,,,,,,,,,,,,,,,,,,,,,,,,,,,,,,,,,,,,,,,,,,,,,10211.0,749.0,258314.0,1525.0,9.0,45674.0,1006.0,,22265.0,12748.0,758.0,326651.0
213,Melbourne - West,sa4,VIC,2023,2022-23,57904.0,18945.0,4824.0,1339.0,83012.0,14761.0,3564.0,217.0,29.0,18571.0,17659.0,2731.0,325.0,46.0,20761.0,599.0,41.0,2138.0,338.0,13773.0,2242.0,5560.0,3313.0,20265.0,658.0,2388.0,6457.0,8024.0,5295.0,416.0,1275.0,4908.0,946.0,4327.0,49.0,26014.0,30457.0,22306.0,2335.0,915.0,985.0,6403.0,9185.0,2854.0,89.0,26.0,14.0,10927.0,6614.0,2976.0,135.0,46.0,25.0,9059.0,3420.0,12479.0,12527.0,3482.0,1213.0,4695.0,4757.0,3947.0,8704.0,10614.0,675000.0,3640.0,525000.0,,,,,,,,,,,,,,,,,,,,,,,,,,,,,,,,,,,,,,,,,,,,,,,,,,,,,,,,,
213,Melbourne - West,sa4,VIC,2024,2023-24,62859.0,18872.0,4882.0,1441.0,88054.0,17631.0,3563.0,282.0,34.0,21515.0,13861.0,2236.0,322.0,40.0,16459.0,583.0,46.0,2153.0,308.0,14222.0,2183.0,5756.0,3483.0,22536.0,646.0,2593.0,6967.0,8557.0,5472.0,424.0,1345.0,5424.0,958.0,4382.0,33.0,26816.0,32683.0,23974.0,2598.0,952.0,1031.0,7894.0,10347.0,3090.0,122.0,36.0,23.0,8228.0,5775.0,2275.0,122.0,35.0,22.0,8278.0,2341.0,10619.0,10628.0,3323.0,851.0,4173.0,4215.0,3254.0,7469.0,,,,,,,,,,,,,,,,,,,,,,,,,,,,,,,,,,,,,,,,,,,,,,,,,,,,,,,,,,,,,
214,Mornington Peninsula,sa4,VIC,2011,2010-11,,,,,,,,,,,,,,,,,,,,,,,,,,,,,,,,,,,,,,,,,,,,,,,,,,,,,,,,,,,,,,,,,,,,,,,,,,,,,,,,15449.0,370.0,8889.0,5763.0,16.0,5176541.0,,,,,,,1.0,0.3,11.8,1.0,12.3,4.6,12.3,5.8,3.6,1.3,2.5,1.7,5.3,3.5,5.1,7.6,12.1,1.7,4.1,2.5,124205.0,,,,,,,,,,,,
214,Mornington Peninsula,sa4,VIC,2016,2015-16,,,,,,,,,,,,,,,,,,,,,,,,,,,,,,,,,,,,,,,,,,,,,,,,,,,,,,,,,,,,,,,,,,,,123.0,271.0,391.0,43.0,38.0,69.0,39.0,43.0,53.0,36.0,49.0,29.0,12654.0,,7575.0,1442.0,15.0,3932536.0,149.0,,,211.0,106.9,103.3,1.1,0.3,8.4,1.0,12.7,3.4,11.5,6.0,3.4,1.2,2.2,1.8,5.6,3.7,5.3,8.2,13.2,2.0,3.9,5.1,130900.0,,,,,,,,,,,,
214,Mornington Peninsula,sa4,VIC,2017,2016-17,,,,,,,,,,,,,,,,,,,,,,,,,,,,,,,,,,,,,,,,,,,,,,,,,,,,,,,,,,,,,,,,,,,,101.0,281.0,382.0,29.0,30.0,77.0,47.0,34.0,34.0,24.0,52.0,42.0,,,,,,,,,,,,,,,,,,,,,,,,,,,,,,,,,,1165.0,399.0,125199.0,683.0,2.0,17384.0,110.0,,3652.0,1960.0,401.0,146330.0
214,Mornington Peninsula,sa4,VIC,2018,2017-18,,,,,,,,,,,,,,,,,,,,,,,,,,,,,,,,,,,,,,,,,,,,,,,,,,,,,,,,,,,,,,,,5811.0,690000.0,1878.0,487500.0,91.0,265.0,353.0,21.0,28.0,71.0,53.0,43.0,32.0,32.0,55.0,21.0,,,,,,,,,,,,,,,,,,,,,,,,,,,,,,,,,,1162.0,488.0,125873.0,717.0,11.0,18090.0,119.0,,3771.0,1998.0,499.0,147829.0
214,Mornington Peninsula,sa4,VIC,2019,2018-19,,,,,,,,,,,,,,,,,,,,,,,,,,,,,,,,,,,,,,,,,,,,,,,,,,,,,,1045.0,543.0,1588.0,1608.0,732.0,175.0,907.0,940.0,309.0,1249.0,4641.0,660000.0,1359.0,480000.0,74.0,215.0,286.0,36.0,23.0,48.0,34.0,30.0,25.0,31.0,31.0,24.0,,,,,,,,,,,,,,,,,,,,,,,,,,,,,,,,,,1189.0,427.0,126635.0,635.0,3.0,18722.0,182.0,1.0,3952.0,2006.0,431.0,149404.0
214,Mornington Peninsula,sa4,VIC,2020,2019-20,15527.0,7212.0,2477.0,518.0,25734.0,,,,,,,,,,,636.0,32.0,1174.0,98.0,7086.0,837.0,1667.0,984.0,1257.0,229.0,934.0,2621.0,3062.0,1229.0,69.0,393.0,1501.0,505.0,1395.0,25.0,5884.0,9242.0,9056.0,1023.0,298.0,231.0,,,,,,,,,,,,,958.0,505.0,1463.0,1492.0,675.0,154.0,829.0,861.0,452.0,1314.0,5123.0,700000.0,1608.0,508000.0,71.0,164.0,234.0,22.0,19.0,42.0,31.0,19.0,24.0,19.0,37.0,17.0,,,,,,,,,,,,,,,,,,,,,,,,,,,,,,,,,,1033.0,383.0,127285.0,458.0,,19180.0,63.0,,4015.0,1554.0,383.0,150575.0
214,Mornington Peninsula,sa4,VIC,2021,2020-21,15278.0,8558.0,2551.0,507.0,26894.0,2664.0,963.0,66.0,7.0,3700.0,2306.0,431.0,82.0,13.0,2832.0,633.0,32.0,1215.0,106.0,7436.0,830.0,1823.0,1017.0,1186.0,234.0,984.0,2713.0,3249.0,1339.0,61.0,413.0,1611.0,520.0,1472.0,20.0,6873.0,9539.0,8958.0,995.0,310.0,219.0,1490.0,1589.0,601.0,15.0,3.0,3.0,1394.0,982.0,454.0,28.0,3.0,6.0,914.0,474.0,1388.0,1406.0,786.0,174.0,960.0,998.0,363.0,1361.0,6144.0,830000.0,2208.0,570000.0,30.0,91.0,119.0,11.0,8.0,13.0,13.0,13.0,12.0,5.0,21.0,20.0,14498.6,419.2,7674.3,755.0,15.2,2944730.3,138.3,2168.6,255.6,243.8,138.3,99.7,1.1,0.2,7.6,1.1,14.1,3.0,10.2,6.0,3.0,1.0,2.3,1.7,6.2,3.4,5.4,8.8,14.4,1.9,3.8,4.5,144321.0,928.0,385.0,127828.0,485.0,24.0,19641.0,54.0,,4069.0,1467.0,409.0,151633.0
214,Mornington Peninsula,sa4,VIC,2022,2021-22,16487.0,8833.0,2598.0,541.0,28464.0,3359.0,1102.0,88.0,10.0,4568.0,2350.0,677.0,111.0,20.0,3161.0,650.0,37.0,1228.0,94.0,7774.0,840.0,1996.0,1107.0,1190.0,245.0,1060.0,2865.0,3358.0,1523.0,64.0,475.0,1777.0,566.0,1599.0,15.0,6876.0,9888.0,9945.0,1132.0,358.0,270.0,1681.0,2056.0,794.0,32.0,4.0,3.0,1394.0,985.0,452.0,30.0,3.0,5.0,966.0,730.0,1696.0,1727.0,956.0,278.0,1234.0,1286.0,1400.0,2686.0,5586.0,975000.0,2179.0,640000.0,,,,,,,,,,,,,,,,,,,,,,,,,,,,,,,,,,,,,,,,,,,,,,763.0,537.0,128054.0,374.0,24.0,19991.0,9.0,,4078.0,1147.0,561.0,152219.0
214,Mornington Peninsula,sa4,VIC,2023,2022-23,16858.0,8417.0,2711.0,565.0,28551.0,2757.0,926.0,82.0,8.0,3773.0,3618.0,821.0,135.0,23.0,4597.0,676.0,39.0,1214.0,97.0,7754.0,840.0,1932.0,1086.0,1159.0,254.0,1112.0,2928.0,3376.0,1456.0,64.0,446.0,1976.0,555.0,1565.0,22.0,6209.0,9889.0,10507.0,1248.0,396.0,302.0,1124.0,1884.0,731.0,29.0,5.0,,1958.0,1578.0,985.0,66.0,8.0,11.0,841.0,670.0,1511.0,1519.0,964.0,268.0,1232.0,1284.0,436.0,1720.0,4284.0,920000.0,1738.0,622000.0,,,,,,,,,,,,,,,,,,,,,,,,,,,,,,,,,,,,,,,,,,,,,,,,,,,,,,,,,
214,Mornington Peninsula,sa4,VIC,2024,2023-24,17200.0,8126.0,2697.0,608.0,28631.0,2875.0,914.0,90.0,10.0,3893.0,3064.0,724.0,124.0,11.0,3923.0,664.0,35.0,1220.0,89.0,7591.0,828.0,1920.0,1071.0,1167.0,247.0,1145.0,3028.0,3392.0,1438.0,68.0,462.0,2084.0,572.0,1598.0,11.0,5956.0,9797.0,10852.0,1288.0,419.0,319.0,1187.0,1888.0,775.0,29.0,3.0,,1646.0,1485.0,734.0,45.0,15.0,3.0,692.0,349.0,1041.0,1049.0,896.0,178.0,1074.0,1127.0,536.0,1662.0,,,,,,,,,,,,,,,,,,,,,,,,,,,,,,,,,,,,,,,,,,,,,,,,,,,,,,,,,,,,,
215,North West,sa4,VIC,2011,2010-11,,,,,,,,,,,,,,,,,,,,,,,,,,,,,,,,,,,,,,,,,,,,,,,,,,,,,,,,,,,,,,,,,,,,,,,,,,,,,,,,4895459.0,66667.0,135438.0,4123927.0,124701.0,75047.0,,,,,,,16.6,1.1,7.9,1.3,6.4,3.4,11.6,6.1,4.6,0.8,1.6,0.7,2.7,2.4,5.8,7.2,13.0,1.0,3.6,2.3,63912.0,,,,,,,,,,,,
215,North West,sa4,VIC,2016,2015-16,,,,,,,,,,,,,,,,,,,,,,,,,,,,,,,,,,,,,,,,,,,,,,,,,,,,,,,,,,,,,,,,,,,,44.0,156.0,203.0,18.0,14.0,23.0,31.0,9.0,26.0,17.0,33.0,31.0,4655479.0,72101.0,96672.0,3500715.0,149867.0,126900.0,2240674.0,,,3013.6,2115.7,564.9,15.8,0.8,6.5,1.2,6.6,2.5,10.5,6.4,4.1,0.7,1.4,0.8,3.0,3.1,5.9,7.8,14.1,1.1,3.6,4.2,63376.0,,,,,,,,,,,,
215,North West,sa4,VIC,2017,2016-17,,,,,,,,,,,,,,,,,,,,,,,,,,,,,,,,,,,,,,,,,,,,,,,,,,,,,,,,,,,,,,,,,,,,25.0,155.0,178.0,16.0,16.0,28.0,20.0,22.0,16.0,13.0,26.0,20.0,,,,,,,,,,,,,,,,,,,,,,,,,,,,,,,,,,528.0,68.0,63147.0,3.0,,4147.0,10.0,,2818.0,542.0,68.0,70302.0
215,North West,sa4,VIC,2018,2017-18,,,,,,,,,,,,,,,,,,,,,,,,,,,,,,,,,,,,,,,,,,,,,,,,,,,,,,,,,,,,,,,,2528.0,218000.0,326.0,195750.0,38.0,127.0,165.0,13.0,11.0,18.0,29.0,12.0,12.0,16.0,27.0,25.0,,,,,,,,,,,,,,,,,,,,,,,,,,,,,,,,,,511.0,65.0,63593.0,22.0,,4169.0,4.0,2.0,2820.0,537.0,67.0,70772.0
215,North West,sa4,VIC,2019,2018-19,,,,,,,,,,,,,,,,,,,,,,,,,,,,,,,,,,,,,,,,,,,,,,,,,,,,,,499.0,8.0,507.0,512.0,189.0,2.0,190.0,207.0,164.0,371.0,2421.0,223000.0,360.0,195000.0,20.0,100.0,126.0,5.0,11.0,16.0,13.0,5.0,5.0,12.0,30.0,16.0,,,,,,,,,,,,,,,,,,,,,,,,,,,,,,,,,,552.0,70.0,64075.0,18.0,2.0,4185.0,66.0,,2886.0,636.0,72.0,71336.0
215,North West,sa4,VIC,2020,2019-20,9696.0,4621.0,1812.0,359.0,16488.0,,,,,,,,,,,6659.0,36.0,506.0,57.0,1905.0,412.0,972.0,706.0,870.0,42.0,275.0,1373.0,694.0,456.0,21.0,114.0,501.0,128.0,743.0,18.0,3286.0,4940.0,6890.0,930.0,245.0,197.0,,,,,,,,,,,,,461.0,27.0,488.0,499.0,189.0,7.0,197.0,216.0,231.0,447.0,2419.0,235000.0,336.0,215000.0,23.0,86.0,107.0,10.0,13.0,10.0,20.0,10.0,9.0,7.0,13.0,10.0,,,,,,,,,,,,,,,,,,,,,,,,,,,,,,,,,,497.0,69.0,64503.0,9.0,,4194.0,5.0,,2891.0,511.0,69.0,71778.0
215,North West,sa4,VIC,2021,2020-21,9457.0,5042.0,1847.0,384.0,16730.0,1081.0,505.0,58.0,5.0,1649.0,1074.0,250.0,52.0,10.0,1386.0,6579.0,44.0,513.0,56.0,2013.0,418.0,974.0,732.0,845.0,40.0,290.0,1423.0,725.0,472.0,19.0,117.0,533.0,131.0,795.0,11.0,3480.0,4907.0,6781.0,1068.0,270.0,224.0,588.0,667.0,365.0,19.0,3.0,7.0,581.0,473.0,316.0,15.0,3.0,5.0,772.0,37.0,809.0,854.0,305.0,11.0,316.0,351.0,197.0,549.0,2839.0,270000.0,413.0,240000.0,3.0,36.0,40.0,,,6.0,4.0,,3.0,4.0,6.0,4.0,5023821.2,52814.3,119341.5,4317941.5,136153.1,59796.9,2722709.4,4077.1,40527.5,5111.7,4011.0,776.9,16.6,0.9,6.3,1.2,7.3,2.7,9.2,5.8,4.1,0.5,1.2,0.7,2.9,2.9,5.7,7.8,15.3,1.0,3.5,4.3,68899.0,515.0,110.0,64908.0,31.0,,4225.0,,,2891.0,546.0,110.0,72214.0
215,North West,sa4,VIC,2022,2021-22,9981.0,5023.0,1825.0,372.0,17201.0,1346.0,485.0,77.0,9.0,1921.0,994.0,327.0,94.0,11.0,1422.0,6484.0,49.0,521.0,63.0,2108.0,426.0,1025.0,792.0,892.0,44.0,306.0,1465.0,753.0,535.0,13.0,135.0,582.0,139.0,862.0,8.0,3491.0,5013.0,7015.0,1166.0,298.0,222.0,704.0,749.0,435.0,32.0,6.0,3.0,582.0,477.0,320.0,15.0,,4.0,570.0,20.0,590.0,669.0,254.0,6.0,260.0,311.0,265.0,576.0,2813.0,335000.0,402.0,285000.0,,,,,,,,,,,,,,,,,,,,,,,,,,,,,,,,,,,,,,,,,,,,,,624.0,115.0,65417.0,35.0,,4260.0,,,2891.0,659.0,115.0,72758.0
215,North West,sa4,VIC,2023,2022-23,10251.0,4839.0,1810.0,369.0,17269.0,1219.0,437.0,59.0,4.0,1719.0,1395.0,378.0,90.0,7.0,1870.0,6407.0,46.0,550.0,64.0,2180.0,438.0,1001.0,731.0,870.0,46.0,309.0,1519.0,774.0,529.0,17.0,134.0,626.0,132.0,883.0,13.0,3374.0,5096.0,6960.0,1246.0,348.0,245.0,558.0,746.0,385.0,22.0,6.0,,749.0,637.0,443.0,23.0,7.0,6.0,456.0,55.0,511.0,529.0,231.0,15.0,246.0,276.0,295.0,572.0,2298.0,359007.5,312.0,290000.0,,,,,,,,,,,,,,,,,,,,,,,,,,,,,,,,,,,,,,,,,,,,,,,,,,,,,,,,,
215,North West,sa4,VIC,2024,2023-24,10500.0,4703.0,1802.0,397.0,17402.0,1330.0,470.0,66.0,7.0,1873.0,1324.0,322.0,84.0,11.0,1741.0,6348.0,35.0,543.0,66.0,2224.0,404.0,993.0,737.0,869.0,40.0,322.0,1577.0,795.0,539.0,22.0,150.0,659.0,141.0,916.0,10.0,3220.0,5076.0,7045.0,1354.0,431.0,276.0,549.0,832.0,449.0,34.0,3.0,3.0,713.0,570.0,408.0,41.0,3.0,3.0,460.0,41.0,501.0,548.0,246.0,12.0,258.0,300.0,283.0,583.0,,,,,,,,,,,,,,,,,,,,,,,,,,,,,,,,,,,,,,,,,,,,,,,,,,,,,,,,,,,,,
216,Shepparton,sa4,VIC,2011,2010-11,,,,,,,,,,,,,,,,,,,,,,,,,,,,,,,,,,,,,,,,,,,,,,,,,,,,,,,,,,,,,,,,,,,,,,,,,,,,,,,,754800.0,308026.0,71647.0,534194.0,92991.0,,,,,,,,11.4,0.3,13.5,1.6,7.9,3.2,11.9,6.1,4.0,0.8,1.6,0.8,3.4,2.2,3.8,7.1,13.0,0.9,3.9,2.5,54225.0,,,,,,,,,,,,
216,Shepparton,sa4,VIC,2016,2015-16,,,,,,,,,,,,,,,,,,,,,,,,,,,,,,,,,,,,,,,,,,,,,,,,,,,,,,,,,,,,,,,,,,,,49.0,130.0,172.0,17.0,4.0,30.0,15.0,11.0,15.0,14.0,33.0,31.0,727869.0,349703.0,58775.0,463128.0,127540.0,200000.0,215390.0,,,1663.5,701.2,369.2,11.4,0.3,11.3,1.9,8.1,2.1,10.7,6.3,3.9,0.8,1.4,1.0,3.5,2.7,3.9,7.4,13.9,1.0,4.0,4.4,54706.0,,,,,,,,,,,,
216,Shepparton,sa4,VIC,2017,2016-17,,,,,,,,,,,,,,,,,,,,,,,,,,,,,,,,,,,,,,,,,,,,,,,,,,,,,,,,,,,,,,,,,,,,39.0,138.0,180.0,15.0,7.0,24.0,28.0,15.0,12.0,15.0,40.0,24.0,,,,,,,,,,,,,,,,,,,,,,,,,,,,,,,,,,529.0,49.0,51995.0,13.0,,5622.0,1.0,,206.0,544.0,49.0,57956.0
216,Shepparton,sa4,VIC,2018,2017-18,,,,,,,,,,,,,,,,,,,,,,,,,,,,,,,,,,,,,,,,,,,,,,,,,,,,,,,,,,,,,,,,1997.0,275000.0,347.0,220000.0,21.0,131.0,158.0,10.0,8.0,22.0,28.0,16.0,18.0,15.0,31.0,16.0,,,,,,,,,,,,,,,,,,,,,,,,,,,,,,,,,,502.0,54.0,52443.0,13.0,2.0,5633.0,1.0,,207.0,517.0,56.0,58417.0
216,Shepparton,sa4,VIC,2019,2018-19,,,,,,,,,,,,,,,,,,,,,,,,,,,,,,,,,,,,,,,,,,,,,,,,,,,,,,692.0,53.0,745.0,751.0,242.0,19.0,262.0,275.0,207.0,482.0,1701.0,290000.0,338.0,235500.0,18.0,98.0,112.0,18.0,4.0,11.0,21.0,6.0,15.0,8.0,21.0,15.0,,,,,,,,,,,,,,,,,,,,,,,,,,,,,,,,,,696.0,78.0,53061.0,9.0,,5642.0,2.0,,209.0,708.0,78.0,59047.0
216,Shepparton,sa4,VIC,2020,2019-20,8227.0,3313.0,1409.0,309.0,13258.0,,,,,,,,,,,3797.0,16.0,564.0,35.0,2016.0,320.0,740.0,577.0,816.0,44.0,341.0,1173.0,801.0,434.0,27.0,104.0,585.0,124.0,731.0,13.0,2975.0,4274.0,4976.0,662.0,206.0,165.0,,,,,,,,,,,,,688.0,24.0,712.0,728.0,244.0,6.0,250.0,271.0,242.0,513.0,1610.0,296000.0,334.0,250000.0,25.0,70.0,95.0,5.0,7.0,15.0,9.0,9.0,7.0,12.0,14.0,14.0,,,,,,,,,,,,,,,,,,,,,,,,,,,,,,,,,,686.0,59.0,53688.0,18.0,,5660.0,5.0,,214.0,709.0,59.0,59697.0
216,Shepparton,sa4,VIC,2021,2020-21,8136.0,3891.0,1406.0,316.0,13749.0,1171.0,510.0,45.0,5.0,1731.0,1000.0,164.0,48.0,12.0,1224.0,3806.0,14.0,572.0,36.0,2117.0,333.0,773.0,598.0,845.0,47.0,364.0,1190.0,862.0,501.0,31.0,108.0,643.0,135.0,762.0,12.0,3281.0,4393.0,5019.0,665.0,218.0,173.0,640.0,746.0,332.0,8.0,3.0,3.0,552.0,390.0,241.0,27.0,4.0,10.0,1050.0,50.0,1100.0,1118.0,388.0,12.0,400.0,425.0,133.0,559.0,2340.0,345000.0,410.0,254000.0,9.0,34.0,42.0,3.0,,7.0,7.0,8.0,3.0,3.0,8.0,9.0,764680.2,262976.8,101863.7,529752.0,141472.2,346000.0,313867.9,2211.6,8967.6,2228.2,1219.2,437.6,11.0,0.3,10.0,1.7,9.2,2.1,9.6,6.3,4.1,0.6,1.2,0.9,3.5,2.7,3.8,7.6,16.0,1.0,4.2,4.3,60348.0,739.0,74.0,54353.0,67.0,,5727.0,,,214.0,806.0,74.0,60429.0
216,Shepparton,sa4,VIC,2022,2021-22,8719.0,3941.0,1447.0,339.0,14443.0,1428.0,521.0,61.0,12.0,2013.0,984.0,289.0,55.0,9.0,1337.0,3821.0,21.0,604.0,36.0,2248.0,344.0,838.0,622.0,935.0,43.0,383.0,1266.0,898.0,558.0,32.0,110.0,697.0,139.0,837.0,12.0,3417.0,4571.0,5289.0,728.0,248.0,189.0,764.0,846.0,383.0,17.0,7.0,,554.0,388.0,238.0,27.0,3.0,9.0,768.0,73.0,841.0,891.0,328.0,19.0,348.0,385.0,193.0,578.0,1984.0,420000.0,431.0,309000.0,,,,,,,,,,,,,,,,,,,,,,,,,,,,,,,,,,,,,,,,,,,,,,848.0,85.0,55116.0,25.0,,5752.0,,,214.0,873.0,85.0,61217.0
216,Shepparton,sa4,VIC,2023,2022-23,9277.0,3840.0,1443.0,357.0,14917.0,1446.0,478.0,52.0,5.0,1981.0,1400.0,317.0,72.0,12.0,1801.0,3797.0,18.0,625.0,33.0,2379.0,406.0,820.0,633.0,974.0,48.0,379.0,1307.0,932.0,588.0,37.0,115.0,788.0,142.0,881.0,15.0,3300.0,4864.0,5443.0,820.0,266.0,224.0,595.0,974.0,384.0,22.0,4.0,3.0,749.0,638.0,416.0,34.0,8.0,5.0,568.0,81.0,649.0,660.0,290.0,23.0,313.0,340.0,347.0,687.0,1554.0,455000.0,307.0,340000.0,,,,,,,,,,,,,,,,,,,,,,,,,,,,,,,,,,,,,,,,,,,,,,,,,,,,,,,,,
216,Shepparton,sa4,VIC,2024,2023-24,9342.0,3783.0,1426.0,354.0,14905.0,1408.0,502.0,50.0,3.0,1954.0,1524.0,327.0,77.0,6.0,1934.0,3765.0,21.0,604.0,32.0,2382.0,321.0,834.0,623.0,981.0,44.0,386.0,1331.0,916.0,558.0,26.0,125.0,880.0,142.0,907.0,17.0,3307.0,4649.0,5634.0,804.0,281.0,230.0,662.0,839.0,434.0,15.0,3.0,,801.0,715.0,389.0,19.0,5.0,3.0,676.0,135.0,811.0,824.0,350.0,34.0,384.0,411.0,304.0,716.0,,,,,,,,,,,,,,,,,,,,,,,,,,,,,,,,,,,,,,,,,,,,,,,,,,,,,,,,,,,,,
217,Warrnambool and South West,sa4,VIC,2011,2010-11,,,,,,,,,,,,,,,,,,,,,,,,,,,,,,,,,,,,,,,,,,,,,,,,,,,,,,,,,,,,,,,,,,,,,,,,,,,,,,,,1683022.0,568472.0,633439.0,4442764.0,7090.0,,,,,,,,15.1,0.6,10.4,1.1,7.5,3.1,10.8,7.3,4.1,0.8,1.5,0.8,3.0,2.6,4.9,7.3,12.8,1.1,3.0,2.2,56535.0,,,,,,,,,,,,
217,Warrnambool and South West,sa4,VIC,2016,2015-16,,,,,,,,,,,,,,,,,,,,,,,,,,,,,,,,,,,,,,,,,,,,,,,,,,,,,,,,,,,,,,,,,,,,32.0,81.0,109.0,19.0,4.0,15.0,12.0,4.0,13.0,13.0,19.0,19.0,1630791.0,596050.0,522861.0,4232897.0,5523.0,180000.0,110819.0,,,2609.8,223.6,1185.3,15.3,0.6,9.2,1.0,6.8,2.5,9.8,7.3,4.1,0.8,1.3,0.8,3.3,2.5,4.9,7.7,13.9,1.2,3.2,3.9,55606.0,,,,,,,,,,,,
217,Warrnambool and South West,sa4,VIC,2017,2016-17,,,,,,,,,,,,,,,,,,,,,,,,,,,,,,,,,,,,,,,,,,,,,,,,,,,,,,,,,,,,,,,,,,,,39.0,83.0,121.0,19.0,12.0,20.0,12.0,7.0,7.0,19.0,22.0,12.0,,,,,,,,,,,,,,,,,,,,,,,,,,,,,,,,,,433.0,38.0,54824.0,45.0,,4329.0,1.0,,1189.0,479.0,38.0,60470.0
217,Warrnambool and South West,sa4,VIC,2018,2017-18,,,,,,,,,,,,,,,,,,,,,,,,,,,,,,,,,,,,,,,,,,,,,,,,,,,,,,,,,,,,,,,,2025.0,285000.0,302.0,258000.0,34.0,84.0,117.0,10.0,13.0,13.0,13.0,9.0,4.0,16.0,27.0,3.0,,,,,,,,,,,,,,,,,,,,,,,,,,,,,,,,,,503.0,33.0,55294.0,18.0,,4347.0,28.0,,1217.0,549.0,33.0,60986.0
217,Warrnambool and South West,sa4,VIC,2019,2018-19,,,,,,,,,,,,,,,,,,,,,,,,,,,,,,,,,,,,,,,,,,,,,,,,,,,,,,532.0,17.0,549.0,555.0,218.0,4.0,222.0,239.0,106.0,345.0,1888.0,300000.0,336.0,250000.0,18.0,65.0,86.0,3.0,3.0,16.0,11.0,10.0,8.0,11.0,18.0,10.0,,,,,,,,,,,,,,,,,,,,,,,,,,,,,,,,,,563.0,57.0,55800.0,25.0,,4372.0,2.0,,1219.0,590.0,57.0,61519.0
217,Warrnambool and South West,sa4,VIC,2020,2019-20,8042.0,3561.0,1509.0,301.0,13413.0,,,,,,,,,,,5324.0,31.0,401.0,33.0,1728.0,273.0,696.0,712.0,672.0,35.0,216.0,1144.0,584.0,288.0,18.0,103.0,490.0,140.0,514.0,11.0,2721.0,4278.0,5545.0,602.0,153.0,114.0,,,,,,,,,,,,,539.0,21.0,560.0,564.0,240.0,5.0,245.0,261.0,97.0,358.0,1843.0,325000.0,322.0,280000.0,10.0,48.0,66.0,6.0,11.0,4.0,6.0,4.0,6.0,8.0,11.0,8.0,,,,,,,,,,,,,,,,,,,,,,,,,,,,,,,,,,526.0,48.0,56278.0,19.0,,4391.0,,,1219.0,545.0,48.0,62016.0
217,Warrnambool and South West,sa4,VIC,2021,2020-21,7970.0,3956.0,1510.0,284.0,13720.0,916.0,369.0,39.0,,1326.0,834.0,159.0,44.0,3.0,1040.0,5328.0,30.0,429.0,36.0,1801.0,273.0,714.0,748.0,632.0,38.0,227.0,1185.0,612.0,309.0,15.0,99.0,523.0,146.0,566.0,9.0,2802.0,4242.0,5698.0,696.0,157.0,125.0,484.0,560.0,268.0,12.0,3.0,3.0,456.0,338.0,235.0,10.0,4.0,,814.0,94.0,908.0,953.0,350.0,30.0,380.0,414.0,149.0,563.0,2256.0,380000.0,411.0,320000.0,3.0,16.0,21.0,,,3.0,,,3.0,,4.0,7.0,1709906.5,556442.3,625164.3,4819629.2,4158.4,486.1,159538.4,914.5,25.4,3179.1,340.3,1520.3,14.7,0.4,8.9,1.1,8.0,2.2,9.2,6.8,3.7,0.6,1.2,0.8,3.4,2.5,5.0,7.7,15.6,1.2,3.3,3.8,60640.0,609.0,62.0,56825.0,19.0,,4410.0,,,1219.0,628.0,62.0,62582.0
217,Warrnambool and South West,sa4,VIC,2022,2021-22,8477.0,3882.0,1588.0,303.0,14243.0,1158.0,440.0,61.0,8.0,1665.0,860.0,225.0,65.0,14.0,1160.0,5375.0,32.0,436.0,36.0,1891.0,297.0,759.0,781.0,636.0,42.0,240.0,1233.0,662.0,338.0,15.0,119.0,568.0,162.0,607.0,10.0,2854.0,4386.0,5930.0,746.0,190.0,140.0,590.0,703.0,352.0,19.0,5.0,,458.0,337.0,233.0,7.0,3.0,,540.0,47.0,587.0,609.0,278.0,15.0,293.0,322.0,143.0,465.0,1967.0,480000.0,283.0,390000.0,,,,,,,,,,,,,,,,,,,,,,,,,,,,,,,,,,,,,,,,,,,,,,620.0,65.0,57380.0,45.0,,4455.0,,,1219.0,665.0,65.0,63182.0
217,Warrnambool and South West,sa4,VIC,2023,2022-23,8749.0,3783.0,1553.0,302.0,14387.0,1009.0,392.0,56.0,3.0,1460.0,1072.0,274.0,81.0,9.0,1436.0,5363.0,36.0,439.0,34.0,1943.0,287.0,731.0,770.0,635.0,46.0,254.0,1261.0,695.0,354.0,22.0,110.0,620.0,161.0,616.0,10.0,2807.0,4409.0,5965.0,845.0,200.0,161.0,451.0,643.0,336.0,20.0,4.0,6.0,566.0,458.0,392.0,19.0,9.0,4.0,612.0,37.0,649.0,667.0,341.0,12.0,354.0,387.0,227.0,614.0,1486.0,495000.0,190.0,410000.0,,,,,,,,,,,,,,,,,,,,,,,,,,,,,,,,,,,,,,,,,,,,,,,,,,,,,,,,,
217,Warrnambool and South West,sa4,VIC,2024,2023-24,8951.0,3654.0,1526.0,306.0,14437.0,982.0,359.0,50.0,4.0,1400.0,1028.0,263.0,84.0,13.0,1388.0,5261.0,37.0,433.0,38.0,1996.0,281.0,725.0,750.0,647.0,41.0,258.0,1272.0,702.0,366.0,27.0,121.0,676.0,164.0,639.0,8.0,2821.0,4512.0,5920.0,799.0,228.0,157.0,433.0,614.0,328.0,17.0,3.0,,549.0,443.0,352.0,33.0,4.0,5.0,471.0,70.0,541.0,547.0,316.0,23.0,339.0,367.0,246.0,613.0,,,,,,,,,,,,,,,,,,,,,,,,,,,,,,,,,,,,,,,,,,,,,,,,,,,,,,,,,,,,,
301,Brisbane - East,sa4,QLD,2011,2010-11,,,,,,,,,,,,,,,,,,,,,,,,,,,,,,,,,,,,,,,,,,,,,,,,,,,,,,,,,,,,,,,,,,,,,,,,,,,,,,,,1702.6,,507.3,47.9,,1608154.9,,,,,,,0.5,1.2,10.8,1.2,10.3,5.0,10.6,5.2,6.3,1.4,3.1,1.7,6.9,3.3,6.2,7.2,11.7,1.2,4.1,2.2,104590.0,,,,,,,,,,,,
301,Brisbane - East,sa4,QLD,2016,2015-16,,,,,,,,,,,,,,,,,,,,,,,,,,,,,,,,,,,,,,,,,,,,,,,,,,,,,,,,,,,,,,,,,,,,128.0,287.0,418.0,48.0,50.0,58.0,44.0,57.0,43.0,41.0,42.0,28.0,3353.3,,1199.3,37.9,,1874558.0,729.0,,,72.1,22.2,49.9,0.7,1.2,7.6,1.1,11.0,3.5,9.9,5.6,6.2,1.3,3.0,2.0,6.5,3.5,6.0,8.5,12.5,1.4,4.2,4.4,108131.0,,,,,,,,,,,,
301,Brisbane - East,sa4,QLD,2017,2016-17,,,,,,,,,,,,,,,,,,,,,,,,,,,,,,,,,,,,,,,,,,,,,,,,,,,,,,,,,,,,,,,,,,,,94.0,283.0,374.0,44.0,24.0,64.0,30.0,59.0,30.0,46.0,40.0,29.0,,,,,,,,,,,,,,,,,,,,,,,,,,,,,,,,,,1293.0,168.0,75217.0,347.0,,11277.0,466.0,,4564.0,2106.0,168.0,91078.0
301,Brisbane - East,sa4,QLD,2018,2017-18,,,,,,,,,,,,,,,,,,,,,,,,,,,,,,,,,,,,,,,,,,,,,,,,,,,,,,,,,,,,,,,,4106.0,570000.0,816.0,390000.0,99.0,303.0,401.0,44.0,33.0,56.0,33.0,53.0,41.0,59.0,44.0,33.0,,,,,,,,,,,,,,,,,,,,,,,,,,,,,,,,,,1236.0,206.0,76247.0,288.0,,11565.0,157.0,,4721.0,1681.0,206.0,92553.0
301,Brisbane - East,sa4,QLD,2019,2018-19,,,,,,,,,,,,,,,,,,,,,,,,,,,,,,,,,,,,,,,,,,,,,,,,,,,,,,811.0,487.0,1298.0,1298.0,278.0,117.0,394.0,413.0,238.0,651.0,3589.0,563000.0,681.0,380000.0,97.0,257.0,350.0,30.0,57.0,57.0,27.0,50.0,34.0,37.0,34.0,27.0,,,,,,,,,,,,,,,,,,,,,,,,,,,,,,,,,,1163.0,189.0,77221.0,448.0,,12013.0,98.0,,4819.0,1709.0,189.0,94073.0
301,Brisbane - East,sa4,QLD,2020,2019-20,11072.0,5224.0,1967.0,515.0,18778.0,,,,,,,,,,,285.0,44.0,880.0,77.0,4286.0,764.0,1147.0,585.0,1334.0,150.0,743.0,2203.0,2734.0,836.0,60.0,336.0,1104.0,237.0,948.0,25.0,4461.0,6176.0,6794.0,782.0,279.0,286.0,,,,,,,,,,,,,867.0,186.0,1053.0,1055.0,300.0,52.0,352.0,382.0,177.0,560.0,3744.0,570000.0,783.0,390000.0,80.0,172.0,253.0,24.0,24.0,43.0,19.0,34.0,15.0,33.0,34.0,25.0,,,,,,,,,,,,,,,,,,,,,,,,,,,,,,,,,,816.0,148.0,77889.0,311.0,,12324.0,278.0,,5097.0,1405.0,148.0,95330.0
301,Brisbane - East,sa4,QLD,2021,2020-21,10609.0,6204.0,1982.0,491.0,19286.0,1839.0,858.0,49.0,6.0,2752.0,1815.0,377.0,76.0,14.0,2282.0,279.0,39.0,895.0,82.0,4426.0,748.0,1179.0,584.0,1233.0,155.0,803.0,2239.0,2855.0,888.0,58.0,345.0,1189.0,260.0,1006.0,23.0,4968.0,6291.0,6648.0,791.0,286.0,302.0,1132.0,1120.0,474.0,16.0,3.0,7.0,1109.0,753.0,408.0,15.0,7.0,,1120.0,508.0,1628.0,1642.0,396.0,139.0,536.0,575.0,176.0,752.0,5157.0,632000.0,1317.0,430000.0,45.0,82.0,126.0,14.0,5.0,27.0,19.0,11.0,6.0,21.0,11.0,14.0,1425.2,,721.9,44.9,,3086604.3,,65.1,8.4,95.9,30.7,63.4,0.6,1.0,6.9,1.2,11.5,3.1,9.5,5.5,5.6,1.1,3.1,1.8,7.1,3.3,5.8,8.8,14.4,1.3,4.2,4.3,118757.0,874.0,216.0,78547.0,84.0,,12408.0,137.0,29.0,5205.0,1095.0,245.0,96180.0
301,Brisbane - East,sa4,QLD,2022,2021-22,11030.0,6294.0,2066.0,533.0,19921.0,2212.0,903.0,62.0,7.0,3191.0,1926.0,574.0,105.0,18.0,2619.0,292.0,41.0,915.0,88.0,4555.0,749.0,1247.0,602.0,1185.0,165.0,810.0,2348.0,3011.0,920.0,57.0,365.0,1229.0,276.0,1063.0,20.0,4634.0,6518.0,7218.0,889.0,327.0,337.0,1181.0,1359.0,618.0,18.0,12.0,4.0,1110.0,751.0,411.0,12.0,10.0,3.0,1226.0,295.0,1521.0,1521.0,520.0,110.0,630.0,663.0,409.0,1072.0,5123.0,815000.0,1401.0,490000.0,,,,,,,,,,,,,,,,,,,,,,,,,,,,,,,,,,,,,,,,,,,,,,987.0,301.0,79233.0,207.0,4.0,12611.0,112.0,,5317.0,1306.0,305.0,97181.0
301,Brisbane - East,sa4,QLD,2023,2022-23,11435.0,6203.0,2103.0,581.0,20322.0,2143.0,883.0,49.0,7.0,3082.0,2088.0,606.0,103.0,15.0,2812.0,274.0,45.0,913.0,98.0,4609.0,733.0,1247.0,641.0,1194.0,165.0,834.0,2369.0,3060.0,953.0,59.0,397.0,1322.0,294.0,1097.0,18.0,4456.0,6636.0,7568.0,933.0,372.0,357.0,1036.0,1380.0,632.0,25.0,7.0,3.0,1282.0,955.0,563.0,30.0,12.0,19.0,852.0,533.0,1385.0,1385.0,419.0,182.0,601.0,640.0,596.0,1235.0,3645.0,825000.0,1026.0,550000.0,,,,,,,,,,,,,,,,,,,,,,,,,,,,,,,,,,,,,,,,,,,,,,,,,,,,,,,,,
301,Brisbane - East,sa4,QLD,2024,2023-24,11849.0,6251.0,2074.0,611.0,20785.0,2183.0,859.0,74.0,9.0,3125.0,2114.0,547.0,131.0,17.0,2809.0,266.0,44.0,927.0,94.0,4689.0,749.0,1245.0,634.0,1221.0,174.0,894.0,2402.0,3158.0,968.0,56.0,395.0,1418.0,299.0,1148.0,11.0,4322.0,6752.0,7926.0,1000.0,381.0,404.0,1037.0,1381.0,661.0,26.0,7.0,6.0,1247.0,940.0,567.0,43.0,7.0,11.0,1129.0,313.0,1442.0,1442.0,565.0,134.0,699.0,744.0,381.0,1125.0,,,,,,,,,,,,,,,,,,,,,,,,,,,,,,,,,,,,,,,,,,,,,,,,,,,,,,,,,,,,,
302,Brisbane - North,sa4,QLD,2011,2010-11,,,,,,,,,,,,,,,,,,,,,,,,,,,,,,,,,,,,,,,,,,,,,,,,,,,,,,,,,,,,,,,,,,,,,,,,,,,,,,,,15.0,,,,,,,,,,,,0.2,1.0,7.8,1.5,7.4,3.6,9.8,5.9,7.0,1.7,3.7,1.7,8.1,3.3,8.8,7.6,13.7,1.5,3.7,2.0,97908.0,,,,,,,,,,,,
302,Brisbane - North,sa4,QLD,2016,2015-16,,,,,,,,,,,,,,,,,,,,,,,,,,,,,,,,,,,,,,,,,,,,,,,,,,,,,,,,,,,,,,,,,,,,89.0,275.0,360.0,37.0,38.0,49.0,49.0,65.0,28.0,35.0,36.0,27.0,,,,,,,,,,,,,0.3,1.1,5.2,1.3,7.7,2.6,9.0,6.5,6.9,1.6,3.6,1.8,8.1,3.6,8.7,8.8,14.4,1.7,3.6,3.6,104614.0,,,,,,,,,,,,
302,Brisbane - North,sa4,QLD,2017,2016-17,,,,,,,,,,,,,,,,,,,,,,,,,,,,,,,,,,,,,,,,,,,,,,,,,,,,,,,,,,,,,,,,,,,,75.0,240.0,321.0,19.0,34.0,47.0,45.0,55.0,30.0,21.0,38.0,34.0,,,,,,,,,,,,,,,,,,,,,,,,,,,,,,,,,,778.0,211.0,62904.0,598.0,,11345.0,1473.0,,15024.0,2849.0,211.0,89308.0
302,Brisbane - North,sa4,QLD,2018,2017-18,,,,,,,,,,,,,,,,,,,,,,,,,,,,,,,,,,,,,,,,,,,,,,,,,,,,,,,,,,,,,,,,3000.0,583000.0,931.0,368000.0,84.0,283.0,368.0,47.0,34.0,53.0,43.0,57.0,40.0,33.0,31.0,24.0,,,,,,,,,,,,,,,,,,,,,,,,,,,,,,,,,,689.0,255.0,63338.0,742.0,,12087.0,685.0,,15709.0,2116.0,255.0,91169.0
302,Brisbane - North,sa4,QLD,2019,2018-19,,,,,,,,,,,,,,,,,,,,,,,,,,,,,,,,,,,,,,,,,,,,,,,,,,,,,,548.0,857.0,1405.0,1460.0,259.0,225.0,484.0,523.0,517.0,1041.0,2857.0,595000.0,907.0,365000.0,82.0,225.0,311.0,30.0,42.0,51.0,22.0,59.0,31.0,31.0,31.0,13.0,,,,,,,,,,,,,,,,,,,,,,,,,,,,,,,,,,610.0,245.0,63703.0,382.0,1.0,12468.0,314.0,9.0,16014.0,1306.0,255.0,92220.0
302,Brisbane - North,sa4,QLD,2020,2019-20,10956.0,4334.0,1683.0,539.0,17512.0,,,,,,,,,,,128.0,45.0,712.0,54.0,2895.0,648.0,1010.0,625.0,2290.0,152.0,678.0,1962.0,2554.0,958.0,68.0,301.0,1346.0,257.0,812.0,17.0,5007.0,5609.0,5487.0,759.0,325.0,325.0,,,,,,,,,,,,,619.0,510.0,1129.0,1160.0,298.0,134.0,432.0,465.0,329.0,794.0,2915.0,615000.0,1032.0,360000.0,48.0,154.0,202.0,24.0,25.0,20.0,25.0,25.0,13.0,15.0,24.0,15.0,,,,,,,,,,,,,,,,,,,,,,,,,,,,,,,,,,559.0,213.0,64049.0,358.0,7.0,12819.0,660.0,1.0,16673.0,1577.0,221.0,93576.0
302,Brisbane - North,sa4,QLD,2021,2020-21,10654.0,5120.0,1767.0,552.0,18093.0,2091.0,796.0,70.0,17.0,2974.0,1903.0,306.0,78.0,7.0,2294.0,145.0,47.0,719.0,53.0,2989.0,657.0,1098.0,661.0,2187.0,160.0,729.0,2036.0,2650.0,982.0,63.0,306.0,1420.0,290.0,881.0,20.0,5589.0,5518.0,5570.0,767.0,298.0,351.0,1375.0,1098.0,472.0,15.0,10.0,4.0,1235.0,688.0,319.0,22.0,9.0,7.0,701.0,511.0,1212.0,1262.0,346.0,148.0,494.0,542.0,296.0,837.0,3683.0,686000.0,1603.0,385000.0,24.0,69.0,90.0,9.0,3.0,14.0,16.0,16.0,7.0,9.0,7.0,13.0,14.0,,,,,,,2.8,,1.0,0.6,0.1,0.3,1.1,4.7,1.4,7.7,2.3,8.7,6.2,6.2,1.3,3.6,1.7,9.1,3.1,7.9,8.7,17.0,1.6,3.6,3.8,118257.0,544.0,296.0,64297.0,391.0,,13210.0,165.0,,16838.0,1100.0,296.0,94380.0
302,Brisbane - North,sa4,QLD,2022,2021-22,11075.0,5228.0,1820.0,586.0,18707.0,2357.0,846.0,57.0,7.0,3265.0,1913.0,494.0,96.0,13.0,2512.0,150.0,47.0,734.0,55.0,3053.0,660.0,1172.0,697.0,2072.0,184.0,794.0,2075.0,2798.0,984.0,62.0,319.0,1593.0,306.0,939.0,22.0,5014.0,6009.0,6094.0,843.0,365.0,384.0,1301.0,1404.0,533.0,17.0,3.0,10.0,1235.0,692.0,320.0,23.0,7.0,10.0,604.0,1232.0,1836.0,1849.0,367.0,425.0,792.0,833.0,443.0,1276.0,3378.0,900000.0,2380.0,435000.0,,,,,,,,,,,,,,,,,,,,,,,,,,,,,,,,,,,,,,,,,,,,,,643.0,386.0,64554.0,372.0,,13582.0,279.0,,17117.0,1294.0,386.0,95288.0
302,Brisbane - North,sa4,QLD,2023,2022-23,11362.0,5097.0,1834.0,652.0,18945.0,2238.0,820.0,68.0,15.0,3141.0,2145.0,562.0,87.0,32.0,2826.0,147.0,42.0,725.0,50.0,3092.0,666.0,1192.0,713.0,2131.0,176.0,778.0,2084.0,2773.0,1019.0,62.0,326.0,1642.0,343.0,969.0,15.0,4632.0,6274.0,6333.0,899.0,378.0,429.0,1060.0,1477.0,574.0,21.0,4.0,5.0,1354.0,910.0,494.0,37.0,7.0,15.0,446.0,301.0,747.0,747.0,351.0,143.0,495.0,526.0,493.0,1019.0,2629.0,871500.0,1981.0,478000.0,,,,,,,,,,,,,,,,,,,,,,,,,,,,,,,,,,,,,,,,,,,,,,,,,,,,,,,,,
302,Brisbane - North,sa4,QLD,2024,2023-24,11753.0,5009.0,1836.0,665.0,19263.0,2413.0,703.0,79.0,8.0,3207.0,2173.0,482.0,95.0,21.0,2771.0,140.0,44.0,716.0,53.0,3073.0,645.0,1164.0,756.0,2231.0,182.0,801.0,2206.0,2840.0,1016.0,58.0,330.0,1707.0,329.0,964.0,16.0,4632.0,6286.0,6565.0,921.0,405.0,454.0,1131.0,1458.0,575.0,30.0,10.0,3.0,1239.0,969.0,500.0,49.0,14.0,6.0,514.0,367.0,881.0,881.0,375.0,155.0,530.0,561.0,1422.0,1983.0,,,,,,,,,,,,,,,,,,,,,,,,,,,,,,,,,,,,,,,,,,,,,,,,,,,,,,,,,,,,,
303,Brisbane - South,sa4,QLD,2011,2010-11,,,,,,,,,,,,,,,,,,,,,,,,,,,,,,,,,,,,,,,,,,,,,,,,,,,,,,,,,,,,,,,,,,,,,,,,,,,,,,,,3060.0,,693.0,215.0,,249999.8,,,,,,,0.2,1.1,7.8,1.0,6.9,4.3,9.7,6.9,4.9,1.5,3.9,1.7,9.4,3.4,7.3,9.4,13.3,1.4,3.6,2.2,159094.0,,,,,,,,,,,,
303,Brisbane - South,sa4,QLD,2016,2015-16,,,,,,,,,,,,,,,,,,,,,,,,,,,,,,,,,,,,,,,,,,,,,,,,,,,,,,,,,,,,,,,,,,,,105.0,270.0,372.0,43.0,42.0,53.0,35.0,53.0,35.0,40.0,39.0,23.0,4619.0,,1172.0,,,239999.8,,,,14.2,7.6,6.7,0.4,0.9,5.5,0.9,6.9,2.9,9.2,7.6,4.8,1.5,3.7,2.2,9.2,3.7,6.7,10.5,14.2,1.6,3.6,4.1,167704.0,,,,,,,,,,,,
303,Brisbane - South,sa4,QLD,2017,2016-17,,,,,,,,,,,,,,,,,,,,,,,,,,,,,,,,,,,,,,,,,,,,,,,,,,,,,,,,,,,,,,,,,,,,133.0,330.0,467.0,40.0,47.0,87.0,50.0,77.0,46.0,40.0,36.0,36.0,,,,,,,,,,,,,,,,,,,,,,,,,,,,,,,,,,1185.0,421.0,95338.0,1149.0,1.0,19011.0,2152.0,6.0,20437.0,4486.0,428.0,134841.0
303,Brisbane - South,sa4,QLD,2018,2017-18,,,,,,,,,,,,,,,,,,,,,,,,,,,,,,,,,,,,,,,,,,,,,,,,,,,,,,,,,,,,,,,,4214.0,700000.0,1687.0,400000.0,111.0,338.0,452.0,42.0,58.0,54.0,51.0,63.0,50.0,52.0,50.0,30.0,,,,,,,,,,,,,,,,,,,,,,,,,,,,,,,,,,1277.0,435.0,96180.0,806.0,,19817.0,1679.0,3.0,22113.0,3762.0,438.0,138165.0
303,Brisbane - South,sa4,QLD,2019,2018-19,,,,,,,,,,,,,,,,,,,,,,,,,,,,,,,,,,,,,,,,,,,,,,,,,,,,,,1298.0,848.0,2146.0,2170.0,620.0,252.0,871.0,908.0,370.0,1278.0,3843.0,695000.0,1509.0,390000.0,113.0,269.0,381.0,33.0,49.0,48.0,46.0,65.0,39.0,38.0,48.0,29.0,,,,,,,,,,,,,,,,,,,,,,,,,,,,,,,,,,1391.0,412.0,97159.0,607.0,,20424.0,1016.0,,23129.0,3014.0,412.0,140767.0
303,Brisbane - South,sa4,QLD,2020,2019-20,23421.0,8816.0,3434.0,875.0,36546.0,,,,,,,,,,,295.0,49.0,1135.0,91.0,4939.0,1583.0,2228.0,1771.0,4827.0,338.0,1537.0,4735.0,4791.0,2169.0,136.0,620.0,3224.0,408.0,1635.0,35.0,11061.0,11672.0,11466.0,1391.0,502.0,454.0,,,,,,,,,,,,,1400.0,897.0,2297.0,2307.0,663.0,257.0,920.0,953.0,530.0,1483.0,3827.0,715000.0,1616.0,400000.0,65.0,225.0,287.0,33.0,43.0,37.0,23.0,45.0,16.0,25.0,35.0,22.0,,,,,,,,,,,,,,,,,,,,,,,,,,,,,,,,,,1324.0,373.0,98110.0,596.0,2.0,21018.0,311.0,,23440.0,2231.0,375.0,142623.0
303,Brisbane - South,sa4,QLD,2021,2020-21,22533.0,10779.0,3574.0,864.0,37750.0,4648.0,1756.0,118.0,18.0,6540.0,4136.0,650.0,146.0,14.0,4946.0,292.0,51.0,1198.0,99.0,5021.0,1658.0,2416.0,1874.0,4676.0,357.0,1608.0,4868.0,5011.0,2193.0,116.0,633.0,3445.0,442.0,1758.0,34.0,12102.0,11605.0,11709.0,1355.0,508.0,471.0,3008.0,2331.0,1153.0,31.0,7.0,10.0,2805.0,1353.0,673.0,43.0,10.0,5.0,1820.0,1357.0,3177.0,3177.0,859.0,462.0,1322.0,1363.0,1046.0,2409.0,5107.0,791000.0,2546.0,420000.0,43.0,87.0,133.0,16.0,12.0,20.0,12.0,8.0,6.0,8.0,18.0,18.0,173.2,,30.2,,,200000.0,,69.7,25.6,13.1,9.0,4.1,0.4,0.9,5.2,1.0,6.8,2.6,8.7,7.2,4.8,1.3,3.7,1.9,9.9,3.3,6.2,10.0,16.5,1.7,3.4,4.4,192826.0,1318.0,472.0,98956.0,427.0,10.0,21435.0,363.0,6.0,23797.0,2108.0,488.0,144243.0
303,Brisbane - South,sa4,QLD,2022,2021-22,23440.0,11083.0,3588.0,933.0,39044.0,5186.0,1900.0,155.0,20.0,7257.0,4217.0,1031.0,232.0,26.0,5508.0,287.0,52.0,1219.0,99.0,5213.0,1675.0,2513.0,1919.0,4459.0,363.0,1683.0,5194.0,5275.0,2200.0,112.0,674.0,3721.0,468.0,1875.0,32.0,11171.0,12476.0,12758.0,1541.0,569.0,528.0,2955.0,2895.0,1333.0,42.0,16.0,15.0,2803.0,1352.0,673.0,43.0,7.0,6.0,1582.0,1058.0,2640.0,2667.0,890.0,352.0,1242.0,1288.0,993.0,2281.0,5032.0,1030000.0,3386.0,480000.0,,,,,,,,,,,,,,,,,,,,,,,,,,,,,,,,,,,,,,,,,,,,,,1648.0,595.0,100009.0,188.0,32.0,21591.0,814.0,17.0,24594.0,2650.0,644.0,146249.0
303,Brisbane - South,sa4,QLD,2023,2022-23,24746.0,10778.0,3698.0,1007.0,40229.0,5412.0,1787.0,158.0,15.0,7372.0,4736.0,1157.0,234.0,39.0,6166.0,278.0,54.0,1232.0,107.0,5379.0,1736.0,2530.0,1953.0,4759.0,365.0,1740.0,5250.0,5410.0,2255.0,112.0,659.0,3998.0,475.0,1908.0,29.0,10357.0,13430.0,13575.0,1659.0,600.0,608.0,2498.0,3396.0,1403.0,53.0,10.0,12.0,2993.0,1921.0,1125.0,76.0,20.0,15.0,1177.0,773.0,1950.0,1989.0,835.0,284.0,1118.0,1176.0,1442.0,2618.0,3717.0,1000853.0,2686.0,530000.0,,,,,,,,,,,,,,,,,,,,,,,,,,,,,,,,,,,,,,,,,,,,,,,,,,,,,,,,,
303,Brisbane - South,sa4,QLD,2024,2023-24,26177.0,10743.0,3712.0,1081.0,41713.0,5863.0,1831.0,159.0,17.0,7870.0,4668.0,1075.0,225.0,33.0,6001.0,269.0,54.0,1225.0,106.0,5427.0,1741.0,2575.0,2053.0,5263.0,373.0,1792.0,5412.0,5602.0,2298.0,109.0,692.0,4336.0,461.0,1907.0,19.0,10648.0,13724.0,14283.0,1753.0,648.0,657.0,2830.0,3463.0,1512.0,51.0,15.0,5.0,2769.0,2052.0,1087.0,74.0,20.0,6.0,1159.0,624.0,1783.0,1784.0,911.0,318.0,1229.0,1268.0,648.0,1916.0,,,,,,,,,,,,,,,,,,,,,,,,,,,,,,,,,,,,,,,,,,,,,,,,,,,,,,,,,,,,,
304,Brisbane - West,sa4,QLD,2011,2010-11,,,,,,,,,,,,,,,,,,,,,,,,,,,,,,,,,,,,,,,,,,,,,,,,,,,,,,,,,,,,,,,,,,,,,,,,,,,,,,,,593.0,,213.0,,,,,,,,,,0.3,1.7,5.0,1.2,5.8,3.2,8.8,5.7,3.1,1.7,4.2,1.8,13.6,3.0,9.5,12.5,12.8,1.5,3.0,1.7,87722.0,,,,,,,,,,,,
304,Brisbane - West,sa4,QLD,2016,2015-16,,,,,,,,,,,,,,,,,,,,,,,,,,,,,,,,,,,,,,,,,,,,,,,,,,,,,,,,,,,,,,,,,,,,51.0,104.0,156.0,26.0,16.0,18.0,19.0,27.0,18.0,15.0,4.0,16.0,4502.9,,1330.0,,,,,,,1.7,1.0,0.7,0.4,1.6,3.7,1.0,5.7,2.3,8.3,6.1,3.2,1.7,4.1,2.1,12.5,2.9,9.1,13.9,13.5,1.7,3.1,3.1,87902.0,,,,,,,,,,,,
304,Brisbane - West,sa4,QLD,2017,2016-17,,,,,,,,,,,,,,,,,,,,,,,,,,,,,,,,,,,,,,,,,,,,,,,,,,,,,,,,,,,,,,,,,,,,58.0,92.0,148.0,25.0,31.0,18.0,3.0,21.0,13.0,13.0,7.0,7.0,,,,,,,,,,,,,,,,,,,,,,,,,,,,,,,,,,477.0,136.0,52734.0,176.0,3.0,4535.0,456.0,,11500.0,1109.0,139.0,68779.0
304,Brisbane - West,sa4,QLD,2018,2017-18,,,,,,,,,,,,,,,,,,,,,,,,,,,,,,,,,,,,,,,,,,,,,,,,,,,,,,,,,,,,,,,,2553.0,705000.0,747.0,435000.0,53.0,125.0,179.0,29.0,25.0,22.0,22.0,25.0,17.0,15.0,11.0,14.0,,,,,,,,,,,,,,,,,,,,,,,,,,,,,,,,,,489.0,168.0,53055.0,85.0,38.0,4582.0,599.0,,12099.0,1173.0,206.0,69746.0
304,Brisbane - West,sa4,QLD,2019,2018-19,,,,,,,,,,,,,,,,,,,,,,,,,,,,,,,,,,,,,,,,,,,,,,,,,,,,,,436.0,411.0,847.0,863.0,279.0,130.0,409.0,435.0,393.0,828.0,2340.0,720000.0,698.0,430000.0,45.0,99.0,140.0,22.0,15.0,22.0,15.0,23.0,16.0,8.0,9.0,10.0,,,,,,,,,,,,,,,,,,,,,,,,,,,,,,,,,,513.0,121.0,53447.0,175.0,1.0,4756.0,467.0,4.0,12562.0,1155.0,126.0,70775.0
304,Brisbane - West,sa4,QLD,2020,2019-20,9007.0,4099.0,1166.0,279.0,14551.0,,,,,,,,,,,236.0,69.0,347.0,32.0,1869.0,476.0,832.0,518.0,798.0,173.0,836.0,1580.0,3454.0,585.0,21.0,341.0,1632.0,217.0,522.0,13.0,4237.0,4668.0,5008.0,403.0,138.0,97.0,,,,,,,,,,,,,434.0,261.0,695.0,695.0,274.0,83.0,357.0,384.0,301.0,685.0,2293.0,730000.0,698.0,445000.0,37.0,66.0,104.0,16.0,17.0,14.0,5.0,14.0,5.0,9.0,7.0,8.0,,,,,,,,,,,,,,,,,,,,,,,,,,,,,,,,,,441.0,142.0,53746.0,140.0,1.0,4895.0,275.0,,12837.0,856.0,143.0,71488.0
304,Brisbane - West,sa4,QLD,2021,2020-21,8793.0,4809.0,1173.0,262.0,15037.0,1513.0,641.0,44.0,,2200.0,1363.0,246.0,62.0,7.0,1678.0,244.0,79.0,359.0,33.0,1916.0,475.0,888.0,522.0,739.0,182.0,851.0,1675.0,3575.0,615.0,23.0,344.0,1726.0,233.0,547.0,11.0,4668.0,4718.0,4986.0,418.0,150.0,97.0,977.0,841.0,370.0,5.0,5.0,,918.0,505.0,275.0,10.0,5.0,3.0,474.0,404.0,878.0,878.0,318.0,213.0,531.0,564.0,163.0,727.0,2914.0,821500.0,1040.0,455000.0,22.0,27.0,45.0,9.0,5.0,7.0,3.0,10.0,3.0,10.0,5.0,7.0,443.1,,5.8,,,,310.5,,4.5,1.5,1.5,,0.4,1.6,3.8,1.2,5.9,2.0,7.6,5.9,3.1,1.4,4.1,1.9,13.4,2.8,8.5,13.3,15.0,1.8,3.1,3.1,97063.0,390.0,159.0,53977.0,79.0,,4974.0,181.0,,13018.0,650.0,159.0,71979.0
304,Brisbane - West,sa4,QLD,2022,2021-22,8973.0,4732.0,1192.0,299.0,15189.0,1686.0,676.0,42.0,9.0,2411.0,1522.0,440.0,62.0,4.0,2036.0,243.0,73.0,375.0,38.0,1944.0,472.0,910.0,530.0,656.0,173.0,870.0,1685.0,3591.0,639.0,19.0,342.0,1785.0,249.0,585.0,11.0,4299.0,4761.0,5363.0,503.0,152.0,108.0,950.0,978.0,466.0,13.0,3.0,,922.0,506.0,274.0,13.0,5.0,3.0,420.0,287.0,707.0,707.0,345.0,96.0,441.0,470.0,199.0,669.0,2820.0,1061000.0,1250.0,520000.0,,,,,,,,,,,,,,,,,,,,,,,,,,,,,,,,,,,,,,,,,,,,,,392.0,213.0,54156.0,84.0,2.0,5056.0,187.0,2.0,13203.0,663.0,217.0,72425.0
304,Brisbane - West,sa4,QLD,2023,2022-23,9274.0,4552.0,1192.0,313.0,15331.0,1714.0,613.0,48.0,5.0,2380.0,1626.0,450.0,80.0,11.0,2167.0,243.0,64.0,360.0,38.0,1949.0,469.0,900.0,532.0,702.0,176.0,850.0,1626.0,3655.0,638.0,21.0,347.0,1879.0,261.0,604.0,17.0,3935.0,5049.0,5512.0,542.0,159.0,134.0,802.0,1084.0,480.0,11.0,3.0,,1098.0,657.0,376.0,23.0,3.0,5.0,385.0,364.0,749.0,749.0,316.0,138.0,455.0,486.0,200.0,686.0,2229.0,1070000.0,933.0,550000.0,,,,,,,,,,,,,,,,,,,,,,,,,,,,,,,,,,,,,,,,,,,,,,,,,,,,,,,,,
304,Brisbane - West,sa4,QLD,2024,2023-24,9525.0,4493.0,1144.0,342.0,15504.0,1728.0,599.0,43.0,3.0,2371.0,1555.0,398.0,69.0,8.0,2030.0,230.0,70.0,355.0,35.0,1959.0,455.0,911.0,538.0,752.0,185.0,864.0,1660.0,3670.0,623.0,22.0,351.0,1971.0,269.0,571.0,17.0,3981.0,4960.0,5719.0,541.0,162.0,141.0,826.0,1023.0,505.0,12.0,3.0,,946.0,671.0,390.0,25.0,3.0,3.0,357.0,196.0,553.0,574.0,371.0,99.0,469.0,511.0,124.0,635.0,,,,,,,,,,,,,,,,,,,,,,,,,,,,,,,,,,,,,,,,,,,,,,,,,,,,,,,,,,,,,
305,Brisbane Inner City,sa4,QLD,2011,2010-11,,,,,,,,,,,,,,,,,,,,,,,,,,,,,,,,,,,,,,,,,,,,,,,,,,,,,,,,,,,,,,,,,,,,,,,,,,,,,,,,737.0,,326.0,,,,,,,,,,0.2,2.4,4.5,1.1,6.0,3.0,7.5,7.7,3.9,2.2,4.8,2.4,15.5,3.8,7.5,8.5,12.7,1.9,2.8,1.8,129481.0,,,,,,,,,,,,
305,Brisbane Inner City,sa4,QLD,2016,2015-16,,,,,,,,,,,,,,,,,,,,,,,,,,,,,,,,,,,,,,,,,,,,,,,,,,,,,,,,,,,,,,,,,,,,106.0,214.0,324.0,59.0,59.0,39.0,34.0,52.0,22.0,12.0,24.0,13.0,1602.0,3808.0,,,,,,,,10.0,,2.0,0.3,2.0,3.2,0.9,5.8,2.2,7.4,8.7,3.8,2.0,4.8,3.0,14.2,3.9,6.9,9.5,13.0,2.2,2.8,3.4,140265.0,,,,,,,,,,,,
305,Brisbane Inner City,sa4,QLD,2017,2016-17,,,,,,,,,,,,,,,,,,,,,,,,,,,,,,,,,,,,,,,,,,,,,,,,,,,,,,,,,,,,,,,,,,,,82.0,232.0,320.0,32.0,59.0,30.0,30.0,60.0,32.0,30.0,29.0,22.0,,,,,,,,,,,,,,,,,,,,,,,,,,,,,,,,,,344.0,224.0,46200.0,276.0,3.0,8500.0,7498.0,31.0,72336.0,8118.0,258.0,127129.0
305,Brisbane Inner City,sa4,QLD,2018,2017-18,,,,,,,,,,,,,,,,,,,,,,,,,,,,,,,,,,,,,,,,,,,,,,,,,,,,,,,,,,,,,,,,2528.0,980000.0,3396.0,475500.0,124.0,245.0,365.0,54.0,62.0,62.0,43.0,67.0,29.0,19.0,23.0,18.0,,,,,,,,,,,,,,,,,,,,,,,,,,,,,,,,,,340.0,238.0,46302.0,401.0,,8901.0,6543.0,20.0,78859.0,7284.0,258.0,134155.0
305,Brisbane Inner City,sa4,QLD,2019,2018-19,,,,,,,,,,,,,,,,,,,,,,,,,,,,,,,,,,,,,,,,,,,,,,,,,,,,,,295.0,1641.0,1936.0,1956.0,481.0,620.0,1101.0,1146.0,2191.0,3336.0,2356.0,980000.0,3277.0,475000.0,115.0,227.0,345.0,46.0,67.0,44.0,36.0,65.0,30.0,25.0,20.0,17.0,,,,,,,,,,,,,,,,,,,,,,,,,,,,,,,,,,351.0,198.0,46455.0,241.0,7.0,9135.0,3266.0,7.0,82118.0,3860.0,212.0,137803.0
305,Brisbane Inner City,sa4,QLD,2020,2019-20,27991.0,10896.0,4543.0,1537.0,44967.0,,,,,,,,,,,532.0,387.0,842.0,132.0,4577.0,1149.0,2215.0,2101.0,1894.0,631.0,3714.0,6988.0,10247.0,2079.0,69.0,844.0,4375.0,761.0,1358.0,72.0,12309.0,12013.0,16275.0,2443.0,915.0,1012.0,,,,,,,,,,,,,309.0,1280.0,1589.0,1606.0,495.0,402.0,897.0,942.0,1958.0,2899.0,2321.0,1015000.0,3546.0,470000.0,82.0,179.0,262.0,45.0,37.0,29.0,23.0,51.0,17.0,11.0,23.0,17.0,,,,,,,,,,,,,,,,,,,,,,,,,,,,,,,,,,302.0,209.0,46548.0,257.0,2.0,9390.0,3940.0,10.0,86048.0,4499.0,221.0,142081.0
305,Brisbane Inner City,sa4,QLD,2021,2020-21,27130.0,12780.0,4807.0,1566.0,46283.0,4962.0,2016.0,199.0,33.0,7210.0,4682.0,842.0,174.0,39.0,5737.0,545.0,355.0,841.0,135.0,4581.0,1193.0,2332.0,2144.0,1733.0,665.0,3870.0,7255.0,10592.0,2131.0,60.0,866.0,4649.0,809.0,1471.0,56.0,13306.0,12299.0,16388.0,2366.0,891.0,1033.0,3284.0,2441.0,1371.0,73.0,15.0,26.0,2929.0,1473.0,941.0,96.0,33.0,38.0,301.0,2100.0,2401.0,2412.0,540.0,786.0,1326.0,1383.0,1647.0,3030.0,3206.0,1200000.0,5576.0,507500.0,50.0,88.0,136.0,29.0,19.0,10.0,15.0,19.0,5.0,,4.0,17.0,1.5,,,,,,,0.3,,,,,0.4,1.7,3.1,1.1,5.5,1.9,7.2,8.4,3.6,1.7,5.0,2.6,15.4,3.7,6.3,8.7,14.8,2.2,2.9,3.8,175617.0,268.0,242.0,46574.0,176.0,19.0,9547.0,1934.0,26.0,87956.0,2378.0,287.0,144172.0
305,Brisbane Inner City,sa4,QLD,2022,2021-22,28619.0,13125.0,4959.0,1692.0,48395.0,5755.0,2077.0,262.0,41.0,8133.0,4675.0,1149.0,258.0,57.0,6137.0,567.0,349.0,858.0,159.0,4667.0,1246.0,2454.0,2226.0,1702.0,707.0,4103.0,7735.0,11074.0,2171.0,71.0,937.0,4951.0,836.0,1546.0,51.0,12838.0,12831.0,17717.0,2692.0,1087.0,1230.0,3399.0,2930.0,1621.0,128.0,27.0,30.0,2930.0,1477.0,943.0,99.0,32.0,39.0,315.0,1939.0,2254.0,2274.0,625.0,846.0,1471.0,1524.0,2277.0,3802.0,2885.0,1525000.0,7441.0,525000.0,,,,,,,,,,,,,,,,,,,,,,,,,,,,,,,,,,,,,,,,,,,,,,276.0,241.0,46609.0,175.0,29.0,9693.0,1447.0,73.0,89330.0,1899.0,343.0,145728.0
305,Brisbane Inner City,sa4,QLD,2023,2022-23,29890.0,12666.0,5019.0,1955.0,49530.0,5472.0,1856.0,206.0,47.0,7581.0,5009.0,1272.0,294.0,55.0,6630.0,553.0,357.0,900.0,160.0,4821.0,1244.0,2501.0,2220.0,1797.0,698.0,4203.0,7855.0,11252.0,2310.0,76.0,939.0,5129.0,848.0,1609.0,58.0,12381.0,13333.0,18408.0,2860.0,1136.0,1412.0,2769.0,2988.0,1661.0,93.0,33.0,37.0,3132.0,1846.0,1272.0,124.0,54.0,59.0,241.0,3682.0,3923.0,3923.0,614.0,1992.0,2606.0,2661.0,998.0,3659.0,2094.0,1530000.0,6565.0,532000.0,,,,,,,,,,,,,,,,,,,,,,,,,,,,,,,,,,,,,,,,,,,,,,,,,,,,,,,,,
305,Brisbane Inner City,sa4,QLD,2024,2023-24,31179.0,12424.0,5025.0,2078.0,50706.0,5678.0,1771.0,210.0,43.0,7708.0,5204.0,1101.0,259.0,85.0,6649.0,550.0,373.0,902.0,180.0,4773.0,1286.0,2533.0,2209.0,1881.0,696.0,4403.0,8056.0,11526.0,2319.0,86.0,982.0,5354.0,890.0,1666.0,37.0,12197.0,13441.0,19205.0,3002.0,1329.0,1532.0,2832.0,3054.0,1689.0,76.0,29.0,36.0,3162.0,1992.0,1264.0,124.0,47.0,52.0,248.0,1555.0,1803.0,1803.0,710.0,725.0,1436.0,1498.0,2684.0,4183.0,,,,,,,,,,,,,,,,,,,,,,,,,,,,,,,,,,,,,,,,,,,,,,,,,,,,,,,,,,,,,
306,Cairns,sa4,QLD,2011,2010-11,,,,,,,,,,,,,,,,,,,,,,,,,,,,,,,,,,,,,,,,,,,,,,,,,,,,,,,,,,,,,,,,,,,,,,,,,,,,,,,,978095.1,21253.2,133931.1,38.0,7443.7,1227017.0,,,,,,,4.8,1.8,5.6,1.1,8.9,2.9,11.6,9.5,6.1,0.9,1.5,1.8,4.5,3.5,7.6,7.8,11.9,1.6,4.0,2.6,102881.0,,,,,,,,,,,,
306,Cairns,sa4,QLD,2016,2015-16,,,,,,,,,,,,,,,,,,,,,,,,,,,,,,,,,,,,,,,,,,,,,,,,,,,,,,,,,,,,,,,,,,,,134.0,315.0,448.0,40.0,40.0,64.0,60.0,50.0,40.0,56.0,54.0,47.0,933856.7,19761.3,127446.3,112.0,1211.0,738931.9,85998.8,,,910.4,773.2,103.1,5.7,1.6,4.3,0.9,7.8,2.1,10.3,9.8,5.8,0.7,1.4,1.8,4.2,4.1,7.4,8.8,13.3,1.8,4.1,4.1,106144.0,,,,,,,,,,,,
306,Cairns,sa4,QLD,2017,2016-17,,,,,,,,,,,,,,,,,,,,,,,,,,,,,,,,,,,,,,,,,,,,,,,,,,,,,,,,,,,,,,,,,,,,126.0,335.0,463.0,54.0,47.0,68.0,54.0,56.0,45.0,24.0,70.0,39.0,,,,,,,,,,,,,,,,,,,,,,,,,,,,,,,,,,1023.0,27.0,81122.0,21.0,1.0,9814.0,86.0,,15998.0,1130.0,28.0,107257.0
306,Cairns,sa4,QLD,2018,2017-18,,,,,,,,,,,,,,,,,,,,,,,,,,,,,,,,,,,,,,,,,,,,,,,,,,,,,,,,,,,,,,,,3525.0,392750.0,1896.0,225000.0,90.0,316.0,410.0,50.0,43.0,64.0,55.0,44.0,30.0,34.0,64.0,27.0,,,,,,,,,,,,,,,,,,,,,,,,,,,,,,,,,,974.0,42.0,82054.0,30.0,,9844.0,70.0,5.0,16063.0,1074.0,47.0,108284.0
306,Cairns,sa4,QLD,2019,2018-19,,,,,,,,,,,,,,,,,,,,,,,,,,,,,,,,,,,,,,,,,,,,,,,,,,,,,,763.0,39.0,802.0,863.0,286.0,14.0,301.0,331.0,341.0,672.0,3141.0,395000.0,1706.0,230000.0,107.0,312.0,416.0,39.0,52.0,59.0,57.0,62.0,26.0,42.0,65.0,32.0,,,,,,,,,,,,,,,,,,,,,,,,,,,,,,,,,,938.0,39.0,82953.0,29.0,,9873.0,38.0,3.0,16098.0,1005.0,42.0,109247.0
306,Cairns,sa4,QLD,2020,2019-20,13004.0,5766.0,2500.0,687.0,21957.0,,,,,,,,,,,3110.0,108.0,776.0,69.0,3852.0,479.0,1288.0,1206.0,1711.0,138.0,589.0,2552.0,1964.0,1040.0,60.0,277.0,1255.0,253.0,1201.0,29.0,5404.0,7351.0,7819.0,914.0,279.0,190.0,,,,,,,,,,,,,775.0,15.0,790.0,801.0,293.0,10.0,302.0,319.0,496.0,815.0,3432.0,400000.0,1646.0,231000.0,64.0,193.0,257.0,27.0,24.0,27.0,50.0,28.0,20.0,18.0,37.0,18.0,,,,,,,,,,,,,,,,,,,,,,,,,,,,,,,,,,742.0,37.0,83658.0,45.0,5.0,9913.0,115.0,,16213.0,902.0,42.0,110107.0
306,Cairns,sa4,QLD,2021,2020-21,12641.0,6705.0,2517.0,642.0,22505.0,1925.0,803.0,63.0,10.0,2801.0,1830.0,379.0,91.0,12.0,2312.0,3148.0,108.0,813.0,74.0,3873.0,490.0,1341.0,1245.0,1702.0,135.0,627.0,2574.0,2040.0,1069.0,55.0,305.0,1326.0,271.0,1287.0,22.0,6024.0,7472.0,7674.0,873.0,266.0,196.0,1200.0,1143.0,442.0,10.0,4.0,3.0,1127.0,759.0,402.0,13.0,4.0,3.0,1478.0,23.0,1501.0,1511.0,514.0,11.0,524.0,550.0,245.0,795.0,5287.0,428000.0,2544.0,240000.0,53.0,111.0,163.0,11.0,19.0,23.0,24.0,14.0,8.0,14.0,24.0,17.0,764094.5,18599.7,121386.9,1775.8,4214.1,799337.3,94905.4,885.6,5285.5,1216.5,1080.3,102.2,5.5,2.0,4.1,1.1,8.3,1.9,9.5,9.6,5.2,0.5,1.2,1.5,4.3,3.6,7.0,8.7,16.2,1.4,4.3,4.1,115668.0,898.0,33.0,84523.0,35.0,1.0,9947.0,72.0,,16285.0,1018.0,34.0,111091.0
306,Cairns,sa4,QLD,2022,2021-22,13292.0,6729.0,2689.0,678.0,23395.0,2367.0,892.0,111.0,16.0,3383.0,1864.0,544.0,119.0,19.0,2547.0,3196.0,112.0,841.0,71.0,4027.0,518.0,1381.0,1293.0,1684.0,140.0,650.0,2689.0,2156.0,1143.0,48.0,319.0,1447.0,300.0,1354.0,23.0,5716.0,7673.0,8489.0,969.0,327.0,221.0,1341.0,1420.0,583.0,31.0,11.0,5.0,1127.0,761.0,403.0,10.0,5.0,3.0,1176.0,145.0,1321.0,1335.0,479.0,36.0,515.0,551.0,317.0,868.0,5734.0,477000.0,3568.0,280000.0,,,,,,,,,,,,,,,,,,,,,,,,,,,,,,,,,,,,,,,,,,,,,,1207.0,49.0,85681.0,17.0,5.0,9959.0,6.0,5.0,16286.0,1230.0,59.0,112262.0
306,Cairns,sa4,QLD,2023,2022-23,13947.0,6465.0,2667.0,708.0,23787.0,2311.0,801.0,73.0,4.0,3189.0,2321.0,604.0,158.0,23.0,3106.0,3112.0,115.0,870.0,70.0,4110.0,514.0,1395.0,1268.0,1722.0,141.0,683.0,2710.0,2158.0,1239.0,51.0,329.0,1564.0,316.0,1390.0,30.0,5416.0,7849.0,8818.0,1093.0,352.0,259.0,1069.0,1479.0,618.0,15.0,6.0,3.0,1395.0,1053.0,623.0,32.0,9.0,7.0,1101.0,147.0,1248.0,1284.0,497.0,34.0,531.0,576.0,463.0,1039.0,4365.0,530000.0,2731.0,315000.0,,,,,,,,,,,,,,,,,,,,,,,,,,,,,,,,,,,,,,,,,,,,,,,,,,,,,,,,,
306,Cairns,sa4,QLD,2024,2023-24,14183.0,6257.0,2731.0,759.0,23930.0,2322.0,797.0,90.0,13.0,3221.0,2407.0,569.0,131.0,24.0,3131.0,3064.0,110.0,873.0,63.0,4105.0,503.0,1372.0,1258.0,1808.0,143.0,691.0,2682.0,2155.0,1254.0,50.0,327.0,1685.0,319.0,1435.0,19.0,5298.0,7892.0,8937.0,1137.0,386.0,280.0,1078.0,1494.0,626.0,19.0,3.0,3.0,1356.0,1114.0,618.0,32.0,4.0,6.0,984.0,101.0,1085.0,1088.0,479.0,29.0,509.0,541.0,389.0,931.0,,,,,,,,,,,,,,,,,,,,,,,,,,,,,,,,,,,,,,,,,,,,,,,,,,,,,,,,,,,,,
307,Darling Downs - Maranoa,sa4,QLD,2011,2010-11,,,,,,,,,,,,,,,,,,,,,,,,,,,,,,,,,,,,,,,,,,,,,,,,,,,,,,,,,,,,,,,,,,,,,,,,,,,,,,,,13886511.2,44539.6,1904902.2,1064624.4,403827.8,284052.4,,,,,,,20.2,3.2,7.6,1.5,7.8,3.0,10.3,5.7,5.2,0.5,1.3,1.0,2.9,1.5,5.3,7.1,9.2,0.6,3.4,2.7,55506.0,,,,,,,,,,,,
307,Darling Downs - Maranoa,sa4,QLD,2016,2015-16,,,,,,,,,,,,,,,,,,,,,,,,,,,,,,,,,,,,,,,,,,,,,,,,,,,,,,,,,,,,,,,,,,,,66.0,182.0,249.0,20.0,14.0,30.0,28.0,20.0,16.0,36.0,50.0,38.0,13825484.6,42367.7,2029325.4,928974.9,355579.4,785793.8,1278591.7,,,3482.5,1693.4,1518.0,20.2,2.5,6.3,1.7,7.7,2.6,9.2,5.6,4.7,0.5,1.1,1.0,3.0,2.1,5.5,8.1,9.6,0.6,3.6,4.4,54864.0,,,,,,,,,,,,
307,Darling Downs - Maranoa,sa4,QLD,2017,2016-17,,,,,,,,,,,,,,,,,,,,,,,,,,,,,,,,,,,,,,,,,,,,,,,,,,,,,,,,,,,,,,,,,,,,52.0,154.0,206.0,14.0,12.0,29.0,22.0,24.0,14.0,24.0,46.0,22.0,,,,,,,,,,,,,,,,,,,,,,,,,,,,,,,,,,324.0,23.0,53558.0,28.0,,3857.0,1.0,,758.0,353.0,23.0,58243.0
307,Darling Downs - Maranoa,sa4,QLD,2018,2017-18,,,,,,,,,,,,,,,,,,,,,,,,,,,,,,,,,,,,,,,,,,,,,,,,,,,,,,,,,,,,,,,,1591.0,260000.0,81.0,210000.0,52.0,184.0,235.0,18.0,15.0,32.0,18.0,26.0,21.0,35.0,47.0,32.0,,,,,,,,,,,,,,,,,,,,,,,,,,,,,,,,,,327.0,30.0,53855.0,22.0,,3879.0,1.0,1.0,758.0,350.0,31.0,58562.0
307,Darling Downs - Maranoa,sa4,QLD,2019,2018-19,,,,,,,,,,,,,,,,,,,,,,,,,,,,,,,,,,,,,,,,,,,,,,,,,,,,,,258.0,16.0,274.0,274.0,90.0,5.0,94.0,103.0,102.0,205.0,1385.0,245000.0,77.0,219500.0,46.0,157.0,204.0,26.0,9.0,30.0,18.0,10.0,17.0,24.0,46.0,17.0,,,,,,,,,,,,,,,,,,,,,,,,,,,,,,,,,,274.0,25.0,54104.0,22.0,,3901.0,,,758.0,296.0,25.0,58833.0
307,Darling Downs - Maranoa,sa4,QLD,2020,2019-20,12909.0,3761.0,1395.0,315.0,18380.0,,,,,,,,,,,8947.0,82.0,552.0,41.0,2023.0,394.0,737.0,446.0,1012.0,37.0,295.0,1499.0,659.0,352.0,21.0,69.0,334.0,113.0,748.0,19.0,5220.0,5736.0,6342.0,679.0,238.0,165.0,,,,,,,,,,,,,209.0,2.0,211.0,211.0,82.0,,82.0,91.0,120.0,210.0,1443.0,251000.0,74.0,198000.0,27.0,124.0,152.0,10.0,12.0,19.0,10.0,19.0,19.0,12.0,32.0,17.0,,,,,,,,,,,,,,,,,,,,,,,,,,,,,,,,,,235.0,46.0,54293.0,9.0,,3910.0,1.0,,759.0,245.0,46.0,59032.0
307,Darling Downs - Maranoa,sa4,QLD,2021,2020-21,12872.0,4227.0,1355.0,273.0,18727.0,1349.0,441.0,38.0,,1830.0,1222.0,188.0,43.0,7.0,1460.0,9031.0,77.0,564.0,44.0,2071.0,382.0,750.0,446.0,1008.0,39.0,319.0,1551.0,698.0,367.0,23.0,73.0,352.0,114.0,800.0,18.0,5768.0,5813.0,6090.0,639.0,244.0,173.0,775.0,729.0,310.0,11.0,5.0,,749.0,434.0,255.0,13.0,7.0,3.0,437.0,20.0,457.0,457.0,159.0,4.0,164.0,179.0,150.0,328.0,2753.0,275000.0,153.0,229500.0,16.0,68.0,88.0,9.0,3.0,14.0,7.0,6.0,5.0,13.0,13.0,9.0,13226089.1,33641.1,1947780.2,831440.5,570476.6,2933644.5,1661383.6,3649.7,2270.2,3589.3,1652.4,1552.7,19.2,2.3,6.3,1.8,7.9,2.3,8.9,5.8,4.5,0.3,1.1,0.9,2.9,2.1,5.0,8.2,11.4,0.6,3.7,4.9,56863.0,215.0,28.0,54480.0,3.0,,3913.0,,,759.0,218.0,28.0,59222.0
307,Darling Downs - Maranoa,sa4,QLD,2022,2021-22,13411.0,4184.0,1435.0,298.0,19322.0,1541.0,465.0,40.0,5.0,2054.0,1193.0,247.0,54.0,6.0,1505.0,9224.0,85.0,578.0,47.0,2161.0,381.0,768.0,465.0,1039.0,41.0,329.0,1621.0,754.0,401.0,23.0,83.0,369.0,129.0,825.0,12.0,5274.0,5869.0,6829.0,838.0,300.0,210.0,790.0,853.0,387.0,14.0,5.0,3.0,755.0,433.0,255.0,13.0,4.0,,352.0,43.0,395.0,399.0,146.0,10.0,156.0,179.0,105.0,284.0,3563.0,300000.0,213.0,236250.0,,,,,,,,,,,,,,,,,,,,,,,,,,,,,,,,,,,,,,,,,,,,,,388.0,23.0,54845.0,6.0,,3919.0,,,759.0,405.0,23.0,59604.0
307,Darling Downs - Maranoa,sa4,QLD,2023,2022-23,13717.0,4135.0,1468.0,324.0,19644.0,1473.0,444.0,36.0,3.0,1956.0,1342.0,243.0,64.0,7.0,1656.0,9326.0,86.0,592.0,48.0,2185.0,392.0,766.0,466.0,1032.0,39.0,352.0,1612.0,761.0,434.0,27.0,86.0,403.0,143.0,873.0,21.0,5003.0,5901.0,7204.0,956.0,311.0,269.0,667.0,848.0,417.0,17.0,6.0,,813.0,480.0,331.0,22.0,10.0,5.0,327.0,20.0,347.0,360.0,169.0,5.0,174.0,203.0,131.0,335.0,2620.0,327000.0,196.0,267500.0,,,,,,,,,,,,,,,,,,,,,,,,,,,,,,,,,,,,,,,,,,,,,,,,,,,,,,,,,
307,Darling Downs - Maranoa,sa4,QLD,2024,2023-24,13992.0,4103.0,1487.0,348.0,19930.0,1527.0,442.0,56.0,,2027.0,1483.0,226.0,68.0,10.0,1787.0,9293.0,93.0,613.0,41.0,2258.0,379.0,742.0,468.0,1046.0,34.0,371.0,1689.0,796.0,427.0,31.0,88.0,473.0,141.0,930.0,20.0,5023.0,6085.0,7222.0,990.0,323.0,287.0,648.0,897.0,454.0,17.0,5.0,6.0,819.0,562.0,371.0,26.0,10.0,4.0,295.0,13.0,308.0,308.0,164.0,4.0,168.0,190.0,198.0,388.0,,,,,,,,,,,,,,,,,,,,,,,,,,,,,,,,,,,,,,,,,,,,,,,,,,,,,,,,,,,,,
308,Central Queensland,sa4,QLD,2011,2010-11,,,,,,,,,,,,,,,,,,,,,,,,,,,,,,,,,,,,,,,,,,,,,,,,,,,,,,,,,,,,,,,,,,,,,,,,,,,,,,,,9116799.0,5479.0,1772028.0,9952.0,19492.0,,,,,,,,4.5,8.7,9.6,2.4,9.7,3.0,9.7,6.6,6.1,0.6,1.4,1.6,4.5,2.4,5.3,7.7,9.3,0.6,3.9,2.4,101128.0,,,,,,,,,,,,
308,Central Queensland,sa4,QLD,2016,2015-16,,,,,,,,,,,,,,,,,,,,,,,,,,,,,,,,,,,,,,,,,,,,,,,,,,,,,,,,,,,,,,,,,,,,160.0,374.0,534.0,28.0,22.0,76.0,44.0,52.0,46.0,104.0,110.0,46.0,9187118.0,5884.0,1871628.0,6274.0,19582.0,,223544.0,,,1375.8,307.9,1056.0,5.1,8.7,7.3,2.6,8.2,2.4,9.6,6.8,5.8,0.5,1.1,1.5,3.9,2.9,5.5,9.0,10.5,0.8,4.1,3.6,97657.0,,,,,,,,,,,,
308,Central Queensland,sa4,QLD,2017,2016-17,,,,,,,,,,,,,,,,,,,,,,,,,,,,,,,,,,,,,,,,,,,,,,,,,,,,,,,,,,,,,,,,,,,,124.0,469.0,594.0,48.0,47.0,120.0,68.0,58.0,48.0,74.0,79.0,54.0,,,,,,,,,,,,,,,,,,,,,,,,,,,,,,,,,,597.0,36.0,86388.0,37.0,,6444.0,7.0,,6732.0,641.0,36.0,99644.0
308,Central Queensland,sa4,QLD,2018,2017-18,,,,,,,,,,,,,,,,,,,,,,,,,,,,,,,,,,,,,,,,,,,,,,,,,,,,,,,,,,,,,,,,2426.0,295000.0,319.0,230000.0,145.0,475.0,617.0,37.0,52.0,122.0,67.0,62.0,52.0,75.0,92.0,65.0,,,,,,,,,,,,,,,,,,,,,,,,,,,,,,,,,,477.0,34.0,86831.0,14.0,,6458.0,60.0,,6792.0,551.0,34.0,100161.0
308,Central Queensland,sa4,QLD,2019,2018-19,,,,,,,,,,,,,,,,,,,,,,,,,,,,,,,,,,,,,,,,,,,,,,,,,,,,,,311.0,36.0,347.0,370.0,111.0,11.0,122.0,145.0,232.0,378.0,2699.0,290000.0,372.0,215000.0,101.0,388.0,492.0,31.0,39.0,82.0,52.0,52.0,42.0,69.0,82.0,49.0,,,,,,,,,,,,,,,,,,,,,,,,,,,,,,,,,,347.0,37.0,87141.0,16.0,1.0,6473.0,4.0,3.0,6793.0,367.0,41.0,100487.0
308,Central Queensland,sa4,QLD,2020,2019-20,10612.0,4140.0,1774.0,379.0,16905.0,,,,,,,,,,,4668.0,161.0,499.0,62.0,2630.0,297.0,847.0,654.0,1074.0,63.0,356.0,1646.0,1088.0,537.0,30.0,203.0,741.0,162.0,1176.0,11.0,4267.0,5190.0,6318.0,748.0,233.0,149.0,,,,,,,,,,,,,475.0,22.0,497.0,503.0,182.0,5.0,188.0,216.0,156.0,372.0,3086.0,305000.0,378.0,215000.0,75.0,267.0,346.0,26.0,26.0,51.0,52.0,25.0,21.0,52.0,56.0,47.0,,,,,,,,,,,,,,,,,,,,,,,,,,,,,,,,,,385.0,59.0,87467.0,20.0,2.0,6491.0,7.0,,6800.0,412.0,61.0,100838.0
308,Central Queensland,sa4,QLD,2021,2020-21,10706.0,4594.0,1784.0,401.0,17485.0,1565.0,630.0,63.0,7.0,2265.0,1318.0,297.0,68.0,4.0,1687.0,4689.0,158.0,528.0,69.0,2720.0,292.0,882.0,694.0,1104.0,63.0,358.0,1677.0,1130.0,622.0,30.0,216.0,808.0,168.0,1270.0,7.0,4597.0,5291.0,6410.0,779.0,244.0,164.0,978.0,884.0,383.0,13.0,4.0,3.0,825.0,523.0,317.0,20.0,5.0,,816.0,31.0,847.0,866.0,411.0,7.0,417.0,459.0,177.0,636.0,5295.0,335000.0,845.0,250000.0,48.0,130.0,178.0,23.0,10.0,27.0,21.0,11.0,10.0,22.0,27.0,34.0,10314085.3,5124.3,1912149.8,5096.5,15648.8,,271910.8,647.4,1469.8,1429.9,352.9,1064.6,4.7,8.4,7.2,2.6,8.7,2.3,8.9,6.9,5.4,0.4,0.9,1.3,3.2,3.1,5.7,9.1,12.7,0.7,4.1,3.9,104599.0,512.0,40.0,87939.0,37.0,,6528.0,18.0,,6818.0,567.0,40.0,101365.0
308,Central Queensland,sa4,QLD,2022,2021-22,11334.0,4718.0,1849.0,445.0,18353.0,1903.0,695.0,71.0,7.0,2676.0,1416.0,360.0,89.0,11.0,1871.0,4857.0,147.0,549.0,79.0,2876.0,317.0,914.0,721.0,1114.0,66.0,419.0,1743.0,1176.0,642.0,30.0,226.0,923.0,183.0,1375.0,8.0,4432.0,5602.0,6978.0,887.0,265.0,185.0,1028.0,1129.0,506.0,9.0,3.0,3.0,825.0,520.0,311.0,18.0,7.0,3.0,622.0,76.0,698.0,719.0,308.0,23.0,331.0,381.0,331.0,712.0,6773.0,369000.0,1079.0,287500.0,,,,,,,,,,,,,,,,,,,,,,,,,,,,,,,,,,,,,,,,,,,,,,654.0,34.0,88559.0,19.0,1.0,6546.0,7.0,,6825.0,680.0,35.0,102010.0
308,Central Queensland,sa4,QLD,2023,2022-23,11672.0,4761.0,1883.0,494.0,18810.0,1757.0,703.0,80.0,6.0,2546.0,1703.0,407.0,106.0,11.0,2227.0,4867.0,146.0,578.0,87.0,2968.0,301.0,936.0,722.0,1103.0,72.0,409.0,1783.0,1248.0,672.0,30.0,233.0,987.0,202.0,1453.0,13.0,4368.0,5683.0,7244.0,973.0,321.0,221.0,869.0,1119.0,530.0,20.0,4.0,4.0,962.0,768.0,491.0,26.0,3.0,3.0,547.0,118.0,665.0,694.0,282.0,36.0,318.0,380.0,210.0,590.0,5907.0,385000.0,965.0,275000.0,,,,,,,,,,,,,,,,,,,,,,,,,,,,,,,,,,,,,,,,,,,,,,,,,,,,,,,,,
308,Central Queensland,sa4,QLD,2024,2023-24,11938.0,4832.0,1929.0,504.0,19203.0,1752.0,686.0,63.0,15.0,2513.0,1709.0,394.0,111.0,13.0,2227.0,4910.0,151.0,577.0,82.0,3030.0,292.0,922.0,717.0,1086.0,67.0,414.0,1822.0,1299.0,679.0,31.0,253.0,1128.0,195.0,1530.0,9.0,4444.0,5822.0,7378.0,987.0,321.0,251.0,808.0,1105.0,576.0,16.0,7.0,3.0,916.0,773.0,494.0,26.0,10.0,5.0,520.0,32.0,552.0,562.0,290.0,13.0,304.0,358.0,377.0,735.0,,,,,,,,,,,,,,,,,,,,,,,,,,,,,,,,,,,,,,,,,,,,,,,,,,,,,,,,,,,,,
309,Gold Coast,sa4,QLD,2011,2010-11,,,,,,,,,,,,,,,,,,,,,,,,,,,,,,,,,,,,,,,,,,,,,,,,,,,,,,,,,,,,,,,,,,,,,,,,,,,,,,,,21660.0,2944.0,5888.0,69.0,21.0,,,,,,,,0.4,0.7,7.6,0.8,11.3,3.7,12.3,9.6,3.9,1.7,2.8,2.7,6.3,4.0,4.4,7.2,11.1,2.9,4.1,2.7,237684.0,,,,,,,,,,,,
309,Gold Coast,sa4,QLD,2016,2015-16,,,,,,,,,,,,,,,,,,,,,,,,,,,,,,,,,,,,,,,,,,,,,,,,,,,,,,,,,,,,,,,,,,,,510.0,828.0,1340.0,179.0,129.0,223.0,133.0,137.0,162.0,117.0,157.0,109.0,132640.0,1060.0,5046.0,513.0,4.0,,6365.0,,,80.5,71.3,5.0,0.6,0.7,5.4,0.6,11.5,2.4,11.2,9.7,3.8,1.6,2.5,2.9,6.1,4.3,4.3,8.2,12.4,2.9,4.0,4.9,266887.0,,,,,,,,,,,,
309,Gold Coast,sa4,QLD,2017,2016-17,,,,,,,,,,,,,,,,,,,,,,,,,,,,,,,,,,,,,,,,,,,,,,,,,,,,,,,,,,,,,,,,,,,,446.0,908.0,1351.0,186.0,126.0,220.0,147.0,156.0,148.0,98.0,152.0,127.0,,,,,,,,,,,,,,,,,,,,,,,,,,,,,,,,,,3871.0,304.0,140628.0,1189.0,12.0,49486.0,2456.0,25.0,61800.0,7516.0,341.0,252018.0
309,Gold Coast,sa4,QLD,2018,2017-18,,,,,,,,,,,,,,,,,,,,,,,,,,,,,,,,,,,,,,,,,,,,,,,,,,,,,,,,,,,,,,,,7613.0,645000.0,9301.0,420000.0,444.0,861.0,1303.0,169.0,146.0,219.0,148.0,156.0,128.0,126.0,126.0,93.0,,,,,,,,,,,,,,,,,,,,,,,,,,,,,,,,,,2963.0,335.0,143256.0,1432.0,8.0,50910.0,1735.0,25.0,63510.0,6130.0,368.0,257780.0
309,Gold Coast,sa4,QLD,2019,2018-19,,,,,,,,,,,,,,,,,,,,,,,,,,,,,,,,,,,,,,,,,,,,,,,,,,,,,,2418.0,2598.0,5016.0,5090.0,982.0,1077.0,2058.0,2136.0,1032.0,3168.0,6517.0,645000.0,8169.0,428333.0,421.0,776.0,1197.0,145.0,111.0,211.0,140.0,146.0,126.0,85.0,162.0,86.0,,,,,,,,,,,,,,,,,,,,,,,,,,,,,,,,,,2613.0,320.0,145549.0,1058.0,8.0,51960.0,2756.0,59.0,66207.0,6433.0,387.0,263826.0
309,Gold Coast,sa4,QLD,2020,2019-20,44505.0,17293.0,5974.0,1668.0,69440.0,,,,,,,,,,,761.0,114.0,2837.0,198.0,13380.0,2517.0,4276.0,2879.0,4803.0,696.0,3403.0,10825.0,8956.0,3428.0,254.0,1097.0,4501.0,1105.0,3344.0,66.0,17157.0,23530.0,24284.0,2777.0,943.0,749.0,,,,,,,,,,,,,2013.0,2808.0,4821.0,4857.0,869.0,1112.0,1981.0,2067.0,849.0,2916.0,6633.0,663000.0,8393.0,441000.0,333.0,599.0,932.0,103.0,119.0,153.0,115.0,109.0,86.0,69.0,103.0,75.0,,,,,,,,,,,,,,,,,,,,,,,,,,,,,,,,,,2175.0,312.0,147412.0,902.0,19.0,52843.0,2926.0,34.0,69099.0,6003.0,365.0,269464.0
309,Gold Coast,sa4,QLD,2021,2020-21,43166.0,21699.0,6292.0,1667.0,72824.0,8436.0,3552.0,266.0,30.0,12284.0,7820.0,1249.0,273.0,56.0,9398.0,790.0,116.0,2966.0,208.0,13855.0,2653.0,4698.0,3028.0,4571.0,778.0,3683.0,10882.0,9666.0,3572.0,267.0,1204.0,4906.0,1206.0,3701.0,74.0,19686.0,23989.0,24607.0,2818.0,941.0,783.0,5099.0,4875.0,2222.0,68.0,13.0,7.0,4437.0,3275.0,1645.0,111.0,25.0,15.0,1927.0,3228.0,5155.0,5217.0,916.0,1472.0,2389.0,2491.0,845.0,3336.0,9600.0,765000.0,13466.0,500000.0,163.0,275.0,436.0,42.0,60.0,74.0,54.0,40.0,38.0,33.0,45.0,65.0,17990.6,1540.8,3935.1,457.2,5.1,,5172.2,6.9,67.1,81.5,75.8,3.0,0.5,0.7,5.2,0.7,11.4,2.1,10.3,8.9,3.6,1.3,2.6,2.6,6.6,3.9,4.2,8.3,14.9,2.9,4.1,5.1,312444.0,1577.0,397.0,148592.0,813.0,19.0,53637.0,1418.0,48.0,70469.0,3808.0,464.0,272808.0
309,Gold Coast,sa4,QLD,2022,2021-22,45852.0,22819.0,6607.0,1806.0,77089.0,9947.0,3763.0,288.0,39.0,14039.0,7724.0,2113.0,398.0,65.0,10301.0,777.0,165.0,3108.0,215.0,14563.0,2672.0,5053.0,3165.0,4647.0,842.0,3931.0,11395.0,10322.0,3744.0,279.0,1307.0,5469.0,1317.0,4079.0,52.0,18894.0,25306.0,27543.0,3267.0,1137.0,940.0,5189.0,5988.0,2715.0,88.0,27.0,25.0,4437.0,3277.0,1648.0,110.0,22.0,17.0,1570.0,3979.0,5549.0,5574.0,1111.0,2096.0,3207.0,3263.0,1379.0,4643.0,9101.0,952350.0,13807.0,600000.0,,,,,,,,,,,,,,,,,,,,,,,,,,,,,,,,,,,,,,,,,,,,,,1560.0,552.0,149600.0,505.0,33.0,54109.0,1529.0,63.0,71935.0,3600.0,648.0,275760.0
309,Gold Coast,sa4,QLD,2023,2022-23,48403.0,22321.0,7016.0,2046.0,79786.0,9920.0,3532.0,301.0,38.0,13791.0,9397.0,2418.0,407.0,82.0,12304.0,781.0,132.0,3177.0,222.0,14984.0,2682.0,5169.0,3301.0,5012.0,893.0,4083.0,11539.0,10605.0,3965.0,285.0,1302.0,5897.0,1419.0,4277.0,61.0,17753.0,26690.0,29366.0,3573.0,1282.0,1122.0,4382.0,6425.0,2844.0,100.0,20.0,20.0,5426.0,4205.0,2465.0,152.0,55.0,40.0,1159.0,4685.0,5844.0,5902.0,969.0,3284.0,4253.0,4375.0,3357.0,7732.0,6886.0,1000000.0,10115.0,655944.0,,,,,,,,,,,,,,,,,,,,,,,,,,,,,,,,,,,,,,,,,,,,,,,,,,,,,,,,,
309,Gold Coast,sa4,QLD,2024,2023-24,51027.0,22193.0,7117.0,2223.0,82560.0,10389.0,3472.0,328.0,72.0,14257.0,9190.0,2186.0,422.0,68.0,11866.0,765.0,149.0,3185.0,235.0,15352.0,2721.0,5228.0,3326.0,5467.0,919.0,4291.0,11972.0,11048.0,4113.0,271.0,1330.0,6374.0,1471.0,4316.0,45.0,18040.0,27078.0,30874.0,3938.0,1387.0,1243.0,4630.0,6406.0,3032.0,132.0,42.0,16.0,4924.0,4324.0,2409.0,142.0,36.0,29.0,1154.0,3518.0,4672.0,4721.0,1063.0,2625.0,3688.0,3820.0,1122.0,4942.0,,,,,,,,,,,,,,,,,,,,,,,,,,,,,,,,,,,,,,,,,,,,,,,,,,,,,,,,,,,,,
310,Ipswich,sa4,QLD,2011,2010-11,,,,,,,,,,,,,,,,,,,,,,,,,,,,,,,,,,,,,,,,,,,,,,,,,,,,,,,,,,,,,,,,,,,,,,,,,,,,,,,,235862.0,14505.0,98690.0,1359.0,3663.0,1308428.7,,,,,,,2.0,1.0,13.6,1.3,7.6,4.4,10.6,5.3,6.7,0.9,2.4,1.4,4.9,3.0,8.7,7.2,11.8,0.9,3.9,2.4,122702.0,,,,,,,,,,,,
310,Ipswich,sa4,QLD,2016,2015-16,,,,,,,,,,,,,,,,,,,,,,,,,,,,,,,,,,,,,,,,,,,,,,,,,,,,,,,,,,,,,,,,,,,,145.0,566.0,713.0,65.0,46.0,101.0,74.0,95.0,51.0,95.0,104.0,75.0,289312.9,12946.0,99035.0,1014.0,4867.0,3284097.3,5528.0,,,412.4,245.6,147.2,2.2,0.9,9.7,1.2,8.1,3.3,10.1,5.7,6.5,1.0,2.4,1.6,4.7,3.4,8.1,8.3,12.8,1.0,4.1,4.9,135969.0,,,,,,,,,,,,
310,Ipswich,sa4,QLD,2017,2016-17,,,,,,,,,,,,,,,,,,,,,,,,,,,,,,,,,,,,,,,,,,,,,,,,,,,,,,,,,,,,,,,,,,,,135.0,622.0,755.0,65.0,51.0,101.0,90.0,98.0,58.0,118.0,98.0,82.0,,,,,,,,,,,,,,,,,,,,,,,,,,,,,,,,,,2913.0,80.0,110257.0,1062.0,1.0,11754.0,190.0,2.0,2411.0,4165.0,83.0,124472.0
310,Ipswich,sa4,QLD,2018,2017-18,,,,,,,,,,,,,,,,,,,,,,,,,,,,,,,,,,,,,,,,,,,,,,,,,,,,,,,,,,,,,,,,5508.0,365000.0,548.0,311000.0,141.0,701.0,842.0,72.0,51.0,117.0,102.0,96.0,72.0,131.0,121.0,86.0,,,,,,,,,,,,,,,,,,,,,,,,,,,,,,,,,,3344.0,85.0,113516.0,1191.0,,12945.0,31.0,,2442.0,4566.0,85.0,128953.0
310,Ipswich,sa4,QLD,2019,2018-19,,,,,,,,,,,,,,,,,,,,,,,,,,,,,,,,,,,,,,,,,,,,,,,,,,,,,,2593.0,438.0,3031.0,3156.0,660.0,98.0,759.0,817.0,776.0,1593.0,4822.0,375000.0,486.0,301750.0,137.0,583.0,721.0,54.0,46.0,106.0,96.0,104.0,56.0,96.0,111.0,51.0,,,,,,,,,,,,,,,,,,,,,,,,,,,,,,,,,,3441.0,95.0,116862.0,549.0,,13494.0,48.0,,2490.0,4038.0,95.0,132896.0
310,Ipswich,sa4,QLD,2020,2019-20,12830.0,4825.0,1682.0,502.0,19839.0,,,,,,,,,,,1941.0,48.0,1002.0,70.0,3502.0,645.0,1201.0,653.0,2961.0,129.0,479.0,1591.0,1781.0,917.0,50.0,287.0,1168.0,245.0,1146.0,23.0,5827.0,6836.0,6044.0,613.0,234.0,285.0,,,,,,,,,,,,,2458.0,340.0,2798.0,2867.0,645.0,87.0,732.0,779.0,960.0,1738.0,4841.0,370000.0,496.0,266000.0,100.0,438.0,546.0,46.0,57.0,79.0,69.0,63.0,30.0,80.0,75.0,48.0,,,,,,,,,,,,,,,,,,,,,,,,,,,,,,,,,,2471.0,93.0,119240.0,473.0,2.0,13965.0,1.0,,2491.0,2945.0,95.0,135746.0
310,Ipswich,sa4,QLD,2021,2020-21,12777.0,5923.0,1771.0,490.0,20961.0,2591.0,1048.0,79.0,5.0,3723.0,2226.0,399.0,76.0,14.0,2715.0,1915.0,54.0,1065.0,79.0,3630.0,690.0,1350.0,715.0,3001.0,130.0,511.0,1685.0,1935.0,1000.0,50.0,298.0,1307.0,265.0,1266.0,15.0,6720.0,6825.0,6241.0,650.0,258.0,267.0,1690.0,1423.0,586.0,20.0,3.0,,1462.0,873.0,391.0,17.0,5.0,6.0,3093.0,515.0,3608.0,3658.0,1084.0,125.0,1209.0,1260.0,1356.0,2616.0,7466.0,400000.0,865.0,305000.0,59.0,212.0,274.0,24.0,22.0,24.0,31.0,32.0,23.0,34.0,39.0,41.0,281924.9,12279.7,90303.4,398.9,3863.4,2830011.4,6223.8,9074.5,98.6,471.1,333.4,116.5,1.9,0.9,9.1,1.3,7.8,2.9,9.4,5.8,6.2,0.7,2.3,1.3,5.1,3.5,8.0,8.3,15.0,1.0,4.3,5.3,162797.0,2437.0,107.0,121570.0,274.0,1.0,14238.0,61.0,,2552.0,2772.0,108.0,138410.0
310,Ipswich,sa4,QLD,2022,2021-22,13670.0,6182.0,1881.0,541.0,22273.0,3123.0,1187.0,72.0,8.0,4392.0,2402.0,616.0,117.0,13.0,3141.0,1942.0,49.0,1120.0,84.0,3846.0,690.0,1439.0,758.0,3040.0,143.0,530.0,1831.0,2079.0,1133.0,59.0,326.0,1477.0,301.0,1401.0,15.0,6414.0,7570.0,6939.0,756.0,273.0,329.0,1694.0,1899.0,761.0,26.0,5.0,4.0,1467.0,872.0,388.0,19.0,4.0,9.0,2526.0,684.0,3210.0,3223.0,900.0,170.0,1070.0,1118.0,755.0,1874.0,9185.0,500000.0,1615.0,345000.0,,,,,,,,,,,,,,,,,,,,,,,,,,,,,,,,,,,,,,,,,,,,,,2627.0,149.0,124048.0,308.0,3.0,14543.0,11.0,,2563.0,2946.0,152.0,141204.0
310,Ipswich,sa4,QLD,2023,2022-23,14579.0,6289.0,1997.0,593.0,23458.0,3289.0,1255.0,90.0,7.0,4641.0,3146.0,757.0,124.0,22.0,4049.0,1975.0,52.0,1147.0,87.0,4058.0,709.0,1439.0,812.0,3299.0,145.0,566.0,1860.0,2204.0,1226.0,57.0,317.0,1663.0,314.0,1513.0,15.0,6144.0,8210.0,7642.0,804.0,292.0,366.0,1497.0,2232.0,880.0,21.0,5.0,6.0,1934.0,1452.0,668.0,42.0,9.0,4.0,2752.0,408.0,3160.0,3224.0,1083.0,98.0,1182.0,1251.0,2174.0,3425.0,6666.0,560000.0,1513.0,395000.0,,,,,,,,,,,,,,,,,,,,,,,,,,,,,,,,,,,,,,,,,,,,,,,,,,,,,,,,,
310,Ipswich,sa4,QLD,2024,2023-24,15551.0,6415.0,2003.0,632.0,24601.0,3578.0,1224.0,93.0,3.0,4898.0,3030.0,726.0,126.0,17.0,3899.0,1975.0,51.0,1170.0,89.0,4230.0,706.0,1430.0,865.0,3703.0,149.0,621.0,1935.0,2265.0,1264.0,54.0,334.0,1849.0,313.0,1572.0,16.0,6285.0,8628.0,8073.0,920.0,300.0,395.0,1635.0,2349.0,890.0,16.0,5.0,3.0,1690.0,1453.0,713.0,26.0,9.0,10.0,3040.0,496.0,3536.0,3569.0,1258.0,143.0,1401.0,1467.0,865.0,2332.0,,,,,,,,,,,,,,,,,,,,,,,,,,,,,,,,,,,,,,,,,,,,,,,,,,,,,,,,,,,,,
311,Logan - Beaudesert,sa4,QLD,2011,2010-11,,,,,,,,,,,,,,,,,,,,,,,,,,,,,,,,,,,,,,,,,,,,,,,,,,,,,,,,,,,,,,,,,,,,,,,,,,,,,,,,295214.5,15468.9,45281.8,322.0,149.0,2638117.8,,,,,,,1.0,0.7,13.5,1.1,11.2,5.3,11.4,5.2,7.1,1.0,2.3,1.5,4.5,3.4,5.4,6.5,10.6,1.1,4.4,2.9,132463.0,,,,,,,,,,,,
311,Logan - Beaudesert,sa4,QLD,2016,2015-16,,,,,,,,,,,,,,,,,,,,,,,,,,,,,,,,,,,,,,,,,,,,,,,,,,,,,,,,,,,,,,,,,,,,166.0,529.0,690.0,49.0,42.0,108.0,68.0,92.0,45.0,94.0,130.0,68.0,111297.4,14145.9,42808.8,817.0,80.0,3414935.9,702.0,,,186.7,47.5,116.9,1.2,0.7,9.7,1.0,11.9,3.9,10.5,5.4,7.3,1.0,2.2,1.7,4.4,3.6,5.2,7.5,11.4,1.2,4.4,5.7,137310.0,,,,,,,,,,,,
311,Logan - Beaudesert,sa4,QLD,2017,2016-17,,,,,,,,,,,,,,,,,,,,,,,,,,,,,,,,,,,,,,,,,,,,,,,,,,,,,,,,,,,,,,,,,,,,139.0,603.0,746.0,59.0,43.0,116.0,89.0,86.0,66.0,119.0,106.0,69.0,,,,,,,,,,,,,,,,,,,,,,,,,,,,,,,,,,2043.0,76.0,100930.0,387.0,,14602.0,101.0,,3616.0,2531.0,76.0,119163.0
311,Logan - Beaudesert,sa4,QLD,2018,2017-18,,,,,,,,,,,,,,,,,,,,,,,,,,,,,,,,,,,,,,,,,,,,,,,,,,,,,,,,,,,,,,,,4908.0,425000.0,866.0,265000.0,171.0,684.0,863.0,70.0,61.0,110.0,98.0,109.0,64.0,110.0,144.0,81.0,,,,,,,,,,,,,,,,,,,,,,,,,,,,,,,,,,2128.0,93.0,102965.0,469.0,,15071.0,88.0,,3704.0,2685.0,93.0,121755.0
311,Logan - Beaudesert,sa4,QLD,2019,2018-19,,,,,,,,,,,,,,,,,,,,,,,,,,,,,,,,,,,,,,,,,,,,,,,,,,,,,,2786.0,688.0,3474.0,3555.0,664.0,137.0,802.0,843.0,367.0,1210.0,4208.0,424000.0,732.0,255500.0,152.0,581.0,731.0,67.0,52.0,112.0,77.0,86.0,61.0,112.0,121.0,58.0,,,,,,,,,,,,,,,,,,,,,,,,,,,,,,,,,,3090.0,125.0,105930.0,527.0,1.0,15597.0,156.0,,3860.0,3773.0,126.0,125402.0
311,Logan - Beaudesert,sa4,QLD,2020,2019-20,14942.0,6144.0,2092.0,553.0,23731.0,,,,,,,,,,,733.0,32.0,1220.0,102.0,5970.0,845.0,1501.0,733.0,3358.0,139.0,619.0,2046.0,2100.0,1168.0,104.0,320.0,968.0,257.0,1498.0,18.0,6091.0,8492.0,7666.0,892.0,322.0,268.0,,,,,,,,,,,,,2313.0,503.0,2816.0,2842.0,568.0,81.0,649.0,675.0,587.0,1263.0,4329.0,432500.0,786.0,240000.0,128.0,438.0,563.0,49.0,43.0,71.0,62.0,57.0,43.0,93.0,83.0,72.0,,,,,,,,,,,,,,,,,,,,,,,,,,,,,,,,,,2515.0,109.0,108336.0,528.0,2.0,16123.0,119.0,,3979.0,3162.0,111.0,128453.0
311,Logan - Beaudesert,sa4,QLD,2021,2020-21,14571.0,7444.0,2231.0,530.0,24776.0,2920.0,1271.0,84.0,8.0,4283.0,2724.0,485.0,92.0,15.0,3316.0,736.0,36.0,1245.0,97.0,6212.0,860.0,1628.0,796.0,3318.0,148.0,644.0,2109.0,2176.0,1304.0,106.0,344.0,1106.0,288.0,1604.0,19.0,7028.0,8493.0,7771.0,879.0,314.0,291.0,1781.0,1712.0,767.0,15.0,4.0,4.0,1638.0,1136.0,544.0,31.0,10.0,4.0,3839.0,962.0,4801.0,4827.0,1101.0,172.0,1273.0,1308.0,522.0,1830.0,6689.0,455000.0,1457.0,250000.0,63.0,230.0,290.0,33.0,13.0,31.0,25.0,33.0,13.0,41.0,40.0,60.0,138035.0,9785.2,36001.2,492.7,241.0,3867125.7,1258.5,113.1,12.8,180.2,37.7,109.6,1.0,0.7,9.0,1.1,12.1,3.5,10.0,5.5,7.1,0.8,2.0,1.5,4.4,3.6,5.0,7.6,13.5,1.2,4.5,5.9,157407.0,2395.0,135.0,110596.0,697.0,1.0,16819.0,57.0,,4036.0,3149.0,136.0,131466.0
311,Logan - Beaudesert,sa4,QLD,2022,2021-22,15689.0,7751.0,2326.0,585.0,26344.0,3757.0,1362.0,84.0,17.0,5215.0,2779.0,819.0,121.0,18.0,3737.0,762.0,44.0,1293.0,114.0,6613.0,889.0,1696.0,836.0,3587.0,144.0,664.0,2244.0,2264.0,1388.0,116.0,362.0,1267.0,319.0,1721.0,16.0,6534.0,9472.0,8598.0,1020.0,372.0,344.0,1808.0,2427.0,945.0,20.0,6.0,4.0,1634.0,1135.0,545.0,33.0,11.0,3.0,3904.0,885.0,4789.0,4807.0,1178.0,182.0,1360.0,1391.0,1025.0,2416.0,7599.0,575000.0,2318.0,310000.0,,,,,,,,,,,,,,,,,,,,,,,,,,,,,,,,,,,,,,,,,,,,,,3712.0,109.0,114199.0,726.0,,17545.0,31.0,,4067.0,4473.0,109.0,135830.0
311,Logan - Beaudesert,sa4,QLD,2023,2022-23,16906.0,7946.0,2444.0,656.0,27952.0,4037.0,1465.0,83.0,12.0,5597.0,3809.0,870.0,127.0,17.0,4823.0,771.0,33.0,1349.0,112.0,6928.0,933.0,1792.0,861.0,3978.0,147.0,703.0,2303.0,2382.0,1505.0,123.0,396.0,1453.0,353.0,1813.0,17.0,6285.0,10236.0,9483.0,1145.0,413.0,390.0,1710.0,2761.0,1086.0,26.0,8.0,6.0,2148.0,1733.0,879.0,61.0,6.0,13.0,3562.0,763.0,4325.0,4369.0,1281.0,163.0,1444.0,1502.0,1319.0,2820.0,5852.0,630000.0,1810.0,350000.0,,,,,,,,,,,,,,,,,,,,,,,,,,,,,,,,,,,,,,,,,,,,,,,,,,,,,,,,,
311,Logan - Beaudesert,sa4,QLD,2024,2023-24,18154.0,7982.0,2530.0,695.0,29361.0,4338.0,1459.0,110.0,11.0,5919.0,3699.0,926.0,144.0,21.0,4790.0,741.0,33.0,1317.0,117.0,7191.0,900.0,1851.0,918.0,4552.0,145.0,725.0,2398.0,2471.0,1588.0,124.0,382.0,1674.0,366.0,1866.0,11.0,6495.0,10676.0,10106.0,1198.0,450.0,436.0,1823.0,2899.0,1154.0,27.0,11.0,6.0,1949.0,1835.0,929.0,53.0,9.0,8.0,3616.0,604.0,4220.0,4235.0,1389.0,166.0,1555.0,1599.0,595.0,2194.0,,,,,,,,,,,,,,,,,,,,,,,,,,,,,,,,,,,,,,,,,,,,,,,,,,,,,,,,,,,,,
312,Mackay - Isaac - Whitsunday,sa4,QLD,2011,2010-11,,,,,,,,,,,,,,,,,,,,,,,,,,,,,,,,,,,,,,,,,,,,,,,,,,,,,,,,,,,,,,,,,,,,,,,,,,,,,,,,7978608.0,1835.0,1239871.8,3247.9,576.0,,,,,,,,4.9,14.4,7.9,0.9,9.7,3.7,9.5,7.6,6.4,0.6,1.2,1.8,4.0,2.8,3.8,5.5,7.6,0.5,4.7,2.5,84879.0,,,,,,,,,,,,
312,Mackay - Isaac - Whitsunday,sa4,QLD,2016,2015-16,,,,,,,,,,,,,,,,,,,,,,,,,,,,,,,,,,,,,,,,,,,,,,,,,,,,,,,,,,,,,,,,,,,,122.0,311.0,432.0,29.0,28.0,73.0,32.0,38.0,38.0,92.0,54.0,33.0,8585538.7,3806.9,1179933.0,1154.0,200.0,,194420.1,,,1119.7,458.1,656.7,5.6,14.4,5.5,0.9,7.0,3.0,9.3,8.2,6.3,0.5,1.1,1.6,3.6,3.4,4.1,7.1,9.1,0.8,4.4,4.1,78387.0,,,,,,,,,,,,
312,Mackay - Isaac - Whitsunday,sa4,QLD,2017,2016-17,,,,,,,,,,,,,,,,,,,,,,,,,,,,,,,,,,,,,,,,,,,,,,,,,,,,,,,,,,,,,,,,,,,,124.0,336.0,457.0,38.0,24.0,94.0,38.0,44.0,40.0,69.0,64.0,47.0,,,,,,,,,,,,,,,,,,,,,,,,,,,,,,,,,,288.0,34.0,62823.0,137.0,,8449.0,17.0,,4373.0,442.0,34.0,75734.0
312,Mackay - Isaac - Whitsunday,sa4,QLD,2018,2017-18,,,,,,,,,,,,,,,,,,,,,,,,,,,,,,,,,,,,,,,,,,,,,,,,,,,,,,,,,,,,,,,,1986.0,333000.0,386.0,220000.0,90.0,285.0,371.0,31.0,19.0,64.0,37.0,40.0,31.0,57.0,60.0,27.0,,,,,,,,,,,,,,,,,,,,,,,,,,,,,,,,,,362.0,54.0,63131.0,4.0,1.0,8452.0,1.0,,4374.0,367.0,55.0,76046.0
312,Mackay - Isaac - Whitsunday,sa4,QLD,2019,2018-19,,,,,,,,,,,,,,,,,,,,,,,,,,,,,,,,,,,,,,,,,,,,,,,,,,,,,,573.0,,573.0,573.0,307.0,,307.0,327.0,194.0,521.0,2038.0,345000.0,402.0,234000.0,76.0,256.0,338.0,32.0,15.0,58.0,28.0,43.0,18.0,54.0,58.0,28.0,,,,,,,,,,,,,,,,,,,,,,,,,,,,,,,,,,546.0,50.0,63627.0,12.0,,8464.0,,5.0,4369.0,558.0,55.0,76549.0
312,Mackay - Isaac - Whitsunday,sa4,QLD,2020,2019-20,8812.0,3983.0,1657.0,487.0,14939.0,,,,,,,,,,,3314.0,148.0,516.0,31.0,2305.0,293.0,700.0,570.0,896.0,39.0,412.0,1735.0,1053.0,555.0,24.0,203.0,709.0,116.0,1307.0,13.0,3586.0,4337.0,5889.0,699.0,233.0,195.0,,,,,,,,,,,,,441.0,7.0,448.0,454.0,204.0,2.0,206.0,233.0,301.0,533.0,2397.0,360000.0,424.0,240000.0,55.0,186.0,249.0,22.0,22.0,45.0,18.0,21.0,22.0,38.0,35.0,23.0,,,,,,,,,,,,,,,,,,,,,,,,,,,,,,,,,,471.0,33.0,64065.0,2.0,,8466.0,20.0,,4389.0,493.0,33.0,77009.0
312,Mackay - Isaac - Whitsunday,sa4,QLD,2021,2020-21,8850.0,4439.0,1702.0,482.0,15473.0,1285.0,606.0,43.0,7.0,1941.0,1059.0,270.0,60.0,15.0,1404.0,3413.0,157.0,548.0,31.0,2365.0,294.0,719.0,568.0,910.0,48.0,440.0,1755.0,1119.0,590.0,28.0,197.0,752.0,129.0,1398.0,12.0,3798.0,4498.0,5987.0,731.0,250.0,209.0,827.0,745.0,351.0,10.0,3.0,5.0,676.0,418.0,309.0,14.0,6.0,3.0,816.0,12.0,828.0,846.0,347.0,3.0,350.0,391.0,242.0,634.0,3809.0,385000.0,803.0,270000.0,31.0,109.0,141.0,8.0,9.0,29.0,10.0,17.0,7.0,13.0,22.0,17.0,7902157.8,558.0,1140693.2,762.7,151.1,47.0,291302.0,7130.3,667.4,1352.9,722.6,628.6,4.8,14.0,5.1,1.0,7.9,3.1,8.5,8.2,5.8,0.3,0.9,1.5,3.6,3.7,3.9,6.9,11.1,0.7,4.5,4.3,87547.0,484.0,47.0,64502.0,12.0,,8478.0,40.0,,4429.0,537.0,47.0,77499.0
312,Mackay - Isaac - Whitsunday,sa4,QLD,2022,2021-22,9382.0,4603.0,1713.0,520.0,16221.0,1566.0,722.0,55.0,14.0,2354.0,1169.0,386.0,81.0,14.0,1652.0,3483.0,162.0,582.0,29.0,2527.0,306.0,737.0,592.0,934.0,53.0,447.0,1796.0,1200.0,635.0,28.0,210.0,834.0,131.0,1508.0,11.0,3726.0,4742.0,6406.0,844.0,273.0,224.0,900.0,964.0,466.0,15.0,3.0,3.0,680.0,416.0,310.0,13.0,7.0,3.0,651.0,147.0,798.0,802.0,377.0,64.0,441.0,475.0,389.0,865.0,4560.0,415000.0,1310.0,292000.0,,,,,,,,,,,,,,,,,,,,,,,,,,,,,,,,,,,,,,,,,,,,,,717.0,52.0,65167.0,5.0,1.0,8482.0,12.0,,4441.0,735.0,53.0,78181.0
312,Mackay - Isaac - Whitsunday,sa4,QLD,2023,2022-23,9803.0,4720.0,1742.0,526.0,16791.0,1521.0,726.0,67.0,3.0,2317.0,1355.0,374.0,88.0,13.0,1830.0,3506.0,163.0,608.0,36.0,2651.0,305.0,787.0,616.0,920.0,50.0,471.0,1821.0,1256.0,685.0,27.0,221.0,879.0,139.0,1630.0,20.0,3719.0,4881.0,6728.0,905.0,295.0,263.0,808.0,988.0,503.0,13.0,4.0,,816.0,606.0,391.0,29.0,6.0,5.0,484.0,42.0,526.0,538.0,405.0,16.0,421.0,475.0,451.0,926.0,3755.0,432000.0,1265.0,305000.0,,,,,,,,,,,,,,,,,,,,,,,,,,,,,,,,,,,,,,,,,,,,,,,,,,,,,,,,,
312,Mackay - Isaac - Whitsunday,sa4,QLD,2024,2023-24,10174.0,4710.0,1790.0,567.0,17241.0,1617.0,716.0,63.0,5.0,2409.0,1496.0,396.0,76.0,20.0,1988.0,3467.0,169.0,638.0,42.0,2724.0,299.0,760.0,623.0,986.0,48.0,489.0,1856.0,1305.0,696.0,26.0,238.0,957.0,150.0,1737.0,11.0,3839.0,4856.0,6983.0,934.0,307.0,322.0,839.0,1007.0,534.0,22.0,3.0,3.0,829.0,691.0,428.0,25.0,6.0,9.0,478.0,28.0,506.0,513.0,425.0,14.0,439.0,504.0,352.0,856.0,,,,,,,,,,,,,,,,,,,,,,,,,,,,,,,,,,,,,,,,,,,,,,,,,,,,,,,,,,,,,
313,Moreton Bay - North,sa4,QLD,2011,2010-11,,,,,,,,,,,,,,,,,,,,,,,,,,,,,,,,,,,,,,,,,,,,,,,,,,,,,,,,,,,,,,,,,,,,,,,,,,,,,,,,209146.4,3956.0,63473.7,132.1,2300.0,4794622.6,,,,,,,1.9,1.1,11.0,1.3,10.8,3.8,11.9,6.2,6.8,1.0,2.0,1.7,4.3,3.2,6.0,6.3,12.8,1.1,4.2,2.5,89973.0,,,,,,,,,,,,
313,Moreton Bay - North,sa4,QLD,2016,2015-16,,,,,,,,,,,,,,,,,,,,,,,,,,,,,,,,,,,,,,,,,,,,,,,,,,,,,,,,,,,,,,,,,,,,138.0,420.0,564.0,40.0,35.0,82.0,72.0,74.0,48.0,68.0,75.0,60.0,445149.7,3016.0,51921.7,88.1,2282.0,1737295.1,247.0,,,246.9,164.6,76.6,2.5,1.1,7.6,1.3,11.7,2.6,11.1,6.4,6.4,1.0,1.9,1.9,4.2,3.6,5.6,7.4,13.3,1.2,4.2,5.0,95217.0,,,,,,,,,,,,
313,Moreton Bay - North,sa4,QLD,2017,2016-17,,,,,,,,,,,,,,,,,,,,,,,,,,,,,,,,,,,,,,,,,,,,,,,,,,,,,,,,,,,,,,,,,,,,118.0,389.0,505.0,35.0,43.0,91.0,59.0,58.0,45.0,61.0,68.0,55.0,,,,,,,,,,,,,,,,,,,,,,,,,,,,,,,,,,1555.0,97.0,78903.0,392.0,,11493.0,207.0,,7897.0,2154.0,97.0,98357.0
313,Moreton Bay - North,sa4,QLD,2018,2017-18,,,,,,,,,,,,,,,,,,,,,,,,,,,,,,,,,,,,,,,,,,,,,,,,,,,,,,,,,,,,,,,,4535.0,426000.0,1076.0,335000.0,113.0,439.0,552.0,41.0,43.0,82.0,73.0,61.0,51.0,62.0,87.0,59.0,,,,,,,,,,,,,,,,,,,,,,,,,,,,,,,,,,2151.0,137.0,80917.0,474.0,,11967.0,100.0,,7997.0,2725.0,137.0,100945.0
313,Moreton Bay - North,sa4,QLD,2019,2018-19,,,,,,,,,,,,,,,,,,,,,,,,,,,,,,,,,,,,,,,,,,,,,,,,,,,,,,2177.0,597.0,2774.0,2805.0,552.0,119.0,671.0,706.0,284.0,991.0,3961.0,435000.0,901.0,327000.0,108.0,375.0,487.0,37.0,42.0,85.0,52.0,55.0,39.0,67.0,84.0,28.0,,,,,,,,,,,,,,,,,,,,,,,,,,,,,,,,,,2200.0,106.0,83011.0,309.0,,12276.0,213.0,2.0,8208.0,2723.0,108.0,103560.0
313,Moreton Bay - North,sa4,QLD,2020,2019-20,8673.0,4146.0,1461.0,351.0,14631.0,,,,,,,,,,,909.0,30.0,761.0,63.0,3795.0,450.0,871.0,460.0,1302.0,75.0,347.0,1378.0,1406.0,672.0,38.0,252.0,728.0,167.0,915.0,12.0,3547.0,5278.0,4910.0,544.0,195.0,157.0,,,,,,,,,,,,,2251.0,1120.0,3371.0,3398.0,568.0,444.0,1012.0,1049.0,492.0,1541.0,4035.0,440000.0,974.0,325000.0,82.0,311.0,397.0,42.0,21.0,57.0,43.0,49.0,22.0,49.0,67.0,47.0,,,,,,,,,,,,,,,,,,,,,,,,,,,,,,,,,,2235.0,97.0,85149.0,471.0,2.0,12745.0,335.0,4.0,8539.0,3041.0,103.0,106498.0
313,Moreton Bay - North,sa4,QLD,2021,2020-21,8487.0,4752.0,1488.0,353.0,15080.0,1504.0,686.0,62.0,4.0,2256.0,1465.0,336.0,65.0,9.0,1875.0,890.0,33.0,779.0,59.0,3880.0,463.0,906.0,482.0,1284.0,83.0,351.0,1442.0,1485.0,655.0,37.0,278.0,795.0,171.0,998.0,9.0,3865.0,5319.0,4980.0,547.0,198.0,171.0,917.0,973.0,357.0,4.0,4.0,,881.0,697.0,295.0,27.0,3.0,,3049.0,375.0,3424.0,3448.0,800.0,92.0,892.0,963.0,298.0,1260.0,5868.0,499000.0,1598.0,360000.0,35.0,145.0,185.0,24.0,21.0,24.0,18.0,16.0,10.0,23.0,24.0,34.0,167461.2,2628.0,51995.6,153.3,2199.6,2803631.8,4233.3,413.2,468.0,332.4,217.7,97.3,2.4,1.2,7.3,1.3,11.7,2.4,10.1,6.5,5.8,0.7,2.0,1.6,4.3,3.6,5.4,7.6,15.8,1.1,4.2,5.0,110957.0,2157.0,143.0,87163.0,419.0,,13164.0,170.0,,8709.0,2746.0,143.0,109101.0
313,Moreton Bay - North,sa4,QLD,2022,2021-22,9111.0,5005.0,1532.0,397.0,16052.0,1901.0,826.0,59.0,11.0,2799.0,1502.0,479.0,97.0,9.0,2082.0,901.0,33.0,825.0,64.0,4138.0,471.0,996.0,512.0,1294.0,95.0,388.0,1523.0,1578.0,742.0,35.0,296.0,873.0,193.0,1081.0,6.0,3656.0,5797.0,5580.0,604.0,214.0,199.0,911.0,1347.0,528.0,18.0,5.0,3.0,884.0,696.0,298.0,30.0,3.0,,2031.0,706.0,2737.0,2768.0,672.0,210.0,883.0,990.0,368.0,1358.0,5856.0,640000.0,1794.0,405000.0,,,,,,,,,,,,,,,,,,,,,,,,,,,,,,,,,,,,,,,,,,,,,,2591.0,208.0,89546.0,177.0,,13341.0,70.0,,8779.0,2838.0,208.0,111731.0
313,Moreton Bay - North,sa4,QLD,2023,2022-23,9537.0,5048.0,1605.0,437.0,16627.0,2009.0,803.0,64.0,11.0,2887.0,1969.0,582.0,103.0,17.0,2671.0,889.0,35.0,796.0,64.0,4303.0,472.0,1048.0,518.0,1321.0,93.0,429.0,1519.0,1673.0,799.0,41.0,299.0,973.0,194.0,1151.0,10.0,3574.0,6012.0,5934.0,659.0,229.0,219.0,876.0,1430.0,563.0,15.0,,3.0,1132.0,1002.0,562.0,27.0,8.0,3.0,1874.0,479.0,2353.0,2353.0,761.0,171.0,932.0,997.0,340.0,1338.0,4467.0,675000.0,1372.0,438500.0,,,,,,,,,,,,,,,,,,,,,,,,,,,,,,,,,,,,,,,,,,,,,,,,,,,,,,,,,
313,Moreton Bay - North,sa4,QLD,2024,2023-24,9978.0,5039.0,1605.0,461.0,17083.0,2001.0,777.0,83.0,7.0,2864.0,1897.0,577.0,102.0,16.0,2592.0,883.0,46.0,828.0,71.0,4292.0,464.0,1055.0,541.0,1369.0,95.0,455.0,1577.0,1724.0,837.0,40.0,285.0,1123.0,214.0,1192.0,7.0,3597.0,6028.0,6253.0,731.0,237.0,237.0,878.0,1408.0,559.0,18.0,6.0,,1043.0,1005.0,514.0,25.0,6.0,5.0,2235.0,710.0,2945.0,2969.0,922.0,223.0,1144.0,1201.0,2172.0,3373.0,,,,,,,,,,,,,,,,,,,,,,,,,,,,,,,,,,,,,,,,,,,,,,,,,,,,,,,,,,,,,
314,Moreton Bay - South,sa4,QLD,2011,2010-11,,,,,,,,,,,,,,,,,,,,,,,,,,,,,,,,,,,,,,,,,,,,,,,,,,,,,,,,,,,,,,,,,,,,,,,,,,,,,,,,5341.0,1481.0,2327.0,,,,,,,,,,0.3,1.1,9.0,1.5,9.1,3.9,11.0,5.1,6.1,1.4,3.6,1.7,7.1,3.2,8.6,7.7,12.5,1.3,4.1,1.9,86688.0,,,,,,,,,,,,
314,Moreton Bay - South,sa4,QLD,2016,2015-16,,,,,,,,,,,,,,,,,,,,,,,,,,,,,,,,,,,,,,,,,,,,,,,,,,,,,,,,,,,,,,,,,,,,89.0,334.0,425.0,34.0,41.0,59.0,51.0,81.0,31.0,37.0,55.0,39.0,3579.0,1261.0,1648.0,,1.0,,2.0,,,6.6,3.0,1.6,0.4,1.1,6.1,1.2,9.7,2.9,10.6,5.7,5.9,1.3,3.3,1.7,6.7,3.3,8.3,8.8,13.3,1.5,4.2,4.0,96672.0,,,,,,,,,,,,
314,Moreton Bay - South,sa4,QLD,2017,2016-17,,,,,,,,,,,,,,,,,,,,,,,,,,,,,,,,,,,,,,,,,,,,,,,,,,,,,,,,,,,,,,,,,,,,94.0,320.0,410.0,40.0,40.0,57.0,35.0,77.0,36.0,44.0,55.0,36.0,,,,,,,,,,,,,,,,,,,,,,,,,,,,,,,,,,1383.0,36.0,61779.0,914.0,,10875.0,92.0,,1435.0,2389.0,36.0,74094.0
314,Moreton Bay - South,sa4,QLD,2018,2017-18,,,,,,,,,,,,,,,,,,,,,,,,,,,,,,,,,,,,,,,,,,,,,,,,,,,,,,,,,,,,,,,,3499.0,499000.0,662.0,355900.0,78.0,315.0,394.0,54.0,45.0,51.0,54.0,49.0,34.0,35.0,44.0,28.0,,,,,,,,,,,,,,,,,,,,,,,,,,,,,,,,,,1224.0,43.0,62960.0,778.0,,11653.0,2.0,,1437.0,2004.0,43.0,76055.0
314,Moreton Bay - South,sa4,QLD,2019,2018-19,,,,,,,,,,,,,,,,,,,,,,,,,,,,,,,,,,,,,,,,,,,,,,,,,,,,,,794.0,548.0,1342.0,1364.0,221.0,137.0,358.0,386.0,328.0,714.0,3063.0,510000.0,517.0,338000.0,67.0,295.0,363.0,32.0,29.0,62.0,51.0,63.0,31.0,37.0,42.0,25.0,,,,,,,,,,,,,,,,,,,,,,,,,,,,,,,,,,972.0,48.0,63884.0,495.0,,12148.0,45.0,,1482.0,1512.0,48.0,77519.0
314,Moreton Bay - South,sa4,QLD,2020,2019-20,8303.0,3991.0,1320.0,292.0,13906.0,,,,,,,,,,,221.0,33.0,663.0,52.0,3034.0,485.0,872.0,450.0,1430.0,134.0,447.0,1186.0,2005.0,658.0,44.0,286.0,876.0,202.0,815.0,13.0,3628.0,4844.0,4642.0,513.0,150.0,129.0,,,,,,,,,,,,,886.0,457.0,1343.0,1370.0,252.0,100.0,351.0,378.0,216.0,594.0,3131.0,515000.0,539.0,315000.0,63.0,233.0,292.0,39.0,29.0,36.0,33.0,48.0,21.0,26.0,36.0,22.0,,,,,,,,,,,,,,,,,,,,,,,,,,,,,,,,,,767.0,43.0,64608.0,419.0,,12567.0,,,1482.0,1186.0,43.0,78662.0
314,Moreton Bay - South,sa4,QLD,2021,2020-21,8151.0,4771.0,1405.0,276.0,14603.0,1606.0,826.0,62.0,9.0,2503.0,1437.0,314.0,64.0,13.0,1828.0,220.0,28.0,707.0,52.0,3129.0,473.0,952.0,463.0,1384.0,147.0,473.0,1276.0,2140.0,696.0,45.0,298.0,1034.0,209.0,864.0,13.0,4175.0,4868.0,4757.0,517.0,164.0,122.0,1074.0,992.0,429.0,5.0,3.0,,919.0,583.0,309.0,14.0,3.0,6.0,1542.0,391.0,1933.0,1958.0,431.0,90.0,521.0,561.0,207.0,769.0,4160.0,560000.0,896.0,335750.0,30.0,101.0,128.0,20.0,16.0,16.0,20.0,11.0,7.0,6.0,9.0,21.0,3970.0,447.3,1975.1,35.0,8.9,,,0.1,,5.4,3.3,1.4,0.4,1.1,5.5,1.3,9.7,2.5,9.9,5.9,5.6,1.1,3.3,1.5,7.0,3.1,7.5,8.6,16.1,1.5,4.2,4.1,111110.0,1017.0,51.0,65574.0,377.0,,12944.0,118.0,,1600.0,1512.0,51.0,80123.0
314,Moreton Bay - South,sa4,QLD,2022,2021-22,8615.0,4921.0,1461.0,332.0,15330.0,1862.0,791.0,55.0,11.0,2716.0,1464.0,457.0,82.0,6.0,2010.0,235.0,30.0,738.0,55.0,3248.0,472.0,1017.0,476.0,1351.0,143.0,498.0,1350.0,2229.0,767.0,44.0,296.0,1184.0,233.0,955.0,9.0,3897.0,5220.0,5272.0,600.0,191.0,153.0,1000.0,1197.0,497.0,16.0,,,918.0,583.0,306.0,11.0,3.0,8.0,652.0,749.0,1401.0,1418.0,232.0,222.0,454.0,511.0,274.0,785.0,3971.0,734000.0,1432.0,390000.0,,,,,,,,,,,,,,,,,,,,,,,,,,,,,,,,,,,,,,,,,,,,,,1281.0,71.0,66784.0,474.0,,13418.0,29.0,,1629.0,1784.0,71.0,81836.0
314,Moreton Bay - South,sa4,QLD,2023,2022-23,9077.0,4813.0,1528.0,384.0,15802.0,1852.0,760.0,78.0,9.0,2699.0,1769.0,518.0,80.0,9.0,2376.0,231.0,21.0,741.0,66.0,3250.0,491.0,996.0,493.0,1492.0,135.0,518.0,1353.0,2263.0,823.0,45.0,320.0,1294.0,242.0,1014.0,14.0,3762.0,5362.0,5640.0,626.0,232.0,180.0,913.0,1250.0,517.0,16.0,,3.0,1112.0,808.0,430.0,26.0,6.0,4.0,448.0,270.0,718.0,718.0,217.0,90.0,307.0,340.0,185.0,525.0,3022.0,750000.0,1107.0,430000.0,,,,,,,,,,,,,,,,,,,,,,,,,,,,,,,,,,,,,,,,,,,,,,,,,,,,,,,,,
314,Moreton Bay - South,sa4,QLD,2024,2023-24,9550.0,4799.0,1562.0,406.0,16317.0,1946.0,740.0,75.0,10.0,2766.0,1669.0,476.0,95.0,17.0,2257.0,239.0,32.0,714.0,62.0,3286.0,490.0,996.0,511.0,1664.0,138.0,556.0,1346.0,2330.0,858.0,48.0,307.0,1420.0,252.0,1058.0,8.0,3824.0,5502.0,5897.0,652.0,256.0,186.0,961.0,1237.0,540.0,19.0,3.0,,954.0,825.0,439.0,18.0,6.0,4.0,455.0,374.0,829.0,853.0,231.0,121.0,353.0,391.0,206.0,597.0,,,,,,,,,,,,,,,,,,,,,,,,,,,,,,,,,,,,,,,,,,,,,,,,,,,,,,,,,,,,,
315,Queensland - Outback,sa4,QLD,2011,2010-11,,,,,,,,,,,,,,,,,,,,,,,,,,,,,,,,,,,,,,,,,,,,,,,,,,,,,,,,,,,,,,,,,,,,,,,,,,,,,,,,91866368.1,974.0,5111552.4,2444586.8,710.0,293386.9,,,,,,,13.7,13.1,3.5,1.0,6.4,1.9,7.1,5.2,4.5,0.5,0.7,0.8,1.6,2.4,11.8,7.8,9.9,0.9,4.2,3.1,37370.0,,,,,,,,,,,,
315,Queensland - Outback,sa4,QLD,2016,2015-16,,,,,,,,,,,,,,,,,,,,,,,,,,,,,,,,,,,,,,,,,,,,,,,,,,,,,,,,,,,,,,,,,,,,20.0,83.0,104.0,5.0,6.0,9.0,20.0,14.0,4.0,21.0,19.0,4.0,85020304.5,2105.0,3744352.1,872636.6,278.0,726587.6,26879.0,,,2372.5,172.2,2166.3,13.2,13.1,2.5,0.9,5.8,1.4,7.0,5.3,4.1,0.4,0.6,0.8,1.6,2.6,11.7,9.2,10.6,0.9,4.1,3.9,33764.0,,,,,,,,,,,,
315,Queensland - Outback,sa4,QLD,2017,2016-17,,,,,,,,,,,,,,,,,,,,,,,,,,,,,,,,,,,,,,,,,,,,,,,,,,,,,,,,,,,,,,,,,,,,33.0,94.0,124.0,12.0,11.0,17.0,20.0,18.0,3.0,17.0,16.0,11.0,,,,,,,,,,,,,,,,,,,,,,,,,,,,,,,,,,127.0,10.0,29038.0,20.0,,3616.0,12.0,,1468.0,159.0,10.0,34287.0
315,Queensland - Outback,sa4,QLD,2018,2017-18,,,,,,,,,,,,,,,,,,,,,,,,,,,,,,,,,,,,,,,,,,,,,,,,,,,,,,,,,,,,,,,,456.0,195000.0,34.0,320000.0,23.0,83.0,109.0,13.0,12.0,17.0,17.0,21.0,3.0,13.0,15.0,11.0,,,,,,,,,,,,,,,,,,,,,,,,,,,,,,,,,,258.0,13.0,29283.0,11.0,,3627.0,18.0,,1486.0,287.0,13.0,34561.0
315,Queensland - Outback,sa4,QLD,2019,2018-19,,,,,,,,,,,,,,,,,,,,,,,,,,,,,,,,,,,,,,,,,,,,,,,,,,,,,,42.0,5.0,47.0,69.0,12.0,2.0,14.0,31.0,47.0,78.0,487.0,185000.0,29.0,265000.0,23.0,80.0,103.0,13.0,6.0,16.0,16.0,11.0,7.0,11.0,16.0,10.0,,,,,,,,,,,,,,,,,,,,,,,,,,,,,,,,,,117.0,10.0,29390.0,29.0,,3656.0,,,1486.0,146.0,10.0,34697.0
315,Queensland - Outback,sa4,QLD,2020,2019-20,4466.0,1606.0,736.0,175.0,6983.0,,,,,,,,,,,2984.0,67.0,161.0,21.0,902.0,149.0,361.0,302.0,421.0,13.0,82.0,532.0,247.0,190.0,18.0,52.0,124.0,48.0,301.0,8.0,1489.0,2080.0,2902.0,383.0,85.0,44.0,,,,,,,,,,,,,49.0,14.0,63.0,75.0,18.0,5.0,23.0,34.0,91.0,125.0,593.0,183750.0,35.0,212500.0,19.0,60.0,79.0,7.0,9.0,9.0,14.0,3.0,3.0,19.0,9.0,3.0,,,,,,,,,,,,,,,,,,,,,,,,,,,,,,,,,,74.0,15.0,29449.0,5.0,,3661.0,,,1486.0,79.0,15.0,34761.0
315,Queensland - Outback,sa4,QLD,2021,2020-21,4398.0,1871.0,759.0,168.0,7196.0,613.0,205.0,21.0,4.0,843.0,510.0,60.0,18.0,3.0,589.0,3020.0,63.0,170.0,21.0,957.0,141.0,379.0,322.0,422.0,17.0,87.0,539.0,267.0,207.0,19.0,53.0,133.0,45.0,329.0,5.0,1519.0,2038.0,3021.0,449.0,107.0,62.0,288.0,343.0,194.0,11.0,6.0,3.0,269.0,195.0,110.0,7.0,,,94.0,3.0,97.0,119.0,28.0,,29.0,42.0,99.0,141.0,937.0,230000.0,74.0,280000.0,6.0,29.0,37.0,3.0,3.0,3.0,3.0,6.0,,5.0,3.0,,91922711.4,1578.1,3936665.4,1214322.9,185.7,524298.6,66688.6,211.8,5442.1,2527.3,268.0,2222.1,13.0,13.3,2.6,1.0,6.0,1.5,6.8,5.6,3.8,0.3,0.5,0.7,1.6,2.6,11.6,9.2,11.7,1.0,3.1,4.1,34149.0,68.0,7.0,29510.0,13.0,1.0,3673.0,13.0,,1499.0,94.0,8.0,34847.0
315,Queensland - Outback,sa4,QLD,2022,2021-22,4711.0,1879.0,745.0,200.0,7533.0,720.0,235.0,26.0,6.0,983.0,513.0,121.0,24.0,10.0,665.0,3085.0,72.0,172.0,20.0,1032.0,160.0,376.0,339.0,424.0,17.0,91.0,594.0,285.0,234.0,21.0,64.0,129.0,60.0,355.0,3.0,1599.0,2058.0,3169.0,486.0,138.0,80.0,376.0,384.0,207.0,8.0,3.0,5.0,269.0,197.0,107.0,6.0,,,61.0,12.0,73.0,99.0,23.0,3.0,26.0,38.0,66.0,104.0,1155.0,249000.0,108.0,310000.0,,,,,,,,,,,,,,,,,,,,,,,,,,,,,,,,,,,,,,,,,,,,,,86.0,10.0,29586.0,3.0,,3676.0,,,1499.0,89.0,10.0,34926.0
315,Queensland - Outback,sa4,QLD,2023,2022-23,4772.0,1900.0,777.0,180.0,7629.0,627.0,245.0,20.0,,893.0,611.0,115.0,24.0,4.0,754.0,3091.0,77.0,178.0,21.0,1054.0,144.0,398.0,346.0,428.0,17.0,90.0,599.0,284.0,230.0,20.0,58.0,148.0,65.0,375.0,6.0,1576.0,2068.0,3262.0,486.0,157.0,80.0,276.0,401.0,200.0,11.0,3.0,3.0,307.0,264.0,161.0,12.0,3.0,3.0,42.0,2.0,44.0,112.0,18.0,1.0,19.0,75.0,130.0,205.0,1046.0,235000.0,125.0,345000.0,,,,,,,,,,,,,,,,,,,,,,,,,,,,,,,,,,,,,,,,,,,,,,,,,,,,,,,,,
315,Queensland - Outback,sa4,QLD,2024,2023-24,4841.0,1912.0,828.0,183.0,7764.0,644.0,232.0,29.0,3.0,901.0,631.0,123.0,25.0,6.0,785.0,3073.0,72.0,188.0,19.0,1085.0,162.0,391.0,329.0,451.0,21.0,103.0,621.0,289.0,256.0,22.0,60.0,168.0,72.0,376.0,6.0,1638.0,2185.0,3279.0,438.0,137.0,87.0,282.0,391.0,211.0,8.0,3.0,,358.0,252.0,165.0,8.0,,3.0,64.0,10.0,74.0,187.0,27.0,3.0,30.0,130.0,195.0,326.0,,,,,,,,,,,,,,,,,,,,,,,,,,,,,,,,,,,,,,,,,,,,,,,,,,,,,,,,,,,,,
316,Sunshine Coast,sa4,QLD,2011,2010-11,,,,,,,,,,,,,,,,,,,,,,,,,,,,,,,,,,,,,,,,,,,,,,,,,,,,,,,,,,,,,,,,,,,,,,,,,,,,,,,,79094.0,9364.0,21163.0,2332.0,4803.0,2359956.0,,,,,,,1.7,1.4,6.5,1.0,11.6,3.2,12.7,9.1,3.7,1.2,2.7,2.4,5.9,3.4,4.4,8.1,13.3,1.5,3.9,2.3,135077.0,,,,,,,,,,,,
316,Sunshine Coast,sa4,QLD,2016,2015-16,,,,,,,,,,,,,,,,,,,,,,,,,,,,,,,,,,,,,,,,,,,,,,,,,,,,,,,,,,,,,,,,,,,,246.0,374.0,619.0,69.0,60.0,119.0,70.0,66.0,63.0,50.0,73.0,49.0,38955.0,10309.0,14132.0,212.0,4859.0,4164747.0,2000.0,,,269.5,116.5,127.0,1.7,1.4,4.7,0.9,11.9,2.1,11.0,9.0,3.4,1.1,2.6,2.4,5.7,4.0,4.1,8.9,14.7,1.9,4.0,4.5,151647.0,,,,,,,,,,,,
316,Sunshine Coast,sa4,QLD,2017,2016-17,,,,,,,,,,,,,,,,,,,,,,,,,,,,,,,,,,,,,,,,,,,,,,,,,,,,,,,,,,,,,,,,,,,,202.0,411.0,610.0,67.0,57.0,110.0,68.0,72.0,67.0,37.0,85.0,48.0,,,,,,,,,,,,,,,,,,,,,,,,,,,,,,,,,,3306.0,223.0,113558.0,730.0,2.0,20589.0,438.0,,24803.0,4474.0,225.0,159029.0
316,Sunshine Coast,sa4,QLD,2018,2017-18,,,,,,,,,,,,,,,,,,,,,,,,,,,,,,,,,,,,,,,,,,,,,,,,,,,,,,,,,,,,,,,,6971.0,610000.0,3787.0,435000.0,203.0,385.0,584.0,63.0,65.0,117.0,69.0,56.0,67.0,46.0,55.0,39.0,,,,,,,,,,,,,,,,,,,,,,,,,,,,,,,,,,3290.0,212.0,116636.0,748.0,18.0,21319.0,508.0,8.0,25303.0,4546.0,238.0,163337.0
316,Sunshine Coast,sa4,QLD,2019,2018-19,,,,,,,,,,,,,,,,,,,,,,,,,,,,,,,,,,,,,,,,,,,,,,,,,,,,,,2954.0,1673.0,4627.0,4627.0,1072.0,497.0,1569.0,1590.0,507.0,2097.0,6031.0,620000.0,3217.0,440000.0,169.0,317.0,489.0,56.0,46.0,94.0,62.0,56.0,49.0,33.0,59.0,39.0,,,,,,,,,,,,,,,,,,,,,,,,,,,,,,,,,,3107.0,226.0,119517.0,599.0,1.0,21917.0,519.0,17.0,25805.0,4225.0,244.0,167318.0
316,Sunshine Coast,sa4,QLD,2020,2019-20,23354.0,10417.0,3793.0,825.0,38389.0,,,,,,,,,,,1464.0,85.0,1566.0,112.0,8287.0,1153.0,2475.0,1724.0,1871.0,357.0,1579.0,5191.0,4923.0,1606.0,96.0,685.0,2751.0,553.0,1884.0,27.0,9263.0,13349.0,13626.0,1389.0,454.0,308.0,,,,,,,,,,,,,2451.0,1175.0,3626.0,3638.0,1058.0,377.0,1434.0,1463.0,700.0,2163.0,6450.0,645000.0,3297.0,470000.0,156.0,244.0,400.0,36.0,44.0,66.0,58.0,24.0,41.0,28.0,61.0,36.0,,,,,,,,,,,,,,,,,,,,,,,,,,,,,,,,,,2740.0,245.0,122012.0,772.0,19.0,22670.0,735.0,9.0,26531.0,4247.0,273.0,171292.0
316,Sunshine Coast,sa4,QLD,2021,2020-21,23262.0,12740.0,3851.0,843.0,40696.0,4143.0,1899.0,119.0,14.0,6175.0,3585.0,724.0,157.0,21.0,4487.0,1497.0,80.0,1638.0,117.0,8608.0,1192.0,2658.0,1850.0,1840.0,393.0,1715.0,5409.0,5341.0,1721.0,93.0,752.0,3034.0,650.0,2082.0,26.0,10499.0,13887.0,14094.0,1444.0,475.0,297.0,2566.0,2517.0,1056.0,23.0,12.0,3.0,2143.0,1526.0,809.0,36.0,15.0,6.0,3280.0,1385.0,4665.0,4667.0,1298.0,553.0,1850.0,1870.0,501.0,2371.0,9130.0,760000.0,5098.0,530000.0,61.0,134.0,192.0,24.0,8.0,40.0,15.0,11.0,18.0,11.0,32.0,37.0,110204.1,9436.1,26369.2,931.1,19.7,5080897.8,1736.2,75.2,2002.0,323.4,163.7,130.3,1.5,1.5,4.6,0.9,12.0,1.9,9.9,8.7,3.0,0.9,2.8,2.1,6.3,3.6,3.9,8.7,17.5,1.8,4.0,4.4,184539.0,2354.0,281.0,124085.0,447.0,4.0,23113.0,560.0,12.0,27079.0,3362.0,297.0,174357.0
316,Sunshine Coast,sa4,QLD,2022,2021-22,24816.0,13250.0,4141.0,958.0,43159.0,4828.0,1910.0,172.0,18.0,6930.0,3784.0,1150.0,238.0,27.0,5201.0,1541.0,79.0,1733.0,127.0,9124.0,1172.0,2810.0,1918.0,1775.0,400.0,1816.0,5762.0,5800.0,1838.0,87.0,793.0,3372.0,697.0,2288.0,24.0,10234.0,14580.0,15652.0,1760.0,562.0,375.0,2643.0,2996.0,1238.0,39.0,14.0,6.0,2144.0,1524.0,808.0,33.0,13.0,5.0,2940.0,1218.0,4158.0,4182.0,1466.0,495.0,1961.0,2003.0,610.0,2614.0,7728.0,980000.0,4403.0,650000.0,,,,,,,,,,,,,,,,,,,,,,,,,,,,,,,,,,,,,,,,,,,,,,2950.0,418.0,126617.0,477.0,4.0,23586.0,515.0,,27594.0,3948.0,422.0,177883.0
316,Sunshine Coast,sa4,QLD,2023,2022-23,26263.0,12996.0,4275.0,1069.0,44603.0,4641.0,1791.0,134.0,20.0,6586.0,4338.0,1267.0,253.0,32.0,5890.0,1514.0,99.0,1742.0,121.0,9426.0,1231.0,2841.0,1895.0,1858.0,389.0,1924.0,5883.0,6064.0,1965.0,90.0,828.0,3631.0,710.0,2355.0,37.0,9898.0,15111.0,16681.0,1842.0,637.0,434.0,2134.0,3102.0,1293.0,43.0,11.0,3.0,2532.0,2077.0,1232.0,75.0,16.0,13.0,2584.0,1107.0,3691.0,3707.0,1456.0,538.0,1994.0,2035.0,717.0,2752.0,6107.0,973000.0,3349.0,690000.0,,,,,,,,,,,,,,,,,,,,,,,,,,,,,,,,,,,,,,,,,,,,,,,,,,,,,,,,,
316,Sunshine Coast,sa4,QLD,2024,2023-24,27603.0,13012.0,4410.0,1126.0,46151.0,5022.0,1784.0,147.0,17.0,6964.0,4574.0,1149.0,244.0,35.0,6002.0,1507.0,90.0,1760.0,128.0,9692.0,1212.0,2857.0,1931.0,1962.0,394.0,2034.0,6034.0,6249.0,2063.0,90.0,881.0,4011.0,758.0,2489.0,22.0,9959.0,15500.0,17520.0,2003.0,679.0,490.0,2302.0,3199.0,1408.0,51.0,7.0,,2512.0,2161.0,1229.0,64.0,17.0,16.0,2153.0,1515.0,3668.0,3668.0,1440.0,796.0,2236.0,2280.0,732.0,3012.0,,,,,,,,,,,,,,,,,,,,,,,,,,,,,,,,,,,,,,,,,,,,,,,,,,,,,,,,,,,,,
317,Toowoomba,sa4,QLD,2011,2010-11,,,,,,,,,,,,,,,,,,,,,,,,,,,,,,,,,,,,,,,,,,,,,,,,,,,,,,,,,,,,,,,,,,,,,,,,,,,,,,,,123085.0,4596.0,40288.0,564.0,10600.0,712508.0,,,,,,,3.8,1.6,9.0,1.1,8.0,3.9,11.4,6.1,4.7,1.0,3.0,1.3,4.5,2.4,6.8,10.4,13.9,0.9,4.1,2.0,64140.0,,,,,,,,,,,,
317,Toowoomba,sa4,QLD,2016,2015-16,,,,,,,,,,,,,,,,,,,,,,,,,,,,,,,,,,,,,,,,,,,,,,,,,,,,,,,,,,,,,,,,,,,,65.0,195.0,263.0,25.0,21.0,35.0,32.0,25.0,26.0,37.0,35.0,35.0,52565.0,5951.0,13489.0,474.0,6808.0,1441127.0,5865.0,,,260.9,197.7,53.6,4.5,1.6,6.5,1.1,8.6,3.0,9.8,6.3,4.2,0.8,2.8,1.5,4.7,2.6,6.7,11.5,15.1,1.0,4.2,3.5,66388.0,,,,,,,,,,,,
317,Toowoomba,sa4,QLD,2017,2016-17,,,,,,,,,,,,,,,,,,,,,,,,,,,,,,,,,,,,,,,,,,,,,,,,,,,,,,,,,,,,,,,,,,,,55.0,196.0,245.0,25.0,17.0,38.0,25.0,26.0,25.0,30.0,40.0,28.0,,,,,,,,,,,,,,,,,,,,,,,,,,,,,,,,,,811.0,53.0,51681.0,498.0,,9071.0,69.0,,3142.0,1378.0,53.0,63958.0
317,Toowoomba,sa4,QLD,2018,2017-18,,,,,,,,,,,,,,,,,,,,,,,,,,,,,,,,,,,,,,,,,,,,,,,,,,,,,,,,,,,,,,,,2502.0,380000.0,402.0,294500.0,72.0,221.0,294.0,26.0,24.0,43.0,44.0,31.0,26.0,27.0,45.0,17.0,,,,,,,,,,,,,,,,,,,,,,,,,,,,,,,,,,859.0,45.0,52495.0,385.0,,9456.0,43.0,,3185.0,1287.0,45.0,65200.0
317,Toowoomba,sa4,QLD,2019,2018-19,,,,,,,,,,,,,,,,,,,,,,,,,,,,,,,,,,,,,,,,,,,,,,,,,,,,,,570.0,188.0,758.0,764.0,194.0,48.0,242.0,260.0,198.0,457.0,2331.0,385000.0,359.0,273750.0,53.0,202.0,253.0,25.0,27.0,30.0,37.0,23.0,25.0,35.0,55.0,8.0,,,,,,,,,,,,,,,,,,,,,,,,,,,,,,,,,,752.0,37.0,53210.0,249.0,,9705.0,30.0,,3215.0,1031.0,37.0,66194.0
317,Toowoomba,sa4,QLD,2020,2019-20,7857.0,3158.0,1403.0,380.0,12798.0,,,,,,,,,,,1402.0,50.0,541.0,36.0,2387.0,366.0,807.0,413.0,957.0,64.0,510.0,1494.0,1168.0,543.0,31.0,158.0,970.0,153.0,735.0,13.0,3457.0,4012.0,4387.0,580.0,191.0,171.0,,,,,,,,,,,,,534.0,117.0,651.0,651.0,200.0,25.0,226.0,242.0,286.0,528.0,2412.0,381500.0,388.0,280000.0,47.0,157.0,207.0,8.0,18.0,25.0,33.0,18.0,25.0,17.0,38.0,24.0,,,,,,,,,,,,,,,,,,,,,,,,,,,,,,,,,,509.0,60.0,53659.0,133.0,,9838.0,5.0,,3220.0,647.0,60.0,66781.0
317,Toowoomba,sa4,QLD,2021,2020-21,7842.0,3646.0,1431.0,375.0,13294.0,1273.0,508.0,60.0,9.0,1850.0,1142.0,207.0,50.0,8.0,1407.0,1469.0,42.0,525.0,38.0,2411.0,383.0,813.0,449.0,1013.0,73.0,544.0,1548.0,1232.0,538.0,31.0,167.0,1065.0,176.0,767.0,10.0,3759.0,4071.0,4535.0,549.0,205.0,175.0,837.0,671.0,328.0,6.0,6.0,3.0,736.0,454.0,207.0,23.0,,3.0,1089.0,92.0,1181.0,1193.0,403.0,35.0,439.0,443.0,233.0,676.0,3617.0,410500.0,715.0,295000.0,28.0,77.0,100.0,15.0,11.0,10.0,22.0,3.0,10.0,9.0,15.0,15.0,121278.3,3405.7,23589.8,2919.7,6995.0,230239.4,8620.3,5720.8,214.4,226.2,193.6,25.2,4.6,1.4,6.7,1.2,8.4,2.4,9.4,6.2,3.9,0.6,2.5,1.2,4.8,2.5,5.9,11.0,18.7,1.0,4.2,3.7,75433.0,615.0,45.0,54229.0,88.0,1.0,9925.0,25.0,,3245.0,729.0,46.0,67464.0
317,Toowoomba,sa4,QLD,2022,2021-22,8279.0,3745.0,1471.0,421.0,13912.0,1404.0,535.0,71.0,9.0,2022.0,1067.0,314.0,63.0,14.0,1459.0,1505.0,54.0,568.0,32.0,2503.0,366.0,885.0,476.0,1052.0,76.0,560.0,1620.0,1254.0,578.0,30.0,184.0,1159.0,197.0,809.0,7.0,3635.0,4247.0,4930.0,656.0,230.0,220.0,825.0,776.0,397.0,14.0,4.0,3.0,733.0,456.0,206.0,23.0,3.0,3.0,841.0,139.0,980.0,996.0,356.0,47.0,403.0,430.0,180.0,610.0,3881.0,486250.0,986.0,324000.0,,,,,,,,,,,,,,,,,,,,,,,,,,,,,,,,,,,,,,,,,,,,,,972.0,56.0,55145.0,85.0,2.0,10008.0,3.0,,3248.0,1061.0,58.0,68467.0
317,Toowoomba,sa4,QLD,2023,2022-23,8791.0,3699.0,1562.0,455.0,14507.0,1486.0,556.0,73.0,14.0,2129.0,1261.0,333.0,72.0,12.0,1678.0,1552.0,58.0,597.0,36.0,2612.0,378.0,878.0,488.0,1053.0,79.0,593.0,1625.0,1326.0,634.0,34.0,178.0,1293.0,193.0,891.0,9.0,3562.0,4555.0,5174.0,705.0,258.0,253.0,738.0,921.0,440.0,20.0,8.0,,860.0,488.0,323.0,27.0,7.0,4.0,709.0,63.0,772.0,853.0,384.0,25.0,409.0,445.0,1538.0,1983.0,3018.0,538000.0,788.0,363250.0,,,,,,,,,,,,,,,,,,,,,,,,,,,,,,,,,,,,,,,,,,,,,,,,,,,,,,,,,
317,Toowoomba,sa4,QLD,2024,2023-24,8968.0,3673.0,1577.0,468.0,14686.0,1411.0,516.0,66.0,6.0,2001.0,1369.0,345.0,73.0,8.0,1795.0,1560.0,62.0,597.0,31.0,2579.0,392.0,874.0,493.0,1111.0,76.0,593.0,1623.0,1346.0,642.0,34.0,187.0,1382.0,190.0,909.0,4.0,3493.0,4574.0,5336.0,729.0,281.0,273.0,703.0,863.0,405.0,16.0,6.0,6.0,796.0,587.0,382.0,23.0,4.0,3.0,623.0,137.0,760.0,832.0,374.0,51.0,426.0,469.0,178.0,646.0,,,,,,,,,,,,,,,,,,,,,,,,,,,,,,,,,,,,,,,,,,,,,,,,,,,,,,,,,,,,,
318,Townsville,sa4,QLD,2011,2010-11,,,,,,,,,,,,,,,,,,,,,,,,,,,,,,,,,,,,,,,,,,,,,,,,,,,,,,,,,,,,,,,,,,,,,,,,,,,,,,,,6197634.0,123.0,638168.0,1355.0,2414.0,2.0,,,,,,,3.3,3.4,8.2,1.5,9.2,2.8,10.6,6.6,4.8,1.2,1.5,1.5,4.3,2.8,10.8,8.2,12.1,1.1,3.8,2.2,105997.0,,,,,,,,,,,,
318,Townsville,sa4,QLD,2016,2015-16,,,,,,,,,,,,,,,,,,,,,,,,,,,,,,,,,,,,,,,,,,,,,,,,,,,,,,,,,,,,,,,,,,,,149.0,404.0,552.0,48.0,40.0,69.0,84.0,62.0,49.0,73.0,68.0,52.0,6076286.0,47.0,521092.0,198.0,2156.0,,197413.0,,,994.6,687.0,299.0,3.5,2.7,5.5,1.5,7.7,2.1,9.7,7.2,4.5,1.1,1.5,1.5,4.1,3.0,12.4,9.6,14.0,1.2,3.8,3.4,103920.0,,,,,,,,,,,,
318,Townsville,sa4,QLD,2017,2016-17,,,,,,,,,,,,,,,,,,,,,,,,,,,,,,,,,,,,,,,,,,,,,,,,,,,,,,,,,,,,,,,,,,,,110.0,439.0,541.0,49.0,47.0,77.0,83.0,55.0,55.0,65.0,70.0,45.0,,,,,,,,,,,,,,,,,,,,,,,,,,,,,,,,,,770.0,22.0,80476.0,72.0,,11297.0,104.0,,7252.0,946.0,22.0,99115.0
318,Townsville,sa4,QLD,2018,2017-18,,,,,,,,,,,,,,,,,,,,,,,,,,,,,,,,,,,,,,,,,,,,,,,,,,,,,,,,,,,,,,,,2560.0,320000.0,510.0,275000.0,104.0,457.0,562.0,47.0,60.0,90.0,83.0,70.0,62.0,60.0,52.0,44.0,,,,,,,,,,,,,,,,,,,,,,,,,,,,,,,,,,762.0,19.0,81219.0,35.0,2.0,11330.0,16.0,,7268.0,813.0,21.0,99907.0
318,Townsville,sa4,QLD,2019,2018-19,,,,,,,,,,,,,,,,,,,,,,,,,,,,,,,,,,,,,,,,,,,,,,,,,,,,,,418.0,31.0,449.0,461.0,138.0,5.0,143.0,180.0,359.0,539.0,2377.0,315000.0,508.0,235000.0,93.0,352.0,448.0,26.0,48.0,69.0,76.0,66.0,31.0,46.0,49.0,28.0,,,,,,,,,,,,,,,,,,,,,,,,,,,,,,,,,,517.0,35.0,81701.0,40.0,,11370.0,,10.0,7258.0,557.0,45.0,100419.0
318,Townsville,sa4,QLD,2020,2019-20,9354.0,4260.0,1976.0,477.0,16067.0,,,,,,,,,,,2633.0,80.0,544.0,47.0,2821.0,315.0,920.0,679.0,1139.0,64.0,427.0,1664.0,1404.0,597.0,39.0,202.0,1223.0,169.0,1082.0,18.0,3567.0,4928.0,6404.0,774.0,238.0,156.0,,,,,,,,,,,,,514.0,69.0,583.0,583.0,168.0,25.0,193.0,234.0,332.0,566.0,2872.0,315000.0,564.0,249500.0,67.0,235.0,305.0,33.0,28.0,58.0,55.0,38.0,25.0,25.0,29.0,21.0,,,,,,,,,,,,,,,,,,,,,,,,,,,,,,,,,,457.0,38.0,82120.0,15.0,3.0,11382.0,4.0,,7262.0,476.0,41.0,100854.0
318,Townsville,sa4,QLD,2021,2020-21,9218.0,4758.0,2056.0,496.0,16528.0,1368.0,636.0,53.0,5.0,2062.0,1265.0,263.0,78.0,13.0,1619.0,2653.0,73.0,564.0,44.0,2872.0,327.0,982.0,692.0,1153.0,68.0,438.0,1701.0,1420.0,662.0,34.0,211.0,1301.0,187.0,1133.0,13.0,3877.0,4956.0,6459.0,812.0,250.0,174.0,907.0,742.0,397.0,9.0,4.0,3.0,807.0,453.0,334.0,14.0,,4.0,1146.0,41.0,1187.0,1193.0,353.0,17.0,370.0,436.0,438.0,874.0,4617.0,338000.0,1039.0,263000.0,44.0,129.0,176.0,20.0,17.0,27.0,26.0,19.0,10.0,24.0,12.0,17.0,6901365.3,187.8,651074.2,4056.3,1004.6,,138196.8,5000.8,1583.9,1049.7,675.0,363.8,3.2,3.2,5.3,1.4,8.1,1.9,9.1,7.2,4.1,0.7,1.3,1.3,4.2,2.6,11.4,9.5,16.7,1.2,3.9,3.7,111495.0,646.0,54.0,82712.0,28.0,,11410.0,6.0,7.0,7261.0,680.0,61.0,101473.0
318,Townsville,sa4,QLD,2022,2021-22,9627.0,4849.0,2066.0,542.0,17077.0,1606.0,692.0,58.0,12.0,2368.0,1312.0,377.0,94.0,10.0,1791.0,2671.0,75.0,589.0,52.0,2944.0,333.0,983.0,729.0,1140.0,73.0,475.0,1768.0,1485.0,685.0,36.0,230.0,1402.0,204.0,1200.0,10.0,3868.0,4951.0,6895.0,867.0,298.0,195.0,930.0,942.0,474.0,23.0,6.0,3.0,809.0,456.0,335.0,12.0,,4.0,779.0,48.0,827.0,913.0,281.0,12.0,293.0,402.0,592.0,994.0,6055.0,370000.0,1549.0,279000.0,,,,,,,,,,,,,,,,,,,,,,,,,,,,,,,,,,,,,,,,,,,,,,918.0,54.0,83576.0,28.0,,11438.0,17.0,,7278.0,964.0,54.0,102383.0
318,Townsville,sa4,QLD,2023,2022-23,9869.0,4702.0,2089.0,587.0,17247.0,1576.0,671.0,58.0,6.0,2311.0,1624.0,459.0,113.0,13.0,2209.0,2644.0,76.0,605.0,53.0,2927.0,333.0,1004.0,709.0,1154.0,80.0,460.0,1749.0,1496.0,747.0,41.0,255.0,1475.0,205.0,1218.0,16.0,3644.0,5158.0,6938.0,945.0,330.0,232.0,789.0,1020.0,478.0,19.0,3.0,3.0,1009.0,718.0,465.0,29.0,3.0,3.0,680.0,91.0,771.0,782.0,276.0,29.0,306.0,374.0,1058.0,1433.0,5387.0,388000.0,1461.0,270000.0,,,,,,,,,,,,,,,,,,,,,,,,,,,,,,,,,,,,,,,,,,,,,,,,,,,,,,,,,
318,Townsville,sa4,QLD,2024,2023-24,9996.0,4645.0,2116.0,592.0,17349.0,1600.0,619.0,80.0,6.0,2308.0,1696.0,423.0,109.0,16.0,2244.0,2604.0,77.0,614.0,44.0,2935.0,327.0,977.0,682.0,1172.0,68.0,482.0,1776.0,1508.0,741.0,44.0,242.0,1589.0,200.0,1250.0,13.0,3563.0,4993.0,7226.0,998.0,317.0,252.0,797.0,977.0,515.0,20.0,5.0,,975.0,762.0,461.0,34.0,10.0,3.0,607.0,73.0,680.0,717.0,277.0,18.0,295.0,376.0,453.0,829.0,,,,,,,,,,,,,,,,,,,,,,,,,,,,,,,,,,,,,,,,,,,,,,,,,,,,,,,,,,,,,
319,Wide Bay,sa4,QLD,2011,2010-11,,,,,,,,,,,,,,,,,,,,,,,,,,,,,,,,,,,,,,,,,,,,,,,,,,,,,,,,,,,,,,,,,,,,,,,,,,,,,,,,3214761.1,31454.9,692454.4,1596.0,174848.4,,,,,,,,8.3,2.3,8.9,1.6,8.2,2.7,12.3,6.9,4.1,0.8,1.4,1.4,3.2,2.8,5.5,8.4,14.0,0.7,3.9,2.5,100166.0,,,,,,,,,,,,
319,Wide Bay,sa4,QLD,2016,2015-16,,,,,,,,,,,,,,,,,,,,,,,,,,,,,,,,,,,,,,,,,,,,,,,,,,,,,,,,,,,,,,,,,,,,124.0,412.0,534.0,35.0,35.0,82.0,52.0,42.0,55.0,55.0,85.0,105.0,2833719.5,28369.9,684418.5,2226.0,161090.4,23165.9,75911.7,,,1399.5,860.1,492.5,8.5,2.2,6.7,1.4,8.0,1.9,11.4,7.1,3.8,0.8,1.2,1.5,3.2,3.2,5.4,9.2,15.3,0.8,4.0,4.4,99864.0,,,,,,,,,,,,
319,Wide Bay,sa4,QLD,2017,2016-17,,,,,,,,,,,,,,,,,,,,,,,,,,,,,,,,,,,,,,,,,,,,,,,,,,,,,,,,,,,,,,,,,,,,121.0,394.0,520.0,43.0,28.0,82.0,68.0,48.0,42.0,52.0,88.0,71.0,,,,,,,,,,,,,,,,,,,,,,,,,,,,,,,,,,1514.0,36.0,118576.0,141.0,,9228.0,34.0,,6158.0,1689.0,36.0,134122.0
319,Wide Bay,sa4,QLD,2018,2017-18,,,,,,,,,,,,,,,,,,,,,,,,,,,,,,,,,,,,,,,,,,,,,,,,,,,,,,,,,,,,,,,,5415.0,308000.0,605.0,250000.0,113.0,403.0,519.0,33.0,35.0,73.0,56.0,45.0,48.0,53.0,88.0,96.0,,,,,,,,,,,,,,,,,,,,,,,,,,,,,,,,,,1445.0,37.0,119984.0,83.0,,9311.0,18.0,,6176.0,1546.0,37.0,135631.0
319,Wide Bay,sa4,QLD,2019,2018-19,,,,,,,,,,,,,,,,,,,,,,,,,,,,,,,,,,,,,,,,,,,,,,,,,,,,,,1391.0,53.0,1444.0,1444.0,504.0,15.0,519.0,551.0,178.0,729.0,5158.0,310000.0,623.0,257750.0,105.0,364.0,464.0,32.0,39.0,71.0,68.0,34.0,39.0,45.0,77.0,71.0,,,,,,,,,,,,,,,,,,,,,,,,,,,,,,,,,,1471.0,46.0,121409.0,75.0,,9386.0,14.0,,6190.0,1560.0,46.0,137145.0
319,Wide Bay,sa4,QLD,2020,2019-20,13374.0,5252.0,2199.0,526.0,21351.0,,,,,,,,,,,5763.0,82.0,903.0,84.0,3452.0,487.0,1310.0,883.0,1190.0,70.0,418.0,2004.0,1240.0,662.0,50.0,219.0,1174.0,184.0,1160.0,16.0,5782.0,7019.0,7365.0,746.0,226.0,213.0,,,,,,,,,,,,,1324.0,92.0,1416.0,1419.0,457.0,29.0,486.0,525.0,348.0,873.0,5441.0,315000.0,683.0,252500.0,81.0,266.0,344.0,29.0,24.0,58.0,48.0,27.0,27.0,24.0,49.0,52.0,,,,,,,,,,,,,,,,,,,,,,,,,,,,,,,,,,1303.0,64.0,122648.0,63.0,,9449.0,4.0,,6194.0,1370.0,64.0,138451.0
319,Wide Bay,sa4,QLD,2021,2020-21,13310.0,5961.0,2323.0,509.0,22103.0,1796.0,771.0,105.0,8.0,2680.0,1668.0,368.0,84.0,8.0,2128.0,5813.0,82.0,926.0,90.0,3599.0,511.0,1342.0,918.0,1192.0,69.0,452.0,2052.0,1323.0,705.0,52.0,221.0,1295.0,203.0,1242.0,16.0,6091.0,7299.0,7421.0,805.0,261.0,226.0,1130.0,1062.0,464.0,12.0,7.0,5.0,1065.0,703.0,379.0,17.0,8.0,3.0,2510.0,58.0,2568.0,2583.0,778.0,13.0,792.0,853.0,286.0,1139.0,9149.0,350000.0,1290.0,278000.0,45.0,130.0,167.0,9.0,10.0,22.0,29.0,13.0,3.0,17.0,22.0,42.0,2968590.2,24041.1,660689.2,16941.8,149871.1,9687.1,81284.4,6041.4,23702.6,1655.4,1164.0,451.2,8.2,2.2,6.7,1.3,8.6,1.6,10.5,6.9,3.5,0.5,1.2,1.3,3.1,3.0,5.2,8.7,18.1,0.8,4.0,4.7,113315.0,1507.0,60.0,124095.0,62.0,1.0,9510.0,,,6194.0,1569.0,61.0,139959.0
319,Wide Bay,sa4,QLD,2022,2021-22,14094.0,5975.0,2505.0,563.0,23141.0,2240.0,795.0,87.0,13.0,3138.0,1733.0,540.0,112.0,15.0,2399.0,5860.0,85.0,956.0,93.0,3788.0,530.0,1390.0,961.0,1207.0,78.0,472.0,2141.0,1412.0,787.0,54.0,240.0,1492.0,225.0,1354.0,18.0,5912.0,7633.0,8092.0,926.0,315.0,264.0,1166.0,1356.0,573.0,28.0,6.0,6.0,1066.0,698.0,380.0,18.0,7.0,3.0,2080.0,117.0,2197.0,2216.0,738.0,31.0,769.0,830.0,353.0,1183.0,9685.0,430000.0,1278.0,335000.0,,,,,,,,,,,,,,,,,,,,,,,,,,,,,,,,,,,,,,,,,,,,,,2230.0,80.0,126245.0,67.0,,9577.0,,,6194.0,2297.0,80.0,142176.0
319,Wide Bay,sa4,QLD,2023,2022-23,14743.0,5941.0,2532.0,602.0,23818.0,2214.0,876.0,83.0,3.0,3176.0,2228.0,590.0,173.0,14.0,3005.0,5807.0,82.0,995.0,96.0,4021.0,533.0,1386.0,934.0,1203.0,96.0,486.0,2188.0,1491.0,861.0,64.0,242.0,1681.0,225.0,1409.0,18.0,5976.0,7897.0,8316.0,1004.0,345.0,280.0,1049.0,1455.0,654.0,13.0,4.0,,1326.0,1050.0,651.0,44.0,12.0,5.0,2001.0,129.0,2130.0,2156.0,905.0,45.0,950.0,1026.0,475.0,1501.0,6789.0,495000.0,913.0,390000.0,,,,,,,,,,,,,,,,,,,,,,,,,,,,,,,,,,,,,,,,,,,,,,,,,,,,,,,,,
319,Wide Bay,sa4,QLD,2024,2023-24,15117.0,5956.0,2522.0,641.0,24236.0,2233.0,817.0,79.0,17.0,3141.0,2278.0,585.0,138.0,20.0,3021.0,5725.0,88.0,990.0,88.0,4171.0,501.0,1368.0,934.0,1220.0,94.0,511.0,2237.0,1560.0,888.0,66.0,257.0,1879.0,237.0,1424.0,14.0,5974.0,7972.0,8599.0,1018.0,360.0,313.0,1050.0,1386.0,671.0,23.0,13.0,3.0,1301.0,1041.0,629.0,33.0,15.0,4.0,1969.0,221.0,2190.0,2216.0,987.0,68.0,1055.0,1131.0,1999.0,3131.0,,,,,,,,,,,,,,,,,,,,,,,,,,,,,,,,,,,,,,,,,,,,,,,,,,,,,,,,,,,,,
401,Adelaide - Central and Hills,sa4,SA,2011,2010-11,,,,,,,,,,,,,,,,,,,,,,,,,,,,,,,,,,,,,,,,,,,,,,,,,,,,,,,,,,,,,,,,,,,,,,,,,,,,,,,,59799.0,4968.0,14685.0,61004.0,,,,,,,,,1.3,1.1,6.8,1.2,6.5,3.4,10.1,6.6,2.6,1.9,3.7,1.7,9.7,3.1,7.7,10.4,15.2,1.6,3.5,1.7,137000.0,,,,,,,,,,,,
401,Adelaide - Central and Hills,sa4,SA,2016,2015-16,,,,,,,,,,,,,,,,,,,,,,,,,,,,,,,,,,,,,,,,,,,,,,,,,,,,,,,,,,,,,,,,,,,,76.0,114.0,188.0,26.0,26.0,29.0,18.0,24.0,22.0,6.0,11.0,24.0,84278.0,4614.0,18549.0,55964.0,5405.0,577029.0,1352.0,,,219.8,170.9,39.3,1.5,1.1,5.4,1.1,6.6,2.6,9.5,7.0,2.7,1.7,3.6,1.8,9.8,3.0,7.6,10.9,16.0,1.7,3.6,3.0,137697.0,,,,,,,,,,,,
401,Adelaide - Central and Hills,sa4,SA,2017,2016-17,,,,,,,,,,,,,,,,,,,,,,,,,,,,,,,,,,,,,,,,,,,,,,,,,,,,,,,,,,,,,,,,,,,,51.0,120.0,171.0,17.0,28.0,21.0,18.0,30.0,11.0,13.0,21.0,14.0,,,,,,,,,,,,,,,,,,,,,,,,,,,,,,,,,,1069.0,555.0,86259.0,335.0,41.0,23739.0,674.0,27.0,20141.0,2078.0,623.0,130324.0
401,Adelaide - Central and Hills,sa4,SA,2018,2017-18,,,,,,,,,,,,,,,,,,,,,,,,,,,,,,,,,,,,,,,,,,,,,,,,,,,,,,,,,,,,,,,,3375.0,680000.0,2237.0,438000.0,72.0,122.0,191.0,29.0,32.0,33.0,21.0,24.0,17.0,17.0,16.0,15.0,,,,,,,,,,,,,,,,,,,,,,,,,,,,,,,,,,1231.0,619.0,86871.0,320.0,54.0,24005.0,843.0,70.0,20914.0,2394.0,743.0,131975.0
401,Adelaide - Central and Hills,sa4,SA,2019,2018-19,,,,,,,,,,,,,,,,,,,,,,,,,,,,,,,,,,,,,,,,,,,,,,,,,,,,,,1265.0,1188.0,2453.0,2478.0,551.0,308.0,859.0,871.0,746.0,1617.0,3222.0,705000.0,2364.0,465000.0,77.0,108.0,184.0,26.0,34.0,20.0,23.0,18.0,18.0,13.0,21.0,18.0,,,,,,,,,,,,,,,,,,,,,,,,,,,,,,,,,,1279.0,577.0,87573.0,599.0,49.0,24555.0,883.0,5.0,21792.0,2770.0,631.0,134114.0
401,Adelaide - Central and Hills,sa4,SA,2020,2019-20,29450.0,9121.0,4052.0,1175.0,43798.0,,,,,,,,,,,1770.0,239.0,1329.0,108.0,5382.0,1776.0,2316.0,2030.0,1822.0,414.0,3051.0,7615.0,6973.0,1626.0,78.0,630.0,4480.0,519.0,1531.0,109.0,12077.0,13633.0,15069.0,1830.0,640.0,549.0,,,,,,,,,,,,,1312.0,1665.0,2977.0,2994.0,590.0,514.0,1104.0,1126.0,621.0,1747.0,3167.0,700000.0,2617.0,482000.0,50.0,81.0,131.0,18.0,13.0,13.0,20.0,17.0,13.0,11.0,17.0,14.0,,,,,,,,,,,,,,,,,,,,,,,,,,,,,,,,,,1053.0,669.0,87957.0,590.0,41.0,25104.0,610.0,45.0,22357.0,2253.0,755.0,135612.0
401,Adelaide - Central and Hills,sa4,SA,2021,2020-21,29038.0,10472.0,4217.0,1177.0,44904.0,4298.0,1274.0,160.0,32.0,5764.0,3966.0,542.0,149.0,19.0,4676.0,1753.0,232.0,1335.0,128.0,5516.0,1764.0,2383.0,2176.0,1827.0,440.0,3107.0,7801.0,7139.0,1646.0,82.0,675.0,4668.0,549.0,1586.0,97.0,12950.0,13998.0,14954.0,1831.0,610.0,561.0,2568.0,2047.0,1073.0,49.0,13.0,14.0,2461.0,1238.0,813.0,59.0,15.0,18.0,1570.0,942.0,2512.0,2527.0,705.0,334.0,1039.0,1081.0,1227.0,2308.0,3678.0,772000.0,3165.0,501900.0,22.0,37.0,62.0,11.0,11.0,10.0,10.0,6.0,3.0,3.0,4.0,13.0,51697.6,4137.9,16675.2,71426.7,,484545.4,816.7,307.0,1511.2,256.0,213.3,26.4,1.5,1.1,5.3,1.2,7.0,2.1,8.7,7.1,2.7,1.4,3.7,1.7,10.7,3.2,7.0,10.5,17.0,1.8,3.5,2.7,158835.0,1312.0,666.0,88603.0,513.0,26.0,25591.0,1154.0,49.0,23462.0,2981.0,741.0,137852.0
401,Adelaide - Central and Hills,sa4,SA,2022,2021-22,30049.0,10834.0,4366.0,1239.0,46485.0,4933.0,1394.0,173.0,29.0,6538.0,3988.0,791.0,182.0,40.0,4995.0,1752.0,233.0,1371.0,134.0,5780.0,1830.0,2424.0,2252.0,1821.0,479.0,3231.0,8141.0,7332.0,1717.0,86.0,732.0,4823.0,597.0,1686.0,75.0,12617.0,14330.0,16067.0,2101.0,739.0,636.0,2752.0,2487.0,1197.0,70.0,16.0,22.0,2456.0,1233.0,815.0,61.0,12.0,16.0,1518.0,1132.0,2650.0,2651.0,769.0,526.0,1295.0,1329.0,3467.0,4796.0,3675.0,950000.0,3239.0,530000.0,,,,,,,,,,,,,,,,,,,,,,,,,,,,,,,,,,,,,,,,,,,,,,1257.0,544.0,89316.0,466.0,39.0,26018.0,423.0,18.0,23867.0,2146.0,601.0,139397.0
401,Adelaide - Central and Hills,sa4,SA,2023,2022-23,31270.0,10265.0,4474.0,1383.0,47392.0,4894.0,1234.0,158.0,17.0,6303.0,4377.0,993.0,252.0,37.0,5659.0,1737.0,238.0,1432.0,136.0,5886.0,1909.0,2440.0,2225.0,1950.0,471.0,3292.0,8193.0,7374.0,1756.0,87.0,746.0,5082.0,602.0,1741.0,95.0,12543.0,14733.0,16356.0,2254.0,788.0,718.0,2496.0,2505.0,1214.0,56.0,22.0,10.0,2752.0,1533.0,1134.0,109.0,40.0,21.0,1516.0,1123.0,2639.0,2654.0,842.0,621.0,1464.0,1429.0,1222.0,2651.0,3145.0,960000.0,2694.0,565000.0,,,,,,,,,,,,,,,,,,,,,,,,,,,,,,,,,,,,,,,,,,,,,,,,,,,,,,,,,
401,Adelaide - Central and Hills,sa4,SA,2024,2023-24,32673.0,10080.0,4472.0,1427.0,48652.0,5342.0,1298.0,174.0,28.0,6845.0,4503.0,863.0,223.0,48.0,5637.0,1685.0,230.0,1445.0,152.0,6036.0,2076.0,2420.0,2233.0,2058.0,464.0,3389.0,8482.0,7473.0,1837.0,94.0,783.0,5304.0,616.0,1802.0,61.0,12626.0,14966.0,17074.0,2385.0,813.0,788.0,2608.0,2762.0,1387.0,59.0,11.0,13.0,2767.0,1647.0,1077.0,106.0,25.0,17.0,1321.0,682.0,2003.0,2033.0,861.0,379.0,1240.0,1298.0,950.0,2248.0,,,,,,,,,,,,,,,,,,,,,,,,,,,,,,,,,,,,,,,,,,,,,,,,,,,,,,,,,,,,,
402,Adelaide - North,sa4,SA,2011,2010-11,,,,,,,,,,,,,,,,,,,,,,,,,,,,,,,,,,,,,,,,,,,,,,,,,,,,,,,,,,,,,,,,,,,,,,,,,,,,,,,,23180.0,7.0,2153.0,10044.0,7992.0,,,,,,,,1.2,0.6,13.9,1.4,8.2,3.9,12.1,5.5,5.2,1.4,2.8,1.1,4.2,3.9,8.3,6.4,12.7,1.0,4.2,2.0,175253.0,,,,,,,,,,,,
402,Adelaide - North,sa4,SA,2016,2015-16,,,,,,,,,,,,,,,,,,,,,,,,,,,,,,,,,,,,,,,,,,,,,,,,,,,,,,,,,,,,,,,,,,,,121.0,467.0,587.0,48.0,31.0,82.0,60.0,78.0,42.0,68.0,91.0,96.0,26966.0,70.0,1863.0,46924.0,14259.0,288897.0,8834.0,,,147.6,119.9,25.7,1.6,0.6,10.0,1.3,8.3,3.3,11.6,6.1,5.3,1.2,2.5,1.1,4.3,4.1,7.9,7.3,14.4,1.1,4.1,3.7,180182.0,,,,,,,,,,,,
402,Adelaide - North,sa4,SA,2017,2016-17,,,,,,,,,,,,,,,,,,,,,,,,,,,,,,,,,,,,,,,,,,,,,,,,,,,,,,,,,,,,,,,,,,,,115.0,502.0,616.0,47.0,36.0,93.0,76.0,66.0,52.0,65.0,95.0,90.0,,,,,,,,,,,,,,,,,,,,,,,,,,,,,,,,,,2236.0,489.0,143958.0,183.0,36.0,24296.0,86.0,,6271.0,2505.0,525.0,174570.0
402,Adelaide - North,sa4,SA,2018,2017-18,,,,,,,,,,,,,,,,,,,,,,,,,,,,,,,,,,,,,,,,,,,,,,,,,,,,,,,,,,,,,,,,5994.0,366000.0,1201.0,255000.0,113.0,543.0,657.0,51.0,42.0,82.0,81.0,81.0,63.0,79.0,83.0,97.0,,,,,,,,,,,,,,,,,,,,,,,,,,,,,,,,,,2262.0,563.0,145657.0,266.0,110.0,24452.0,139.0,,6410.0,2667.0,673.0,176564.0
402,Adelaide - North,sa4,SA,2019,2018-19,,,,,,,,,,,,,,,,,,,,,,,,,,,,,,,,,,,,,,,,,,,,,,,,,,,,,,2240.0,268.0,2508.0,2535.0,516.0,47.0,563.0,575.0,547.0,1122.0,5536.0,375000.0,1114.0,255000.0,87.0,418.0,505.0,42.0,37.0,64.0,63.0,45.0,43.0,48.0,88.0,77.0,,,,,,,,,,,,,,,,,,,,,,,,,,,,,,,,,,2369.0,580.0,147446.0,327.0,113.0,24666.0,46.0,,6456.0,2742.0,693.0,178613.0
402,Adelaide - North,sa4,SA,2020,2019-20,16539.0,4820.0,1884.0,535.0,23778.0,,,,,,,,,,,1149.0,40.0,1158.0,105.0,5359.0,879.0,1404.0,902.0,3650.0,157.0,633.0,1947.0,1680.0,1393.0,73.0,258.0,1318.0,231.0,1406.0,36.0,6547.0,8778.0,7078.0,801.0,279.0,295.0,,,,,,,,,,,,,2403.0,235.0,2638.0,2735.0,571.0,49.0,620.0,646.0,892.0,1538.0,5271.0,380000.0,1123.0,254000.0,91.0,329.0,414.0,26.0,22.0,54.0,55.0,43.0,22.0,46.0,61.0,73.0,,,,,,,,,,,,,,,,,,,,,,,,,,,,,,,,,,1959.0,463.0,148942.0,160.0,42.0,24784.0,83.0,,6539.0,2202.0,505.0,180310.0
402,Adelaide - North,sa4,SA,2021,2020-21,16545.0,5909.0,1905.0,542.0,24901.0,3365.0,913.0,75.0,5.0,4358.0,2769.0,356.0,75.0,15.0,3215.0,1193.0,33.0,1185.0,110.0,5614.0,885.0,1509.0,941.0,3692.0,159.0,662.0,2023.0,1818.0,1539.0,70.0,276.0,1431.0,225.0,1511.0,25.0,7239.0,8979.0,7232.0,878.0,281.0,292.0,1841.0,1820.0,669.0,22.0,4.0,,1670.0,1029.0,494.0,24.0,7.0,8.0,4148.0,274.0,4422.0,4458.0,997.0,56.0,1053.0,1074.0,765.0,1839.0,6706.0,410000.0,1583.0,275000.0,34.0,173.0,207.0,15.0,11.0,19.0,24.0,17.0,4.0,27.0,30.0,53.0,29935.0,,923.3,20629.2,10097.2,,12232.5,2805.7,702.0,237.3,220.2,12.1,1.7,0.7,8.6,1.3,9.1,2.9,10.5,6.0,5.4,1.0,2.4,1.0,4.7,4.4,7.3,7.7,16.0,1.1,4.2,3.9,206463.0,2459.0,793.0,150608.0,158.0,108.0,24834.0,24.0,60.0,6503.0,2641.0,961.0,181990.0
402,Adelaide - North,sa4,SA,2022,2021-22,17845.0,6404.0,2022.0,604.0,26875.0,4317.0,1038.0,84.0,28.0,5466.0,2861.0,548.0,85.0,18.0,3505.0,1216.0,36.0,1235.0,110.0,5949.0,921.0,1601.0,1029.0,4082.0,170.0,741.0,2134.0,1989.0,1686.0,75.0,324.0,1607.0,262.0,1679.0,25.0,7260.0,10006.0,7982.0,946.0,340.0,336.0,2152.0,2455.0,796.0,38.0,7.0,10.0,1671.0,1027.0,497.0,21.0,5.0,5.0,3514.0,278.0,3792.0,3809.0,894.0,58.0,953.0,977.0,563.0,1539.0,7604.0,495000.0,1928.0,315357.5,,,,,,,,,,,,,,,,,,,,,,,,,,,,,,,,,,,,,,,,,,,,,,3071.0,583.0,153096.0,191.0,80.0,24945.0,30.0,2.0,6531.0,3292.0,665.0,184617.0
402,Adelaide - North,sa4,SA,2023,2022-23,19197.0,6260.0,2144.0,665.0,28266.0,4393.0,1034.0,94.0,13.0,5534.0,4111.0,727.0,115.0,23.0,4976.0,1209.0,36.0,1243.0,113.0,6062.0,945.0,1659.0,1066.0,4698.0,181.0,773.0,2173.0,2043.0,1837.0,90.0,342.0,1730.0,283.0,1753.0,30.0,6966.0,10879.0,8650.0,1024.0,373.0,374.0,1784.0,2860.0,847.0,29.0,8.0,6.0,2289.0,1845.0,852.0,49.0,12.0,8.0,3306.0,301.0,3607.0,3683.0,1010.0,86.0,1096.0,1141.0,1242.0,2383.0,6732.0,555000.0,1566.0,365000.0,,,,,,,,,,,,,,,,,,,,,,,,,,,,,,,,,,,,,,,,,,,,,,,,,,,,,,,,,
402,Adelaide - North,sa4,SA,2024,2023-24,21036.0,6230.0,2281.0,679.0,30226.0,5240.0,1069.0,108.0,9.0,6426.0,3760.0,648.0,111.0,18.0,4537.0,1195.0,35.0,1242.0,113.0,6409.0,967.0,1634.0,1138.0,5558.0,194.0,795.0,2305.0,2106.0,1961.0,97.0,370.0,1981.0,289.0,1818.0,24.0,7392.0,11691.0,9227.0,1098.0,415.0,403.0,2145.0,3299.0,935.0,32.0,14.0,10.0,2058.0,1666.0,756.0,40.0,3.0,11.0,3220.0,332.0,3552.0,3680.0,1049.0,98.0,1146.0,1206.0,866.0,2071.0,,,,,,,,,,,,,,,,,,,,,,,,,,,,,,,,,,,,,,,,,,,,,,,,,,,,,,,,,,,,,
403,Adelaide - South,sa4,SA,2011,2010-11,,,,,,,,,,,,,,,,,,,,,,,,,,,,,,,,,,,,,,,,,,,,,,,,,,,,,,,,,,,,,,,,,,,,,,,,,,,,,,,,16594.0,556.0,3054.0,11752.0,,,,,,,,,0.7,0.9,9.1,1.5,8.3,3.3,11.8,5.9,3.5,1.6,3.8,1.4,6.0,3.5,7.2,8.8,15.7,1.4,4.1,1.7,164434.0,,,,,,,,,,,,
403,Adelaide - South,sa4,SA,2016,2015-16,,,,,,,,,,,,,,,,,,,,,,,,,,,,,,,,,,,,,,,,,,,,,,,,,,,,,,,,,,,,,,,,,,,,96.0,234.0,325.0,46.0,27.0,55.0,47.0,31.0,25.0,25.0,37.0,33.0,12348.0,514.0,1746.0,7664.0,,,915.0,,,60.0,50.0,4.6,0.8,0.9,6.6,1.3,8.5,2.5,10.9,6.5,3.5,1.5,3.5,1.4,5.9,3.7,7.3,9.5,17.2,1.6,4.0,3.0,164499.0,,,,,,,,,,,,
403,Adelaide - South,sa4,SA,2017,2016-17,,,,,,,,,,,,,,,,,,,,,,,,,,,,,,,,,,,,,,,,,,,,,,,,,,,,,,,,,,,,,,,,,,,,71.0,294.0,368.0,30.0,36.0,48.0,61.0,44.0,36.0,20.0,47.0,40.0,,,,,,,,,,,,,,,,,,,,,,,,,,,,,,,,,,1340.0,635.0,122433.0,608.0,34.0,23778.0,44.0,153.0,10549.0,1992.0,822.0,156888.0
403,Adelaide - South,sa4,SA,2018,2017-18,,,,,,,,,,,,,,,,,,,,,,,,,,,,,,,,,,,,,,,,,,,,,,,,,,,,,,,,,,,,,,,,4978.0,460000.0,1707.0,379500.0,97.0,298.0,394.0,31.0,33.0,57.0,51.0,61.0,31.0,24.0,51.0,51.0,,,,,,,,,,,,,,,,,,,,,,,,,,,,,,,,,,1401.0,702.0,123132.0,566.0,49.0,24295.0,28.0,7.0,10570.0,1996.0,758.0,158126.0
403,Adelaide - South,sa4,SA,2019,2018-19,,,,,,,,,,,,,,,,,,,,,,,,,,,,,,,,,,,,,,,,,,,,,,,,,,,,,,1626.0,422.0,2048.0,2072.0,511.0,85.0,597.0,613.0,243.0,856.0,4779.0,475250.0,1608.0,380000.0,80.0,249.0,324.0,32.0,34.0,53.0,38.0,42.0,27.0,22.0,38.0,34.0,,,,,,,,,,,,,,,,,,,,,,,,,,,,,,,,,,1515.0,593.0,124054.0,489.0,95.0,24689.0,152.0,1.0,10721.0,2156.0,689.0,159593.0
403,Adelaide - South,sa4,SA,2020,2019-20,15113.0,5101.0,1987.0,449.0,22650.0,,,,,,,,,,,805.0,44.0,1150.0,80.0,5037.0,820.0,1433.0,887.0,1558.0,187.0,824.0,2301.0,2779.0,1020.0,69.0,320.0,1791.0,317.0,1216.0,12.0,5803.0,8303.0,7407.0,708.0,248.0,181.0,,,,,,,,,,,,,1422.0,530.0,1952.0,2088.0,459.0,122.0,581.0,620.0,337.0,956.0,4516.0,478000.0,1597.0,385000.0,56.0,160.0,215.0,21.0,21.0,27.0,35.0,35.0,15.0,14.0,26.0,21.0,,,,,,,,,,,,,,,,,,,,,,,,,,,,,,,,,,1375.0,535.0,124894.0,367.0,67.0,24989.0,135.0,2.0,10854.0,1877.0,604.0,160866.0
403,Adelaide - South,sa4,SA,2021,2020-21,14803.0,5921.0,2092.0,411.0,23227.0,2378.0,723.0,67.0,6.0,3174.0,2268.0,298.0,69.0,13.0,2648.0,790.0,55.0,1165.0,79.0,5096.0,840.0,1485.0,914.0,1487.0,209.0,821.0,2306.0,2929.0,1073.0,68.0,366.0,1930.0,322.0,1276.0,16.0,6220.0,8420.0,7436.0,708.0,254.0,189.0,1220.0,1400.0,526.0,19.0,7.0,,1366.0,806.0,443.0,20.0,5.0,4.0,1773.0,535.0,2308.0,2343.0,589.0,123.0,713.0,741.0,520.0,1261.0,5047.0,535000.0,2045.0,420000.0,32.0,96.0,128.0,11.0,5.0,21.0,13.0,5.0,16.0,17.0,9.0,28.0,12671.3,423.5,2207.1,7110.8,2.4,,168.7,,130.8,72.8,64.2,2.6,0.8,1.1,5.9,1.4,9.2,2.1,9.8,6.3,3.3,1.1,3.5,1.3,6.8,3.9,6.8,9.6,18.8,1.5,4.0,2.8,182662.0,1423.0,615.0,125702.0,287.0,50.0,25226.0,147.0,13.0,10988.0,1857.0,678.0,162045.0
403,Adelaide - South,sa4,SA,2022,2021-22,15524.0,6088.0,2186.0,469.0,24266.0,2853.0,846.0,98.0,13.0,3808.0,2142.0,473.0,99.0,11.0,2727.0,807.0,57.0,1215.0,85.0,5354.0,835.0,1543.0,940.0,1489.0,212.0,840.0,2322.0,3023.0,1188.0,77.0,409.0,2124.0,348.0,1394.0,8.0,6019.0,8751.0,8155.0,824.0,277.0,240.0,1424.0,1688.0,653.0,25.0,10.0,5.0,1372.0,809.0,442.0,22.0,6.0,4.0,1451.0,490.0,1941.0,1957.0,567.0,137.0,704.0,737.0,550.0,1287.0,5360.0,655000.0,2144.0,461000.0,,,,,,,,,,,,,,,,,,,,,,,,,,,,,,,,,,,,,,,,,,,,,,1334.0,610.0,126426.0,365.0,46.0,25545.0,39.0,3.0,11024.0,1738.0,659.0,163124.0
403,Adelaide - South,sa4,SA,2023,2022-23,15938.0,5868.0,2278.0,522.0,24606.0,2771.0,750.0,73.0,10.0,3604.0,2863.0,612.0,138.0,17.0,3630.0,762.0,69.0,1229.0,81.0,5404.0,839.0,1484.0,933.0,1520.0,212.0,849.0,2378.0,3082.0,1213.0,70.0,399.0,2279.0,380.0,1411.0,12.0,5464.0,9268.0,8478.0,850.0,295.0,251.0,1058.0,1841.0,673.0,25.0,4.0,3.0,1684.0,1197.0,729.0,46.0,11.0,8.0,1409.0,566.0,1975.0,2022.0,646.0,193.0,838.0,883.0,397.0,1280.0,4737.0,715000.0,1795.0,522000.0,,,,,,,,,,,,,,,,,,,,,,,,,,,,,,,,,,,,,,,,,,,,,,,,,,,,,,,,,
403,Adelaide - South,sa4,SA,2024,2023-24,16528.0,5904.0,2292.0,557.0,25281.0,3059.0,806.0,111.0,13.0,3982.0,2641.0,522.0,136.0,22.0,3321.0,752.0,67.0,1213.0,85.0,5478.0,810.0,1482.0,969.0,1649.0,222.0,899.0,2426.0,3163.0,1235.0,59.0,421.0,2477.0,412.0,1459.0,9.0,5625.0,9258.0,8919.0,903.0,301.0,275.0,1295.0,1922.0,742.0,22.0,4.0,5.0,1387.0,1242.0,646.0,38.0,6.0,8.0,1316.0,436.0,1752.0,1797.0,641.0,151.0,791.0,836.0,845.0,1681.0,,,,,,,,,,,,,,,,,,,,,,,,,,,,,,,,,,,,,,,,,,,,,,,,,,,,,,,,,,,,,
404,Adelaide - West,sa4,SA,2011,2010-11,,,,,,,,,,,,,,,,,,,,,,,,,,,,,,,,,,,,,,,,,,,,,,,,,,,,,,,,,,,,,,,,,,,,,,,,,,,,,,,,238.0,19.0,114.0,7.0,,,,,,,,,0.5,0.7,11.0,1.4,7.1,4.1,10.9,6.8,5.2,1.7,3.5,1.4,6.0,3.6,7.7,7.3,13.1,1.7,4.1,2.0,100136.0,,,,,,,,,,,,
404,Adelaide - West,sa4,SA,2016,2015-16,,,,,,,,,,,,,,,,,,,,,,,,,,,,,,,,,,,,,,,,,,,,,,,,,,,,,,,,,,,,,,,,,,,,55.0,179.0,235.0,14.0,13.0,25.0,25.0,37.0,26.0,26.0,28.0,26.0,1874.0,,,2331.0,,,448.0,,,0.5,0.3,0.1,0.6,0.7,8.1,1.3,7.3,3.1,10.7,7.4,5.0,1.6,3.1,1.4,6.1,3.7,7.9,8.2,14.5,1.9,4.2,3.3,104684.0,,,,,,,,,,,,
404,Adelaide - West,sa4,SA,2017,2016-17,,,,,,,,,,,,,,,,,,,,,,,,,,,,,,,,,,,,,,,,,,,,,,,,,,,,,,,,,,,,,,,,,,,,53.0,194.0,244.0,15.0,20.0,30.0,26.0,23.0,31.0,26.0,24.0,41.0,,,,,,,,,,,,,,,,,,,,,,,,,,,,,,,,,,914.0,566.0,68025.0,406.0,125.0,24060.0,264.0,10.0,12317.0,1584.0,701.0,104582.0
404,Adelaide - West,sa4,SA,2018,2017-18,,,,,,,,,,,,,,,,,,,,,,,,,,,,,,,,,,,,,,,,,,,,,,,,,,,,,,,,,,,,,,,,2384.0,540750.0,1680.0,384500.0,51.0,204.0,262.0,29.0,30.0,29.0,33.0,29.0,23.0,23.0,39.0,21.0,,,,,,,,,,,,,,,,,,,,,,,,,,,,,,,,,,1224.0,673.0,68576.0,520.0,108.0,24472.0,243.0,106.0,12454.0,1988.0,887.0,105683.0
404,Adelaide - West,sa4,SA,2019,2018-19,,,,,,,,,,,,,,,,,,,,,,,,,,,,,,,,,,,,,,,,,,,,,,,,,,,,,,1190.0,766.0,1956.0,2017.0,367.0,174.0,540.0,562.0,240.0,802.0,2456.0,545000.0,1734.0,380000.0,48.0,182.0,231.0,22.0,20.0,36.0,30.0,26.0,15.0,23.0,26.0,19.0,,,,,,,,,,,,,,,,,,,,,,,,,,,,,,,,,,1277.0,537.0,69316.0,528.0,124.0,24876.0,594.0,3.0,13045.0,2401.0,664.0,107420.0
404,Adelaide - West,sa4,SA,2020,2019-20,12836.0,3839.0,1970.0,651.0,19296.0,,,,,,,,,,,227.0,43.0,1154.0,80.0,3354.0,899.0,1276.0,852.0,2346.0,135.0,738.0,2656.0,1825.0,1012.0,75.0,232.0,1149.0,249.0,964.0,30.0,5362.0,6262.0,5986.0,908.0,402.0,376.0,,,,,,,,,,,,,1241.0,911.0,2152.0,2357.0,376.0,225.0,601.0,651.0,468.0,1119.0,2244.0,560000.0,1496.0,385000.0,43.0,115.0,158.0,18.0,15.0,21.0,23.0,23.0,8.0,8.0,9.0,29.0,,,,,,,,,,,,,,,,,,,,,,,,,,,,,,,,,,1071.0,495.0,69892.0,292.0,121.0,25047.0,133.0,4.0,13174.0,1496.0,620.0,108296.0
404,Adelaide - West,sa4,SA,2021,2020-21,12746.0,4466.0,2075.0,656.0,19943.0,2308.0,646.0,92.0,13.0,3059.0,2035.0,284.0,64.0,7.0,2390.0,228.0,40.0,1157.0,77.0,3447.0,919.0,1339.0,925.0,2384.0,131.0,777.0,2689.0,1928.0,1027.0,73.0,246.0,1242.0,258.0,1030.0,26.0,5835.0,6408.0,5978.0,930.0,399.0,393.0,1355.0,1168.0,501.0,22.0,7.0,6.0,1277.0,691.0,410.0,24.0,10.0,3.0,1409.0,658.0,2067.0,2171.0,435.0,166.0,601.0,638.0,646.0,1284.0,2602.0,618000.0,2089.0,415000.0,19.0,53.0,76.0,8.0,13.0,11.0,13.0,12.0,6.0,3.0,8.0,12.0,,,,,,,,1.7,,0.1,0.1,,0.6,0.9,6.9,1.3,7.9,2.5,9.5,7.2,5.0,1.2,3.3,1.3,6.9,3.7,7.5,8.5,16.4,1.9,4.2,3.4,122985.0,1344.0,608.0,70628.0,444.0,59.0,25432.0,172.0,5.0,13341.0,1961.0,672.0,109585.0
404,Adelaide - West,sa4,SA,2022,2021-22,13487.0,4697.0,2207.0,724.0,21121.0,2861.0,755.0,87.0,17.0,3709.0,2072.0,370.0,83.0,13.0,2533.0,246.0,32.0,1182.0,83.0,3622.0,949.0,1443.0,966.0,2534.0,142.0,831.0,2801.0,2045.0,1108.0,71.0,270.0,1348.0,318.0,1114.0,17.0,5664.0,6925.0,6666.0,993.0,443.0,434.0,1527.0,1518.0,625.0,24.0,10.0,11.0,1276.0,693.0,412.0,26.0,8.0,3.0,1113.0,929.0,2042.0,2059.0,424.0,245.0,669.0,686.0,609.0,1295.0,2738.0,772000.0,2371.0,458444.0,,,,,,,,,,,,,,,,,,,,,,,,,,,,,,,,,,,,,,,,,,,,,,1132.0,563.0,71197.0,366.0,152.0,25646.0,365.0,2.0,13704.0,1863.0,717.0,110731.0
404,Adelaide - West,sa4,SA,2023,2022-23,13948.0,4503.0,2199.0,790.0,21440.0,2717.0,640.0,82.0,13.0,3452.0,2628.0,519.0,135.0,23.0,3305.0,241.0,32.0,1152.0,82.0,3585.0,940.0,1414.0,978.0,2648.0,143.0,869.0,2847.0,2113.0,1131.0,66.0,274.0,1429.0,331.0,1144.0,21.0,5325.0,7262.0,6823.0,1066.0,477.0,487.0,1160.0,1674.0,575.0,30.0,5.0,8.0,1584.0,1027.0,628.0,39.0,11.0,12.0,1032.0,644.0,1676.0,1727.0,472.0,203.0,674.0,703.0,636.0,1338.0,2521.0,808000.0,1831.0,499250.0,,,,,,,,,,,,,,,,,,,,,,,,,,,,,,,,,,,,,,,,,,,,,,,,,,,,,,,,,
404,Adelaide - West,sa4,SA,2024,2023-24,14583.0,4467.0,2213.0,814.0,22077.0,2946.0,678.0,95.0,11.0,3728.0,2374.0,439.0,106.0,15.0,2934.0,231.0,36.0,1142.0,81.0,3658.0,920.0,1404.0,993.0,2871.0,159.0,901.0,2859.0,2213.0,1140.0,72.0,288.0,1576.0,326.0,1186.0,16.0,5402.0,7463.0,7047.0,1129.0,509.0,527.0,1327.0,1696.0,645.0,49.0,10.0,6.0,1327.0,995.0,551.0,38.0,15.0,8.0,852.0,794.0,1646.0,1736.0,436.0,264.0,701.0,746.0,716.0,1462.0,,,,,,,,,,,,,,,,,,,,,,,,,,,,,,,,,,,,,,,,,,,,,,,,,,,,,,,,,,,,,
405,Barossa - Yorke - Mid North,sa4,SA,2011,2010-11,,,,,,,,,,,,,,,,,,,,,,,,,,,,,,,,,,,,,,,,,,,,,,,,,,,,,,,,,,,,,,,,,,,,,,,,,,,,,,,,3423780.7,7286.0,65870.0,2333158.8,165914.0,,,,,,,,14.6,1.8,13.3,1.2,6.8,2.9,10.6,6.4,4.3,0.7,1.3,0.8,2.4,3.0,4.5,7.4,11.9,0.7,3.4,1.8,45984.0,,,,,,,,,,,,
405,Barossa - Yorke - Mid North,sa4,SA,2016,2015-16,,,,,,,,,,,,,,,,,,,,,,,,,,,,,,,,,,,,,,,,,,,,,,,,,,,,,,,,,,,,,,,,,,,,19.0,87.0,108.0,3.0,11.0,19.0,9.0,9.0,12.0,9.0,19.0,19.0,3602942.6,6771.0,74685.0,2399719.8,171655.0,6636393.3,1242973.9,,,1688.0,1048.5,513.9,14.4,1.8,12.0,1.1,6.7,2.5,9.9,6.5,4.2,0.6,1.2,0.8,2.7,3.4,4.6,7.9,12.4,0.8,3.5,3.3,45981.0,,,,,,,,,,,,
405,Barossa - Yorke - Mid North,sa4,SA,2017,2016-17,,,,,,,,,,,,,,,,,,,,,,,,,,,,,,,,,,,,,,,,,,,,,,,,,,,,,,,,,,,,,,,,,,,,36.0,101.0,138.0,13.0,13.0,24.0,10.0,13.0,8.0,14.0,24.0,24.0,,,,,,,,,,,,,,,,,,,,,,,,,,,,,,,,,,521.0,80.0,56095.0,3.0,18.0,3418.0,1.0,,437.0,525.0,98.0,60073.0
405,Barossa - Yorke - Mid North,sa4,SA,2018,2017-18,,,,,,,,,,,,,,,,,,,,,,,,,,,,,,,,,,,,,,,,,,,,,,,,,,,,,,,,,,,,,,,,1709.0,265000.0,100.0,192000.0,30.0,110.0,140.0,9.0,10.0,20.0,12.0,14.0,14.0,22.0,12.0,20.0,,,,,,,,,,,,,,,,,,,,,,,,,,,,,,,,,,472.0,70.0,56497.0,23.0,2.0,3439.0,3.0,,440.0,500.0,72.0,60501.0
405,Barossa - Yorke - Mid North,sa4,SA,2019,2018-19,,,,,,,,,,,,,,,,,,,,,,,,,,,,,,,,,,,,,,,,,,,,,,,,,,,,,,484.0,32.0,516.0,516.0,137.0,11.0,148.0,153.0,88.0,241.0,1712.0,270000.0,84.0,202000.0,16.0,75.0,91.0,8.0,3.0,8.0,8.0,11.0,5.0,8.0,16.0,17.0,,,,,,,,,,,,,,,,,,,,,,,,,,,,,,,,,,490.0,82.0,56905.0,4.0,1.0,3442.0,,,440.0,494.0,83.0,60912.0
405,Barossa - Yorke - Mid North,sa4,SA,2020,2019-20,6776.0,2765.0,1124.0,183.0,10848.0,,,,,,,,,,,4076.0,25.0,555.0,49.0,1278.0,287.0,615.0,413.0,510.0,23.0,228.0,1184.0,495.0,202.0,15.0,47.0,336.0,81.0,422.0,7.0,2534.0,3395.0,4267.0,468.0,103.0,81.0,,,,,,,,,,,,,488.0,16.0,504.0,504.0,144.0,6.0,150.0,157.0,105.0,262.0,1697.0,270000.0,114.0,174500.0,32.0,63.0,97.0,12.0,9.0,10.0,17.0,,10.0,10.0,22.0,13.0,,,,,,,,,,,,,,,,,,,,,,,,,,,,,,,,,,426.0,68.0,57263.0,5.0,1.0,3446.0,,,440.0,431.0,69.0,61274.0
405,Barossa - Yorke - Mid North,sa4,SA,2021,2020-21,6721.0,2999.0,1105.0,168.0,10993.0,690.0,220.0,26.0,3.0,938.0,675.0,119.0,26.0,3.0,822.0,4023.0,30.0,568.0,48.0,1278.0,279.0,635.0,434.0,528.0,26.0,236.0,1236.0,531.0,216.0,15.0,58.0,338.0,83.0,424.0,7.0,2733.0,3331.0,4228.0,504.0,113.0,84.0,403.0,368.0,157.0,8.0,3.0,,396.0,275.0,143.0,14.0,4.0,,753.0,6.0,759.0,759.0,225.0,1.0,226.0,236.0,115.0,350.0,2523.0,280000.0,167.0,195000.0,16.0,40.0,55.0,,5.0,4.0,9.0,,9.0,12.0,5.0,9.0,3991163.8,4666.0,58365.5,2312766.3,95256.6,8766964.3,1438595.2,,296.1,2198.6,1624.0,440.2,13.1,2.2,11.3,1.3,7.4,2.3,9.2,6.6,4.2,0.5,1.1,0.7,2.7,3.7,4.3,8.3,13.3,0.8,3.6,3.3,48741.0,448.0,72.0,57639.0,12.0,3.0,3455.0,1.0,,441.0,461.0,75.0,61660.0
405,Barossa - Yorke - Mid North,sa4,SA,2022,2021-22,6942.0,2995.0,1135.0,204.0,11274.0,838.0,241.0,26.0,8.0,1108.0,692.0,185.0,45.0,3.0,918.0,4020.0,28.0,598.0,46.0,1315.0,297.0,628.0,437.0,522.0,27.0,248.0,1309.0,575.0,234.0,22.0,60.0,374.0,89.0,454.0,4.0,2486.0,3423.0,4517.0,608.0,155.0,87.0,391.0,484.0,219.0,18.0,5.0,,396.0,272.0,145.0,15.0,4.0,,653.0,23.0,676.0,676.0,208.0,4.0,212.0,226.0,213.0,439.0,2997.0,310000.0,200.0,240000.0,,,,,,,,,,,,,,,,,,,,,,,,,,,,,,,,,,,,,,,,,,,,,,577.0,78.0,58138.0,15.0,,3470.0,1.0,,442.0,593.0,78.0,62175.0
405,Barossa - Yorke - Mid North,sa4,SA,2023,2022-23,7130.0,2956.0,1087.0,212.0,11385.0,777.0,248.0,29.0,,1054.0,800.0,203.0,41.0,4.0,1048.0,3959.0,32.0,583.0,50.0,1391.0,291.0,644.0,449.0,523.0,25.0,256.0,1321.0,567.0,260.0,18.0,70.0,395.0,93.0,449.0,9.0,2431.0,3440.0,4504.0,729.0,167.0,114.0,361.0,462.0,220.0,8.0,3.0,,443.0,357.0,255.0,6.0,3.0,3.0,711.0,6.0,717.0,721.0,250.0,6.0,255.0,269.0,161.0,430.0,2411.0,350000.0,158.0,232500.0,,,,,,,,,,,,,,,,,,,,,,,,,,,,,,,,,,,,,,,,,,,,,,,,,,,,,,,,,
405,Barossa - Yorke - Mid North,sa4,SA,2024,2023-24,7359.0,2861.0,1118.0,212.0,11550.0,858.0,257.0,25.0,3.0,1150.0,786.0,192.0,46.0,8.0,1032.0,3951.0,32.0,598.0,44.0,1386.0,300.0,617.0,447.0,526.0,28.0,277.0,1395.0,603.0,269.0,18.0,71.0,440.0,88.0,450.0,3.0,2317.0,3461.0,4546.0,843.0,265.0,118.0,372.0,487.0,276.0,7.0,6.0,3.0,449.0,312.0,249.0,23.0,3.0,,542.0,3.0,545.0,558.0,209.0,1.0,210.0,229.0,246.0,475.0,,,,,,,,,,,,,,,,,,,,,,,,,,,,,,,,,,,,,,,,,,,,,,,,,,,,,,,,,,,,,
406,South Australia - Outback,sa4,SA,2011,2010-11,,,,,,,,,,,,,,,,,,,,,,,,,,,,,,,,,,,,,,,,,,,,,,,,,,,,,,,,,,,,,,,,,,,,,,,,,,,,,,,,42097384.4,12.0,258804.3,2780146.7,2339.2,,,,,,,,10.3,8.5,8.6,1.6,7.0,2.5,9.9,7.1,4.6,0.6,1.3,0.9,2.3,3.2,5.8,7.7,11.4,0.7,3.5,2.1,38048.0,,,,,,,,,,,,
406,South Australia - Outback,sa4,SA,2016,2015-16,,,,,,,,,,,,,,,,,,,,,,,,,,,,,,,,,,,,,,,,,,,,,,,,,,,,,,,,,,,,,,,,,,,,18.0,96.0,116.0,8.0,4.0,14.0,15.0,8.0,3.0,13.0,25.0,17.0,39502503.3,288.9,184689.9,2677410.8,906.7,,1090726.0,,,956.0,570.5,274.0,11.2,8.4,6.2,1.1,6.8,2.2,10.0,7.1,4.2,0.5,1.1,1.0,2.3,3.2,6.4,8.7,11.9,0.9,3.6,3.2,34656.0,,,,,,,,,,,,
406,South Australia - Outback,sa4,SA,2017,2016-17,,,,,,,,,,,,,,,,,,,,,,,,,,,,,,,,,,,,,,,,,,,,,,,,,,,,,,,,,,,,,,,,,,,,19.0,115.0,135.0,9.0,9.0,19.0,11.0,17.0,9.0,11.0,17.0,25.0,,,,,,,,,,,,,,,,,,,,,,,,,,,,,,,,,,195.0,29.0,33742.0,7.0,2.0,6906.0,1.0,,2067.0,203.0,31.0,42825.0
406,South Australia - Outback,sa4,SA,2018,2017-18,,,,,,,,,,,,,,,,,,,,,,,,,,,,,,,,,,,,,,,,,,,,,,,,,,,,,,,,,,,,,,,,730.0,240000.0,208.0,135000.0,16.0,79.0,92.0,13.0,4.0,9.0,12.0,10.0,6.0,5.0,12.0,15.0,,,,,,,,,,,,,,,,,,,,,,,,,,,,,,,,,,157.0,38.0,33861.0,2.0,5.0,6903.0,4.0,,2071.0,163.0,43.0,42945.0
406,South Australia - Outback,sa4,SA,2019,2018-19,,,,,,,,,,,,,,,,,,,,,,,,,,,,,,,,,,,,,,,,,,,,,,,,,,,,,,151.0,6.0,157.0,157.0,49.0,2.0,51.0,57.0,54.0,111.0,699.0,245000.0,190.0,131500.0,7.0,64.0,68.0,12.0,12.0,8.0,9.0,7.0,4.0,7.0,7.0,8.0,,,,,,,,,,,,,,,,,,,,,,,,,,,,,,,,,,171.0,51.0,33981.0,,13.0,6890.0,,,2071.0,171.0,64.0,43052.0
406,South Australia - Outback,sa4,SA,2020,2019-20,3581.0,1596.0,741.0,146.0,6064.0,,,,,,,,,,,2012.0,61.0,195.0,34.0,762.0,124.0,412.0,306.0,334.0,8.0,134.0,639.0,237.0,163.0,16.0,30.0,229.0,39.0,321.0,8.0,1305.0,1732.0,2564.0,311.0,89.0,63.0,,,,,,,,,,,,,130.0,26.0,156.0,165.0,43.0,4.0,47.0,57.0,236.0,293.0,728.0,240000.0,188.0,140000.0,10.0,56.0,71.0,5.0,3.0,11.0,8.0,9.0,,11.0,10.0,10.0,,,,,,,,,,,,,,,,,,,,,,,,,,,,,,,,,,137.0,35.0,34083.0,8.0,4.0,6894.0,,,2071.0,145.0,39.0,43158.0
406,South Australia - Outback,sa4,SA,2021,2020-21,3572.0,1672.0,769.0,125.0,6138.0,428.0,124.0,27.0,,579.0,397.0,63.0,28.0,7.0,495.0,2015.0,60.0,192.0,32.0,774.0,122.0,423.0,307.0,342.0,11.0,132.0,649.0,246.0,166.0,16.0,44.0,239.0,43.0,319.0,6.0,1388.0,1768.0,2541.0,299.0,90.0,52.0,220.0,254.0,94.0,9.0,3.0,3.0,255.0,134.0,96.0,3.0,3.0,,240.0,5.0,245.0,249.0,73.0,1.0,75.0,83.0,112.0,195.0,1155.0,255000.0,285.0,165000.0,8.0,31.0,37.0,,4.0,,5.0,4.0,8.0,8.0,3.0,12.0,37820805.6,14.7,153791.4,2313240.2,1468.6,,1395668.0,32.8,2.3,952.1,716.6,153.9,10.8,7.5,5.9,1.2,8.0,1.8,9.4,6.9,4.4,0.3,1.1,0.8,2.3,3.3,5.9,9.1,13.4,0.9,3.7,3.3,35871.0,138.0,37.0,34184.0,,8.0,6886.0,1.0,58.0,2014.0,139.0,103.0,43194.0
406,South Australia - Outback,sa4,SA,2022,2021-22,3713.0,1702.0,805.0,133.0,6354.0,515.0,158.0,22.0,3.0,696.0,379.0,81.0,28.0,3.0,489.0,2019.0,63.0,200.0,31.0,830.0,129.0,424.0,318.0,360.0,11.0,149.0,660.0,264.0,185.0,20.0,41.0,261.0,49.0,334.0,5.0,1297.0,1788.0,2739.0,365.0,93.0,70.0,274.0,280.0,128.0,4.0,6.0,3.0,255.0,135.0,94.0,3.0,3.0,,197.0,18.0,215.0,218.0,65.0,3.0,68.0,77.0,61.0,138.0,1524.0,260000.0,497.0,165000.0,,,,,,,,,,,,,,,,,,,,,,,,,,,,,,,,,,,,,,,,,,,,,,182.0,49.0,34317.0,23.0,10.0,6899.0,,1.0,2013.0,205.0,60.0,43339.0
406,South Australia - Outback,sa4,SA,2023,2022-23,3830.0,1722.0,777.0,145.0,6474.0,552.0,148.0,28.0,,728.0,486.0,96.0,39.0,8.0,629.0,2011.0,67.0,197.0,32.0,841.0,134.0,421.0,305.0,366.0,14.0,140.0,677.0,293.0,249.0,14.0,48.0,271.0,40.0,347.0,7.0,1229.0,1878.0,2691.0,458.0,138.0,80.0,222.0,358.0,145.0,3.0,,,268.0,196.0,157.0,15.0,4.0,,207.0,13.0,220.0,278.0,80.0,4.0,84.0,112.0,84.0,196.0,1310.0,290000.0,428.0,181750.0,,,,,,,,,,,,,,,,,,,,,,,,,,,,,,,,,,,,,,,,,,,,,,,,,,,,,,,,,
406,South Australia - Outback,sa4,SA,2024,2023-24,3972.0,1636.0,798.0,167.0,6573.0,560.0,151.0,25.0,5.0,739.0,519.0,88.0,34.0,5.0,646.0,1977.0,66.0,204.0,34.0,857.0,126.0,425.0,312.0,374.0,9.0,158.0,705.0,304.0,236.0,14.0,54.0,306.0,41.0,360.0,4.0,1215.0,1894.0,2676.0,526.0,178.0,84.0,247.0,321.0,165.0,8.0,,,265.0,220.0,151.0,9.0,3.0,,160.0,6.0,166.0,188.0,66.0,2.0,67.0,81.0,168.0,249.0,,,,,,,,,,,,,,,,,,,,,,,,,,,,,,,,,,,,,,,,,,,,,,,,,,,,,,,,,,,,,
407,South Australia - South East,sa4,SA,2011,2010-11,,,,,,,,,,,,,,,,,,,,,,,,,,,,,,,,,,,,,,,,,,,,,,,,,,,,,,,,,,,,,,,,,,,,,,,,,,,,,,,,4399158.3,127755.2,676950.6,5385078.0,195080.6,,,,,,,,16.1,0.9,11.2,1.0,7.3,3.2,11.4,6.9,4.2,0.7,1.5,1.1,2.5,3.0,4.4,6.5,11.2,0.9,3.8,2.1,77593.0,,,,,,,,,,,,
407,South Australia - South East,sa4,SA,2016,2015-16,,,,,,,,,,,,,,,,,,,,,,,,,,,,,,,,,,,,,,,,,,,,,,,,,,,,,,,,,,,,,,,,,,,,52.0,141.0,191.0,17.0,6.0,28.0,21.0,13.0,18.0,28.0,31.0,33.0,4348782.7,122458.4,632353.3,5554114.9,216241.0,4775526.3,817057.1,,,3156.8,1627.3,1095.1,16.2,0.9,9.3,1.0,7.3,2.9,10.9,6.7,4.1,0.7,1.3,1.1,2.7,3.3,4.6,6.9,12.0,0.9,3.7,3.5,77679.0,,,,,,,,,,,,
407,South Australia - South East,sa4,SA,2017,2016-17,,,,,,,,,,,,,,,,,,,,,,,,,,,,,,,,,,,,,,,,,,,,,,,,,,,,,,,,,,,,,,,,,,,,54.0,148.0,200.0,22.0,14.0,28.0,16.0,18.0,14.0,17.0,39.0,39.0,,,,,,,,,,,,,,,,,,,,,,,,,,,,,,,,,,973.0,104.0,90217.0,5.0,7.0,7638.0,4.0,,2510.0,983.0,111.0,100563.0
407,South Australia - South East,sa4,SA,2018,2017-18,,,,,,,,,,,,,,,,,,,,,,,,,,,,,,,,,,,,,,,,,,,,,,,,,,,,,,,,,,,,,,,,3250.0,290000.0,343.0,202750.0,56.0,173.0,226.0,25.0,16.0,38.0,26.0,15.0,13.0,25.0,33.0,33.0,,,,,,,,,,,,,,,,,,,,,,,,,,,,,,,,,,1007.0,161.0,91063.0,24.0,2.0,7660.0,,1.0,2509.0,1031.0,164.0,101430.0
407,South Australia - South East,sa4,SA,2019,2018-19,,,,,,,,,,,,,,,,,,,,,,,,,,,,,,,,,,,,,,,,,,,,,,,,,,,,,,953.0,31.0,984.0,987.0,282.0,6.0,289.0,305.0,184.0,489.0,2984.0,303000.0,317.0,214000.0,47.0,170.0,223.0,16.0,15.0,26.0,26.0,12.0,12.0,36.0,56.0,26.0,,,,,,,,,,,,,,,,,,,,,,,,,,,,,,,,,,993.0,131.0,91925.0,43.0,6.0,7697.0,1.0,,2510.0,1037.0,137.0,102330.0
407,South Australia - South East,sa4,SA,2020,2019-20,11394.0,4259.0,2110.0,379.0,18142.0,,,,,,,,,,,6849.0,56.0,690.0,104.0,2325.0,453.0,1022.0,689.0,825.0,53.0,372.0,1757.0,930.0,416.0,34.0,89.0,531.0,160.0,771.0,16.0,4126.0,5817.0,7017.0,804.0,233.0,145.0,,,,,,,,,,,,,871.0,16.0,887.0,891.0,275.0,3.0,278.0,297.0,535.0,831.0,3141.0,308000.0,338.0,219500.0,34.0,101.0,134.0,11.0,11.0,13.0,17.0,9.0,3.0,16.0,27.0,20.0,,,,,,,,,,,,,,,,,,,,,,,,,,,,,,,,,,849.0,202.0,92572.0,13.0,3.0,7707.0,,,2510.0,862.0,205.0,102987.0
407,South Australia - South East,sa4,SA,2021,2020-21,11417.0,4693.0,2096.0,380.0,18586.0,1301.0,417.0,58.0,8.0,1784.0,1151.0,181.0,62.0,7.0,1401.0,6875.0,53.0,710.0,105.0,2418.0,470.0,1039.0,705.0,830.0,59.0,383.0,1838.0,956.0,452.0,29.0,93.0,579.0,163.0,815.0,14.0,4274.0,5918.0,7144.0,867.0,219.0,164.0,665.0,738.0,363.0,12.0,5.0,,631.0,476.0,276.0,18.0,,,1534.0,37.0,1571.0,1571.0,472.0,41.0,513.0,499.0,441.0,940.0,4451.0,329000.0,556.0,235000.0,20.0,66.0,79.0,5.0,,16.0,3.0,3.0,3.0,,20.0,26.0,4274270.1,101807.2,704752.8,6052521.0,272887.9,14220113.4,929751.3,12595.8,22316.8,3965.2,2381.8,1118.5,15.9,1.0,9.0,1.0,8.0,2.3,9.8,6.8,3.7,0.5,1.1,0.9,2.8,3.5,4.4,7.1,13.5,1.0,3.8,3.7,83108.0,1013.0,136.0,93449.0,21.0,,7728.0,2.0,,2512.0,1036.0,136.0,103887.0
407,South Australia - South East,sa4,SA,2022,2021-22,11709.0,4881.0,2080.0,393.0,19065.0,1494.0,475.0,69.0,9.0,2042.0,1313.0,286.0,92.0,8.0,1700.0,6861.0,56.0,763.0,107.0,2495.0,480.0,1061.0,729.0,869.0,57.0,422.0,1847.0,997.0,493.0,36.0,107.0,650.0,179.0,861.0,15.0,4096.0,5971.0,7594.0,951.0,289.0,183.0,714.0,878.0,425.0,17.0,14.0,3.0,633.0,480.0,272.0,15.0,3.0,,1372.0,50.0,1422.0,1431.0,458.0,13.0,471.0,504.0,268.0,772.0,4360.0,380000.0,507.0,260000.0,,,,,,,,,,,,,,,,,,,,,,,,,,,,,,,,,,,,,,,,,,,,,,1158.0,123.0,94484.0,60.0,6.0,7782.0,,,2512.0,1218.0,129.0,104976.0
407,South Australia - South East,sa4,SA,2023,2022-23,12092.0,4733.0,2077.0,382.0,19284.0,1448.0,401.0,67.0,4.0,1920.0,1488.0,338.0,109.0,11.0,1946.0,6790.0,59.0,759.0,103.0,2584.0,473.0,1008.0,726.0,891.0,53.0,428.0,1930.0,992.0,520.0,28.0,119.0,715.0,196.0,897.0,13.0,4088.0,6191.0,7534.0,982.0,276.0,213.0,636.0,875.0,386.0,19.0,3.0,3.0,867.0,632.0,436.0,30.0,8.0,7.0,1335.0,83.0,1418.0,1440.0,513.0,25.0,538.0,576.0,263.0,840.0,3408.0,430000.0,429.0,311155.5,,,,,,,,,,,,,,,,,,,,,,,,,,,,,,,,,,,,,,,,,,,,,,,,,,,,,,,,,
407,South Australia - South East,sa4,SA,2024,2023-24,12327.0,4653.0,2032.0,391.0,19403.0,1475.0,436.0,79.0,4.0,1992.0,1502.0,328.0,104.0,17.0,1951.0,6632.0,56.0,771.0,112.0,2630.0,474.0,986.0,745.0,908.0,49.0,440.0,1979.0,981.0,535.0,28.0,127.0,795.0,197.0,930.0,11.0,4122.0,6201.0,7559.0,1018.0,291.0,212.0,651.0,899.0,421.0,20.0,3.0,3.0,824.0,638.0,442.0,28.0,8.0,10.0,1258.0,43.0,1301.0,1319.0,519.0,14.0,532.0,569.0,195.0,765.0,,,,,,,,,,,,,,,,,,,,,,,,,,,,,,,,,,,,,,,,,,,,,,,,,,,,,,,,,,,,,
501,Bunbury,sa4,WA,2011,2010-11,,,,,,,,,,,,,,,,,,,,,,,,,,,,,,,,,,,,,,,,,,,,,,,,,,,,,,,,,,,,,,,,,,,,,,,,,,,,,,,,719382.0,93148.0,243210.0,588958.0,9539.0,,,,,,,,5.7,5.1,11.8,1.7,12.8,2.3,11.2,7.1,3.7,0.7,1.4,1.7,3.8,2.9,4.7,7.5,9.2,0.8,3.8,2.1,73856.0,,,,,,,,,,,,
501,Bunbury,sa4,WA,2016,2015-16,,,,,,,,,,,,,,,,,,,,,,,,,,,,,,,,,,,,,,,,,,,,,,,,,,,,,,,,,,,,,,,,,,,,57.0,154.0,214.0,22.0,11.0,42.0,22.0,23.0,14.0,23.0,32.0,30.0,487490.0,108657.0,230499.0,744728.0,10923.0,,23858.0,,,834.2,458.0,159.4,6.2,6.4,8.6,1.7,10.8,1.6,10.8,7.3,3.5,0.7,1.3,1.6,3.4,3.3,4.5,8.3,10.8,1.4,3.8,4.1,77660.0,,,,,,,,,,,,
501,Bunbury,sa4,WA,2017,2016-17,,,,,,,,,,,,,,,,,,,,,,,,,,,,,,,,,,,,,,,,,,,,,,,,,,,,,,,,,,,,,,,,,,,,91.0,175.0,269.0,25.0,21.0,55.0,25.0,21.0,25.0,24.0,35.0,21.0,,,,,,,,,,,,,,,,,,,,,,,,,,,,,,,,,,1502.0,106.0,75093.0,65.0,,7245.0,14.0,,1291.0,1581.0,106.0,83722.0
501,Bunbury,sa4,WA,2018,2017-18,,,,,,,,,,,,,,,,,,,,,,,,,,,,,,,,,,,,,,,,,,,,,,,,,,,,,,,,,,,,,,,,2436.0,380000.0,348.0,320000.0,74.0,206.0,282.0,26.0,9.0,46.0,27.0,21.0,34.0,34.0,54.0,25.0,,,,,,,,,,,,,,,,,,,,,,,,,,,,,,,,,,1330.0,84.0,76339.0,34.0,7.0,7272.0,8.0,,1299.0,1374.0,91.0,85005.0
501,Bunbury,sa4,WA,2019,2018-19,,,,,,,,,,,,,,,,,,,,,,,,,,,,,,,,,,,,,,,,,,,,,,,,,,,,,,1224.0,63.0,1287.0,1308.0,417.0,23.0,440.0,462.0,209.0,671.0,2285.0,370000.0,291.0,307500.0,70.0,157.0,233.0,20.0,19.0,39.0,20.0,26.0,19.0,36.0,36.0,18.0,,,,,,,,,,,,,,,,,,,,,,,,,,,,,,,,,,1191.0,95.0,77435.0,37.0,2.0,7307.0,4.0,,1303.0,1232.0,97.0,86140.0
501,Bunbury,sa4,WA,2020,2019-20,9685.0,3543.0,1696.0,441.0,15365.0,,,,,,,,,,,3008.0,46.0,745.0,67.0,3029.0,360.0,980.0,725.0,619.0,62.0,430.0,1567.0,1243.0,529.0,26.0,151.0,791.0,185.0,790.0,12.0,3784.0,5304.0,5344.0,598.0,183.0,152.0,,,,,,,,,,,,,980.0,78.0,1058.0,1059.0,342.0,24.0,366.0,384.0,163.0,547.0,2593.0,380000.0,366.0,295000.0,62.0,111.0,180.0,20.0,22.0,32.0,22.0,16.0,11.0,22.0,28.0,18.0,,,,,,,,,,,,,,,,,,,,,,,,,,,,,,,,,,1041.0,87.0,78389.0,84.0,5.0,7386.0,17.0,,1320.0,1142.0,92.0,87190.0
501,Bunbury,sa4,WA,2021,2020-21,9636.0,4010.0,1738.0,443.0,15827.0,1266.0,458.0,55.0,6.0,1785.0,1110.0,221.0,55.0,6.0,1392.0,3047.0,51.0,771.0,71.0,3078.0,379.0,994.0,740.0,618.0,72.0,431.0,1625.0,1301.0,556.0,25.0,167.0,844.0,192.0,850.0,15.0,4022.0,5243.0,5557.0,645.0,202.0,158.0,769.0,705.0,296.0,9.0,3.0,4.0,665.0,480.0,234.0,21.0,4.0,,2113.0,83.0,2196.0,2203.0,681.0,22.0,703.0,728.0,152.0,880.0,4592.0,415500.0,601.0,320000.0,27.0,60.0,83.0,4.0,4.0,17.0,8.0,7.0,10.0,8.0,17.0,7.0,511702.7,91627.6,234977.2,829217.5,6240.7,,34936.6,4176.5,5548.1,868.8,498.8,169.5,5.8,8.0,8.3,1.7,10.2,1.6,9.5,8.0,3.4,0.5,1.1,1.3,3.4,3.2,4.5,8.2,12.5,1.1,3.7,3.9,87452.0,1001.0,125.0,79265.0,75.0,6.0,7455.0,12.0,,1332.0,1088.0,131.0,88147.0
501,Bunbury,sa4,WA,2022,2021-22,10134.0,4132.0,1784.0,497.0,16547.0,1523.0,546.0,62.0,13.0,2138.0,1191.0,308.0,72.0,7.0,1582.0,3061.0,58.0,797.0,69.0,3238.0,400.0,1029.0,815.0,656.0,66.0,486.0,1659.0,1383.0,579.0,23.0,174.0,931.0,201.0,904.0,14.0,3895.0,5403.0,6105.0,742.0,219.0,182.0,774.0,939.0,406.0,7.0,5.0,,662.0,482.0,238.0,21.0,3.0,,1547.0,62.0,1609.0,1615.0,586.0,20.0,606.0,644.0,283.0,927.0,3334.0,414000.0,723.0,355000.0,,,,,,,,,,,,,,,,,,,,,,,,,,,,,,,,,,,,,,,,,,,,,,1076.0,104.0,80237.0,54.0,2.0,7507.0,,,1332.0,1130.0,106.0,89171.0
501,Bunbury,sa4,WA,2023,2022-23,10506.0,4126.0,1865.0,508.0,17005.0,1464.0,488.0,64.0,4.0,2020.0,1436.0,312.0,77.0,15.0,1840.0,3052.0,64.0,826.0,70.0,3306.0,401.0,1042.0,830.0,680.0,69.0,516.0,1689.0,1463.0,617.0,28.0,186.0,982.0,197.0,974.0,13.0,3744.0,5668.0,6340.0,799.0,253.0,201.0,626.0,988.0,389.0,12.0,4.0,,788.0,644.0,408.0,24.0,6.0,3.0,1168.0,23.0,1191.0,1218.0,524.0,20.0,543.0,578.0,446.0,1024.0,2896.0,450000.0,623.0,365000.0,,,,,,,,,,,,,,,,,,,,,,,,,,,,,,,,,,,,,,,,,,,,,,,,,,,,,,,,,
501,Bunbury,sa4,WA,2024,2023-24,10852.0,4149.0,1909.0,525.0,17435.0,1564.0,540.0,73.0,7.0,2188.0,1451.0,331.0,106.0,12.0,1900.0,3023.0,64.0,851.0,67.0,3368.0,406.0,1070.0,812.0,700.0,75.0,537.0,1752.0,1518.0,655.0,26.0,174.0,1089.0,209.0,1022.0,5.0,3853.0,5771.0,6454.0,867.0,267.0,223.0,723.0,997.0,450.0,10.0,3.0,3.0,793.0,672.0,404.0,30.0,3.0,3.0,1288.0,18.0,1306.0,1320.0,597.0,5.0,602.0,653.0,584.0,1237.0,,,,,,,,,,,,,,,,,,,,,,,,,,,,,,,,,,,,,,,,,,,,,,,,,,,,,,,,,,,,,
502,Mandurah,sa4,WA,2011,2010-11,,,,,,,,,,,,,,,,,,,,,,,,,,,,,,,,,,,,,,,,,,,,,,,,,,,,,,,,,,,,,,,,,,,,,,,,,,,,,,,,43896.0,2476.0,27548.0,10753.0,31163.0,,,,,,,,1.3,7.3,11.5,1.1,13.7,2.2,12.0,6.9,3.5,0.8,1.5,2.1,3.8,3.3,4.9,7.4,9.5,1.2,3.8,2.4,33200.0,,,,,,,,,,,,
502,Mandurah,sa4,WA,2016,2015-16,,,,,,,,,,,,,,,,,,,,,,,,,,,,,,,,,,,,,,,,,,,,,,,,,,,,,,,,,,,,,,,,,,,,64.0,118.0,178.0,28.0,3.0,38.0,16.0,13.0,11.0,21.0,24.0,19.0,36409.0,2215.0,31589.0,4884.0,12000.0,,,,,30.7,4.1,22.1,1.3,9.6,7.3,1.2,12.0,1.7,11.5,6.8,3.7,0.8,1.4,1.9,3.5,3.4,5.0,8.3,11.3,1.4,3.7,4.3,37121.0,,,,,,,,,,,,
502,Mandurah,sa4,WA,2017,2016-17,,,,,,,,,,,,,,,,,,,,,,,,,,,,,,,,,,,,,,,,,,,,,,,,,,,,,,,,,,,,,,,,,,,,78.0,138.0,212.0,22.0,11.0,52.0,22.0,28.0,13.0,28.0,24.0,11.0,,,,,,,,,,,,,,,,,,,,,,,,,,,,,,,,,,1140.0,48.0,40548.0,53.0,,6370.0,27.0,,1640.0,1220.0,48.0,48563.0
502,Mandurah,sa4,WA,2018,2017-18,,,,,,,,,,,,,,,,,,,,,,,,,,,,,,,,,,,,,,,,,,,,,,,,,,,,,,,,,,,,,,,,1557.0,375000.0,403.0,285000.0,57.0,176.0,236.0,15.0,26.0,51.0,26.0,26.0,13.0,37.0,26.0,14.0,,,,,,,,,,,,,,,,,,,,,,,,,,,,,,,,,,861.0,44.0,41365.0,37.0,,6407.0,30.0,,1670.0,928.0,44.0,49447.0
502,Mandurah,sa4,WA,2019,2018-19,,,,,,,,,,,,,,,,,,,,,,,,,,,,,,,,,,,,,,,,,,,,,,,,,,,,,,682.0,18.0,700.0,703.0,193.0,3.0,196.0,202.0,65.0,267.0,1525.0,370000.0,338.0,250000.0,58.0,154.0,214.0,22.0,20.0,38.0,18.0,18.0,18.0,26.0,26.0,17.0,,,,,,,,,,,,,,,,,,,,,,,,,,,,,,,,,,688.0,59.0,41994.0,33.0,,6440.0,45.0,,1715.0,766.0,59.0,50154.0
502,Mandurah,sa4,WA,2020,2019-20,3237.0,1354.0,522.0,125.0,5238.0,,,,,,,,,,,281.0,35.0,215.0,25.0,1232.0,136.0,395.0,247.0,393.0,21.0,185.0,551.0,517.0,200.0,16.0,62.0,321.0,80.0,322.0,4.0,1281.0,1861.0,1833.0,167.0,63.0,33.0,,,,,,,,,,,,,618.0,33.0,651.0,651.0,184.0,8.0,192.0,198.0,94.0,292.0,1647.0,365000.0,361.0,253750.0,41.0,91.0,135.0,22.0,7.0,28.0,14.0,3.0,8.0,19.0,14.0,17.0,,,,,,,,,,,,,,,,,,,,,,,,,,,,,,,,,,601.0,55.0,42540.0,4.0,12.0,6432.0,4.0,,1719.0,609.0,67.0,50696.0
502,Mandurah,sa4,WA,2021,2020-21,3254.0,1509.0,561.0,117.0,5441.0,571.0,213.0,20.0,,804.0,520.0,108.0,32.0,3.0,663.0,274.0,39.0,232.0,27.0,1256.0,142.0,399.0,256.0,397.0,23.0,192.0,556.0,554.0,224.0,16.0,63.0,353.0,82.0,351.0,5.0,1370.0,1928.0,1848.0,204.0,63.0,28.0,334.0,335.0,133.0,,,,311.0,245.0,114.0,,3.0,3.0,1478.0,16.0,1494.0,1500.0,414.0,4.0,418.0,431.0,123.0,553.0,2669.0,415000.0,674.0,293000.0,19.0,46.0,66.0,9.0,,17.0,8.0,4.0,5.0,6.0,8.0,8.0,40618.9,1401.2,33248.6,7318.8,18758.1,,1692.9,140.0,1.2,53.7,23.6,26.4,1.2,11.2,8.0,1.4,10.1,1.5,10.5,7.1,3.4,0.4,1.1,1.5,3.6,3.3,4.7,8.3,13.0,1.4,3.9,4.3,43190.0,653.0,64.0,43129.0,2.0,1.0,6433.0,1.0,,1720.0,656.0,65.0,51287.0
502,Mandurah,sa4,WA,2022,2021-22,3412.0,1577.0,597.0,147.0,5731.0,686.0,248.0,28.0,3.0,968.0,566.0,149.0,32.0,5.0,753.0,278.0,50.0,230.0,29.0,1357.0,146.0,412.0,276.0,405.0,27.0,198.0,575.0,573.0,233.0,19.0,62.0,383.0,87.0,401.0,4.0,1279.0,2003.0,2103.0,229.0,84.0,34.0,329.0,463.0,172.0,9.0,,,311.0,242.0,114.0,,,,1045.0,,1045.0,1045.0,335.0,,335.0,349.0,113.0,462.0,2108.0,430000.0,752.0,310000.0,,,,,,,,,,,,,,,,,,,,,,,,,,,,,,,,,,,,,,,,,,,,,,763.0,41.0,43851.0,63.0,,6496.0,1.0,,1721.0,827.0,41.0,52073.0
502,Mandurah,sa4,WA,2023,2022-23,3664.0,1595.0,616.0,170.0,6045.0,717.0,272.0,21.0,3.0,1013.0,676.0,189.0,43.0,4.0,912.0,282.0,44.0,244.0,29.0,1442.0,150.0,415.0,280.0,447.0,25.0,216.0,579.0,591.0,252.0,17.0,75.0,421.0,97.0,434.0,5.0,1315.0,2108.0,2243.0,234.0,95.0,50.0,304.0,521.0,182.0,,4.0,,366.0,337.0,209.0,12.0,3.0,,1058.0,4.0,1062.0,1062.0,390.0,2.0,392.0,405.0,92.0,497.0,2018.0,466000.0,702.0,330000.0,,,,,,,,,,,,,,,,,,,,,,,,,,,,,,,,,,,,,,,,,,,,,,,,,,,,,,,,,
502,Mandurah,sa4,WA,2024,2023-24,3750.0,1623.0,623.0,165.0,6161.0,676.0,250.0,29.0,5.0,957.0,722.0,160.0,44.0,14.0,940.0,283.0,47.0,246.0,32.0,1461.0,148.0,412.0,273.0,445.0,29.0,232.0,595.0,600.0,258.0,13.0,69.0,444.0,88.0,470.0,5.0,1304.0,2101.0,2350.0,255.0,99.0,52.0,283.0,461.0,201.0,7.0,3.0,,368.0,353.0,193.0,15.0,6.0,3.0,1207.0,82.0,1289.0,1290.0,506.0,23.0,529.0,540.0,91.0,631.0,,,,,,,,,,,,,,,,,,,,,,,,,,,,,,,,,,,,,,,,,,,,,,,,,,,,,,,,,,,,,
503,Perth - Inner,sa4,WA,2011,2010-11,,,,,,,,,,,,,,,,,,,,,,,,,,,,,,,,,,,,,,,,,,,,,,,,,,,,,,,,,,,,,,,,,,,,,,,,,,,,,,,,1712.0,1.0,1246.0,,,,,,,,,,0.5,6.5,4.2,0.9,6.1,2.6,8.2,7.0,2.1,1.7,3.9,2.4,15.8,3.2,5.7,9.5,13.5,1.9,2.5,1.9,81724.0,,,,,,,,,,,,
503,Perth - Inner,sa4,WA,2016,2015-16,,,,,,,,,,,,,,,,,,,,,,,,,,,,,,,,,,,,,,,,,,,,,,,,,,,,,,,,,,,,,,,,,,,,52.0,73.0,120.0,20.0,20.0,18.0,8.0,16.0,15.0,3.0,14.0,14.0,27983.0,,,7214.0,,,18401.0,,,11.1,10.5,0.3,0.6,5.9,3.0,1.0,5.7,1.7,7.5,7.8,2.3,1.4,3.8,2.5,14.0,3.2,5.8,10.2,14.6,2.2,2.7,4.2,85031.0,,,,,,,,,,,,
503,Perth - Inner,sa4,WA,2017,2016-17,,,,,,,,,,,,,,,,,,,,,,,,,,,,,,,,,,,,,,,,,,,,,,,,,,,,,,,,,,,,,,,,,,,,55.0,80.0,137.0,21.0,21.0,16.0,14.0,22.0,14.0,7.0,7.0,15.0,,,,,,,,,,,,,,,,,,,,,,,,,,,,,,,,,,415.0,197.0,37760.0,111.0,3.0,12923.0,1397.0,4.0,31953.0,1924.0,204.0,82693.0
503,Perth - Inner,sa4,WA,2018,2017-18,,,,,,,,,,,,,,,,,,,,,,,,,,,,,,,,,,,,,,,,,,,,,,,,,,,,,,,,,,,,,,,,1678.0,1250000.0,2021.0,499000.0,64.0,88.0,154.0,17.0,26.0,28.0,17.0,18.0,25.0,14.0,13.0,6.0,,,,,,,,,,,,,,,,,,,,,,,,,,,,,,,,,,421.0,207.0,37974.0,85.0,2.0,13006.0,677.0,9.0,32621.0,1185.0,218.0,83660.0
503,Perth - Inner,sa4,WA,2019,2018-19,,,,,,,,,,,,,,,,,,,,,,,,,,,,,,,,,,,,,,,,,,,,,,,,,,,,,,429.0,422.0,851.0,852.0,396.0,147.0,544.0,560.0,776.0,1336.0,1590.0,1225000.0,1795.0,460000.0,49.0,65.0,112.0,22.0,26.0,12.0,9.0,17.0,9.0,4.0,5.0,9.0,,,,,,,,,,,,,,,,,,,,,,,,,,,,,,,,,,400.0,219.0,38155.0,57.0,9.0,13054.0,1132.0,12.0,33741.0,1590.0,240.0,85010.0
503,Perth - Inner,sa4,WA,2020,2019-20,21886.0,8064.0,3586.0,1187.0,34723.0,,,,,,,,,,,728.0,1504.0,680.0,89.0,3193.0,881.0,1527.0,1517.0,925.0,375.0,3414.0,5824.0,7372.0,1268.0,76.0,502.0,3496.0,387.0,889.0,76.0,10288.0,9007.0,12202.0,1801.0,712.0,713.0,,,,,,,,,,,,,380.0,964.0,1344.0,1345.0,417.0,406.0,823.0,833.0,1463.0,2296.0,1612.0,1227500.0,1753.0,455000.0,48.0,62.0,112.0,16.0,17.0,13.0,9.0,13.0,11.0,9.0,7.0,12.0,,,,,,,,,,,,,,,,,,,,,,,,,,,,,,,,,,374.0,241.0,38288.0,78.0,5.0,13127.0,1155.0,60.0,34836.0,1607.0,306.0,86311.0
503,Perth - Inner,sa4,WA,2021,2020-21,21750.0,9208.0,3602.0,1215.0,35775.0,3412.0,1189.0,116.0,25.0,4742.0,2956.0,471.0,126.0,35.0,3588.0,720.0,1563.0,697.0,82.0,3234.0,882.0,1568.0,1548.0,970.0,370.0,3538.0,5988.0,7623.0,1333.0,69.0,529.0,3644.0,397.0,948.0,72.0,11061.0,9441.0,12088.0,1792.0,666.0,727.0,2292.0,1535.0,831.0,52.0,13.0,19.0,1994.0,841.0,573.0,55.0,25.0,33.0,551.0,1844.0,2395.0,2441.0,524.0,805.0,1329.0,1339.0,706.0,2044.0,2285.0,1425000.0,2605.0,485000.0,23.0,25.0,44.0,8.0,10.0,3.0,,5.0,,,,11.0,,,,,,,,,,,,,0.5,7.4,2.8,1.0,5.1,1.7,6.8,7.6,2.3,1.2,3.7,2.1,14.8,2.8,5.4,9.3,16.5,2.3,2.6,4.0,99451.0,321.0,274.0,38335.0,51.0,10.0,13168.0,308.0,10.0,35134.0,680.0,294.0,86697.0
503,Perth - Inner,sa4,WA,2022,2021-22,22738.0,9115.0,3699.0,1287.0,36846.0,3845.0,1192.0,129.0,30.0,5195.0,3104.0,755.0,174.0,44.0,4082.0,712.0,1704.0,713.0,83.0,3258.0,895.0,1570.0,1572.0,962.0,385.0,3669.0,6172.0,7812.0,1387.0,68.0,541.0,3843.0,444.0,999.0,60.0,10978.0,9265.0,12859.0,2104.0,782.0,861.0,2377.0,1708.0,1006.0,56.0,12.0,34.0,1994.0,843.0,570.0,58.0,27.0,35.0,382.0,778.0,1160.0,1162.0,429.0,291.0,721.0,736.0,1579.0,2315.0,1780.0,1609000.0,2623.0,474500.0,,,,,,,,,,,,,,,,,,,,,,,,,,,,,,,,,,,,,,,,,,,,,,307.0,203.0,38439.0,31.0,1.0,13198.0,259.0,,35393.0,597.0,204.0,87090.0
503,Perth - Inner,sa4,WA,2023,2022-23,23564.0,8733.0,3815.0,1420.0,37532.0,3641.0,1063.0,108.0,37.0,4849.0,3444.0,735.0,165.0,45.0,4389.0,696.0,1751.0,699.0,110.0,3338.0,864.0,1580.0,1547.0,1047.0,403.0,3734.0,6193.0,7898.0,1438.0,71.0,567.0,4048.0,446.0,1043.0,59.0,10666.0,9656.0,13287.0,2111.0,869.0,943.0,1928.0,1771.0,1049.0,54.0,19.0,28.0,2299.0,1072.0,819.0,90.0,30.0,24.0,265.0,211.0,476.0,598.0,399.0,148.0,547.0,646.0,930.0,1576.0,1644.0,1605000.0,2746.0,455000.0,,,,,,,,,,,,,,,,,,,,,,,,,,,,,,,,,,,,,,,,,,,,,,,,,,,,,,,,,
503,Perth - Inner,sa4,WA,2024,2023-24,24543.0,8554.0,3752.0,1525.0,38374.0,3991.0,1041.0,111.0,40.0,5186.0,3507.0,742.0,175.0,52.0,4476.0,677.0,1796.0,704.0,118.0,3369.0,872.0,1602.0,1519.0,1238.0,412.0,3877.0,6274.0,7946.0,1540.0,68.0,564.0,4226.0,454.0,1080.0,45.0,10748.0,9723.0,13797.0,2233.0,835.0,1038.0,2056.0,1879.0,1156.0,52.0,18.0,25.0,2197.0,1232.0,852.0,90.0,43.0,52.0,258.0,443.0,701.0,701.0,584.0,310.0,893.0,907.0,1603.0,2510.0,,,,,,,,,,,,,,,,,,,,,,,,,,,,,,,,,,,,,,,,,,,,,,,,,,,,,,,,,,,,,
504,Perth - North East,sa4,WA,2011,2010-11,,,,,,,,,,,,,,,,,,,,,,,,,,,,,,,,,,,,,,,,,,,,,,,,,,,,,,,,,,,,,,,,,,,,,,,,,,,,,,,,21398.0,452.0,5792.0,13479.0,8.0,,,,,,,,0.7,4.4,9.8,1.0,9.6,4.5,10.8,5.7,5.5,1.2,2.6,1.7,6.7,3.1,7.2,7.3,10.0,1.4,4.5,2.3,109612.0,,,,,,,,,,,,
504,Perth - North East,sa4,WA,2016,2015-16,,,,,,,,,,,,,,,,,,,,,,,,,,,,,,,,,,,,,,,,,,,,,,,,,,,,,,,,,,,,,,,,,,,,88.0,219.0,303.0,39.0,19.0,52.0,19.0,53.0,21.0,42.0,34.0,22.0,16179.0,,3454.0,18136.0,,,14.0,,,66.0,36.4,16.7,0.8,4.9,6.4,1.0,9.6,3.1,10.0,6.4,5.8,1.1,2.3,1.6,5.9,3.4,7.3,7.9,11.4,1.7,4.5,4.9,119990.0,,,,,,,,,,,,
504,Perth - North East,sa4,WA,2017,2016-17,,,,,,,,,,,,,,,,,,,,,,,,,,,,,,,,,,,,,,,,,,,,,,,,,,,,,,,,,,,,,,,,,,,,113.0,313.0,429.0,43.0,29.0,66.0,46.0,53.0,36.0,61.0,46.0,51.0,,,,,,,,,,,,,,,,,,,,,,,,,,,,,,,,,,2276.0,190.0,86309.0,175.0,2.0,13302.0,336.0,,4598.0,2787.0,192.0,104254.0
504,Perth - North East,sa4,WA,2018,2017-18,,,,,,,,,,,,,,,,,,,,,,,,,,,,,,,,,,,,,,,,,,,,,,,,,,,,,,,,,,,,,,,,3187.0,460000.0,672.0,315000.0,122.0,365.0,486.0,46.0,44.0,86.0,56.0,58.0,46.0,64.0,65.0,40.0,,,,,,,,,,,,,,,,,,,,,,,,,,,,,,,,,,2033.0,202.0,88140.0,203.0,2.0,13503.0,139.0,,4737.0,2375.0,204.0,106425.0
504,Perth - North East,sa4,WA,2019,2018-19,,,,,,,,,,,,,,,,,,,,,,,,,,,,,,,,,,,,,,,,,,,,,,,,,,,,,,1799.0,332.0,2131.0,2264.0,475.0,70.0,546.0,592.0,175.0,766.0,3027.0,440000.0,581.0,295000.0,121.0,311.0,428.0,51.0,41.0,71.0,38.0,55.0,34.0,67.0,51.0,35.0,,,,,,,,,,,,,,,,,,,,,,,,,,,,,,,,,,1915.0,199.0,89856.0,180.0,2.0,13681.0,54.0,,4791.0,2149.0,201.0,108373.0
504,Perth - North East,sa4,WA,2020,2019-20,12919.0,4735.0,1923.0,555.0,20132.0,,,,,,,,,,,520.0,137.0,1222.0,81.0,3945.0,798.0,1247.0,769.0,2723.0,146.0,675.0,1846.0,2329.0,898.0,85.0,264.0,852.0,278.0,1299.0,18.0,5649.0,6877.0,6286.0,721.0,337.0,262.0,,,,,,,,,,,,,1700.0,112.0,1812.0,1878.0,443.0,23.0,466.0,497.0,318.0,815.0,3072.0,435000.0,632.0,282500.0,97.0,224.0,324.0,37.0,32.0,52.0,24.0,41.0,19.0,42.0,48.0,22.0,,,,,,,,,,,,,,,,,,,,,,,,,,,,,,,,,,1565.0,183.0,91238.0,129.0,1.0,13809.0,244.0,,5035.0,1938.0,184.0,110127.0
504,Perth - North East,sa4,WA,2021,2020-21,12709.0,5591.0,2004.0,555.0,20859.0,2314.0,831.0,57.0,9.0,3211.0,2100.0,321.0,64.0,20.0,2505.0,534.0,130.0,1268.0,88.0,4062.0,820.0,1294.0,839.0,2714.0,156.0,697.0,1892.0,2456.0,920.0,77.0,264.0,943.0,297.0,1396.0,12.0,6387.0,6762.0,6286.0,787.0,355.0,282.0,1441.0,1230.0,509.0,15.0,10.0,6.0,1351.0,793.0,345.0,14.0,6.0,5.0,3453.0,95.0,3548.0,3746.0,912.0,25.0,937.0,1005.0,353.0,1357.0,4441.0,490000.0,968.0,315000.0,35.0,125.0,161.0,19.0,8.0,19.0,20.0,17.0,15.0,23.0,21.0,27.0,19335.3,,3107.2,10097.9,,335985.5,7.0,92.2,33.2,62.7,38.6,18.1,0.8,6.7,5.7,1.1,8.7,3.1,9.4,6.2,5.7,0.9,2.1,1.4,6.3,3.1,6.6,8.0,13.2,1.7,4.4,5.0,139231.0,1703.0,269.0,92672.0,96.0,3.0,13902.0,98.0,,5133.0,1897.0,272.0,111752.0
504,Perth - North East,sa4,WA,2022,2021-22,13440.0,5676.0,2129.0,631.0,21880.0,2811.0,889.0,91.0,18.0,3807.0,2267.0,495.0,92.0,20.0,2862.0,544.0,143.0,1308.0,88.0,4276.0,830.0,1385.0,899.0,2710.0,154.0,718.0,1965.0,2589.0,993.0,78.0,275.0,1059.0,343.0,1525.0,8.0,5782.0,7326.0,7132.0,914.0,385.0,335.0,1411.0,1648.0,701.0,27.0,11.0,6.0,1356.0,790.0,342.0,12.0,9.0,4.0,2344.0,101.0,2445.0,2553.0,709.0,26.0,735.0,788.0,494.0,1282.0,3827.0,530000.0,1166.0,350000.0,,,,,,,,,,,,,,,,,,,,,,,,,,,,,,,,,,,,,,,,,,,,,,1854.0,189.0,94337.0,25.0,2.0,13925.0,17.0,,5150.0,1899.0,191.0,113460.0
504,Perth - North East,sa4,WA,2023,2022-23,14253.0,5589.0,2163.0,684.0,22689.0,2877.0,852.0,70.0,10.0,3809.0,2756.0,555.0,125.0,28.0,3464.0,540.0,137.0,1295.0,94.0,4469.0,839.0,1409.0,918.0,2938.0,155.0,717.0,1994.0,2636.0,1021.0,79.0,298.0,1168.0,341.0,1633.0,8.0,5605.0,7794.0,7516.0,981.0,404.0,389.0,1240.0,1894.0,649.0,17.0,6.0,3.0,1581.0,1172.0,677.0,30.0,13.0,11.0,1610.0,45.0,1655.0,1776.0,590.0,12.0,602.0,667.0,550.0,1218.0,3717.0,555000.0,1241.0,345000.0,,,,,,,,,,,,,,,,,,,,,,,,,,,,,,,,,,,,,,,,,,,,,,,,,,,,,,,,,
504,Perth - North East,sa4,WA,2024,2023-24,15247.0,5661.0,2223.0,706.0,23837.0,3397.0,927.0,79.0,15.0,4420.0,2638.0,562.0,128.0,17.0,3345.0,545.0,137.0,1309.0,87.0,4570.0,838.0,1418.0,964.0,3475.0,172.0,748.0,2093.0,2700.0,1072.0,73.0,315.0,1260.0,343.0,1715.0,3.0,5893.0,8083.0,7965.0,1040.0,429.0,427.0,1540.0,2048.0,796.0,21.0,13.0,3.0,1450.0,1212.0,638.0,32.0,16.0,5.0,2079.0,103.0,2182.0,2389.0,774.0,37.0,811.0,907.0,742.0,1649.0,,,,,,,,,,,,,,,,,,,,,,,,,,,,,,,,,,,,,,,,,,,,,,,,,,,,,,,,,,,,,
505,Perth - North West,sa4,WA,2011,2010-11,,,,,,,,,,,,,,,,,,,,,,,,,,,,,,,,,,,,,,,,,,,,,,,,,,,,,,,,,,,,,,,,,,,,,,,,,,,,,,,,17412.0,,632.0,8322.0,3113.0,,,,,,,,0.5,4.3,7.4,1.1,11.7,3.7,10.7,5.5,3.4,1.4,3.5,1.8,8.3,3.5,6.2,8.3,11.2,1.5,4.1,2.1,245475.0,,,,,,,,,,,,
505,Perth - North West,sa4,WA,2016,2015-16,,,,,,,,,,,,,,,,,,,,,,,,,,,,,,,,,,,,,,,,,,,,,,,,,,,,,,,,,,,,,,,,,,,,234.0,370.0,610.0,71.0,50.0,119.0,54.0,63.0,50.0,51.0,80.0,61.0,4996.0,,337.0,,,,353.0,,,119.7,85.1,33.6,0.7,4.4,4.9,1.1,11.9,2.5,10.1,6.0,3.5,1.2,3.2,1.8,7.2,3.5,6.2,9.0,12.5,1.7,4.2,4.5,261943.0,,,,,,,,,,,,
505,Perth - North West,sa4,WA,2017,2016-17,,,,,,,,,,,,,,,,,,,,,,,,,,,,,,,,,,,,,,,,,,,,,,,,,,,,,,,,,,,,,,,,,,,,205.0,510.0,715.0,67.0,76.0,135.0,71.0,87.0,64.0,66.0,88.0,47.0,,,,,,,,,,,,,,,,,,,,,,,,,,,,,,,,,,3252.0,506.0,172763.0,829.0,24.0,41171.0,847.0,,8701.0,4928.0,530.0,222685.0
505,Perth - North West,sa4,WA,2018,2017-18,,,,,,,,,,,,,,,,,,,,,,,,,,,,,,,,,,,,,,,,,,,,,,,,,,,,,,,,,,,,,,,,7247.0,525000.0,1728.0,395000.0,254.0,641.0,894.0,101.0,88.0,168.0,87.0,107.0,94.0,88.0,98.0,58.0,,,,,,,,,,,,,,,,,,,,,,,,,,,,,,,,,,2763.0,608.0,174918.0,702.0,19.0,41854.0,592.0,,9293.0,4057.0,627.0,226115.0
505,Perth - North West,sa4,WA,2019,2018-19,,,,,,,,,,,,,,,,,,,,,,,,,,,,,,,,,,,,,,,,,,,,,,,,,,,,,,2416.0,915.0,3331.0,3421.0,763.0,228.0,990.0,1023.0,856.0,1879.0,6583.0,515000.0,1508.0,380000.0,273.0,511.0,782.0,92.0,85.0,160.0,78.0,118.0,64.0,62.0,68.0,58.0,,,,,,,,,,,,,,,,,,,,,,,,,,,,,,,,,,2439.0,603.0,176754.0,455.0,33.0,42276.0,167.0,,9460.0,3061.0,636.0,228540.0
505,Perth - North West,sa4,WA,2020,2019-20,29702.0,10254.0,3839.0,911.0,44706.0,,,,,,,,,,,709.0,265.0,1695.0,113.0,10797.0,1389.0,2429.0,1417.0,4548.0,362.0,2159.0,4610.0,6169.0,1981.0,135.0,596.0,2589.0,530.0,2179.0,34.0,12355.0,15859.0,14061.0,1472.0,526.0,433.0,,,,,,,,,,,,,2213.0,519.0,2732.0,2911.0,716.0,150.0,866.0,921.0,353.0,1273.0,6730.0,510000.0,1628.0,370000.0,203.0,391.0,598.0,61.0,71.0,111.0,70.0,63.0,53.0,61.0,61.0,51.0,,,,,,,,,,,,,,,,,,,,,,,,,,,,,,,,,,2213.0,517.0,178450.0,322.0,22.0,42576.0,224.0,11.0,9673.0,2759.0,550.0,230749.0
505,Perth - North West,sa4,WA,2021,2020-21,29294.0,12164.0,3914.0,944.0,46316.0,5386.0,1764.0,101.0,23.0,7274.0,4717.0,689.0,138.0,21.0,5565.0,722.0,287.0,1732.0,119.0,10998.0,1438.0,2577.0,1498.0,4486.0,364.0,2242.0,4736.0,6447.0,2111.0,144.0,614.0,2833.0,559.0,2379.0,30.0,13782.0,15679.0,14260.0,1603.0,532.0,460.0,3175.0,2898.0,1162.0,27.0,4.0,8.0,2881.0,1839.0,801.0,39.0,10.0,8.0,4288.0,297.0,4585.0,4800.0,1317.0,68.0,1385.0,1449.0,351.0,1800.0,9810.0,550000.0,2583.0,410000.0,87.0,157.0,247.0,27.0,21.0,46.0,15.0,34.0,20.0,24.0,37.0,21.0,3241.7,,1321.1,,,1281603.9,,872.9,77.8,172.7,121.9,,0.7,6.0,4.3,1.1,10.6,2.3,9.2,6.1,3.6,0.9,2.9,1.4,7.8,3.3,5.9,9.1,14.2,1.7,4.2,4.5,295961.0,2250.0,796.0,179904.0,219.0,17.0,42778.0,412.0,1.0,10084.0,2881.0,814.0,232816.0
505,Perth - North West,sa4,WA,2022,2021-22,30630.0,12486.0,4147.0,1052.0,48312.0,6165.0,1924.0,148.0,23.0,8258.0,4888.0,1043.0,185.0,23.0,6140.0,704.0,285.0,1826.0,126.0,11603.0,1441.0,2660.0,1553.0,4451.0,365.0,2361.0,4835.0,6705.0,2257.0,136.0,642.0,3087.0,601.0,2636.0,29.0,12728.0,16700.0,15881.0,1849.0,617.0,537.0,3025.0,3704.0,1466.0,44.0,14.0,17.0,2883.0,1838.0,800.0,40.0,9.0,10.0,3117.0,302.0,3419.0,3535.0,1113.0,84.0,1198.0,1252.0,875.0,2127.0,8575.0,590000.0,2988.0,417000.0,,,,,,,,,,,,,,,,,,,,,,,,,,,,,,,,,,,,,,,,,,,,,,2280.0,481.0,181703.0,245.0,22.0,43001.0,340.0,27.0,10397.0,2865.0,530.0,235151.0
505,Perth - North West,sa4,WA,2023,2022-23,31838.0,12130.0,4207.0,1212.0,49387.0,6081.0,1767.0,115.0,17.0,7980.0,5803.0,1207.0,233.0,26.0,7269.0,685.0,295.0,1819.0,121.0,11688.0,1457.0,2707.0,1583.0,4724.0,381.0,2363.0,4870.0,6816.0,2344.0,147.0,657.0,3334.0,635.0,2727.0,34.0,11925.0,17514.0,16679.0,1954.0,689.0,626.0,2586.0,3897.0,1448.0,35.0,9.0,5.0,3403.0,2422.0,1406.0,65.0,13.0,8.0,2472.0,263.0,2735.0,2793.0,1043.0,87.0,1130.0,1174.0,623.0,1796.0,8075.0,620000.0,2788.0,425000.0,,,,,,,,,,,,,,,,,,,,,,,,,,,,,,,,,,,,,,,,,,,,,,,,,,,,,,,,,
505,Perth - North West,sa4,WA,2024,2023-24,33606.0,12279.0,4227.0,1321.0,51433.0,6810.0,1875.0,169.0,27.0,8881.0,5523.0,1093.0,234.0,38.0,6888.0,676.0,271.0,1832.0,127.0,12019.0,1436.0,2730.0,1671.0,5319.0,393.0,2422.0,5011.0,7065.0,2438.0,154.0,675.0,3617.0,658.0,2882.0,22.0,12380.0,17741.0,17765.0,2115.0,749.0,683.0,3027.0,4125.0,1656.0,55.0,13.0,6.0,3041.0,2434.0,1319.0,65.0,10.0,13.0,2929.0,670.0,3599.0,3668.0,1308.0,301.0,1609.0,1658.0,545.0,2203.0,,,,,,,,,,,,,,,,,,,,,,,,,,,,,,,,,,,,,,,,,,,,,,,,,,,,,,,,,,,,,
506,Perth - South East,sa4,WA,2011,2010-11,,,,,,,,,,,,,,,,,,,,,,,,,,,,,,,,,,,,,,,,,,,,,,,,,,,,,,,,,,,,,,,,,,,,,,,,,,,,,,,,25359.0,1668.0,9139.0,8391.0,10805.0,,,,,,,,0.7,4.6,9.3,1.2,9.1,4.6,10.4,5.9,6.0,1.1,2.6,1.7,7.7,3.3,6.2,7.6,10.1,1.6,4.2,2.3,214945.0,,,,,,,,,,,,
506,Perth - South East,sa4,WA,2016,2015-16,,,,,,,,,,,,,,,,,,,,,,,,,,,,,,,,,,,,,,,,,,,,,,,,,,,,,,,,,,,,,,,,,,,,188.0,404.0,594.0,58.0,48.0,91.0,58.0,77.0,44.0,96.0,66.0,54.0,17437.0,1188.0,9782.0,,6214.0,,,,,131.8,61.3,68.5,0.8,4.6,6.1,1.1,9.2,3.3,9.7,6.9,6.2,1.0,2.4,1.7,6.5,3.4,6.0,8.2,11.7,1.8,4.3,5.0,228087.0,,,,,,,,,,,,
506,Perth - South East,sa4,WA,2017,2016-17,,,,,,,,,,,,,,,,,,,,,,,,,,,,,,,,,,,,,,,,,,,,,,,,,,,,,,,,,,,,,,,,,,,,212.0,501.0,718.0,82.0,67.0,115.0,90.0,83.0,55.0,102.0,71.0,52.0,,,,,,,,,,,,,,,,,,,,,,,,,,,,,,,,,,3498.0,428.0,160164.0,557.0,36.0,30193.0,1203.0,4.0,12671.0,5258.0,468.0,203205.0
506,Perth - South East,sa4,WA,2018,2017-18,,,,,,,,,,,,,,,,,,,,,,,,,,,,,,,,,,,,,,,,,,,,,,,,,,,,,,,,,,,,,,,,5600.0,470000.0,1863.0,400000.0,210.0,634.0,844.0,84.0,62.0,136.0,85.0,104.0,74.0,120.0,112.0,72.0,,,,,,,,,,,,,,,,,,,,,,,,,,,,,,,,,,2737.0,483.0,162418.0,485.0,27.0,30651.0,543.0,4.0,13210.0,3765.0,514.0,206456.0
506,Perth - South East,sa4,WA,2019,2018-19,,,,,,,,,,,,,,,,,,,,,,,,,,,,,,,,,,,,,,,,,,,,,,,,,,,,,,2388.0,679.0,3067.0,3148.0,684.0,180.0,864.0,902.0,747.0,1649.0,5241.0,449000.0,1686.0,380000.0,198.0,537.0,733.0,76.0,88.0,108.0,88.0,88.0,48.0,108.0,88.0,53.0,,,,,,,,,,,,,,,,,,,,,,,,,,,,,,,,,,2454.0,576.0,164296.0,491.0,37.0,31105.0,460.0,301.0,13369.0,3405.0,914.0,208947.0
506,Perth - South East,sa4,WA,2020,2019-20,27251.0,8843.0,3664.0,1101.0,40859.0,,,,,,,,,,,794.0,287.0,1814.0,154.0,6892.0,1652.0,2259.0,1649.0,7051.0,277.0,1663.0,4018.0,4700.0,2104.0,128.0,503.0,2183.0,480.0,2213.0,38.0,12802.0,13536.0,11817.0,1457.0,580.0,667.0,,,,,,,,,,,,,2145.0,642.0,2787.0,2901.0,630.0,171.0,801.0,850.0,833.0,1683.0,5066.0,452500.0,1861.0,360000.0,172.0,392.0,569.0,74.0,43.0,90.0,49.0,73.0,62.0,63.0,64.0,53.0,,,,,,,,,,,,,,,,,,,,,,,,,,,,,,,,,,2113.0,495.0,165914.0,331.0,24.0,31412.0,432.0,,13801.0,2877.0,519.0,211305.0
506,Perth - South East,sa4,WA,2021,2020-21,27105.0,10506.0,3862.0,1087.0,42560.0,5501.0,1622.0,165.0,15.0,7303.0,4699.0,624.0,141.0,25.0,5489.0,806.0,289.0,1906.0,159.0,7126.0,1674.0,2383.0,1686.0,7208.0,261.0,1688.0,4218.0,4965.0,2181.0,128.0,550.0,2390.0,515.0,2389.0,38.0,14217.0,13457.0,12039.0,1563.0,593.0,691.0,3449.0,2765.0,1032.0,35.0,11.0,11.0,3113.0,1589.0,751.0,41.0,20.0,17.0,4252.0,673.0,4925.0,5214.0,1214.0,280.0,1494.0,1591.0,694.0,2285.0,7537.0,490000.0,2825.0,390000.0,82.0,192.0,272.0,26.0,26.0,43.0,30.0,23.0,15.0,33.0,34.0,43.0,15051.1,1353.3,8381.1,4277.9,5774.9,2383963.2,18.8,,616.5,146.6,55.2,88.5,0.7,6.2,5.7,1.1,8.2,3.0,8.9,6.8,6.2,0.8,2.1,1.4,7.2,3.3,5.6,8.2,13.7,1.7,4.0,5.2,261148.0,2142.0,721.0,167335.0,190.0,20.0,31582.0,592.0,17.0,14376.0,2924.0,758.0,213471.0
506,Perth - South East,sa4,WA,2022,2021-22,28497.0,10708.0,3990.0,1216.0,44415.0,6220.0,1720.0,183.0,28.0,8157.0,4941.0,1000.0,203.0,33.0,6178.0,820.0,314.0,1975.0,158.0,7504.0,1625.0,2449.0,1773.0,7292.0,290.0,1742.0,4446.0,5243.0,2263.0,139.0,615.0,2633.0,540.0,2580.0,28.0,12943.0,14820.0,13352.0,1783.0,708.0,812.0,3260.0,3517.0,1309.0,47.0,12.0,15.0,3121.0,1589.0,749.0,40.0,21.0,20.0,3143.0,778.0,3921.0,4061.0,1010.0,316.0,1326.0,1402.0,915.0,2317.0,6849.0,500000.0,3034.0,400000.0,,,,,,,,,,,,,,,,,,,,,,,,,,,,,,,,,,,,,,,,,,,,,,2357.0,457.0,169235.0,87.0,19.0,31650.0,274.0,2.0,14648.0,2720.0,478.0,215713.0
506,Perth - South East,sa4,WA,2023,2022-23,30566.0,10535.0,4080.0,1353.0,46534.0,6562.0,1679.0,166.0,22.0,8429.0,5702.0,1101.0,232.0,54.0,7089.0,802.0,317.0,1977.0,170.0,7706.0,1665.0,2485.0,1860.0,8126.0,293.0,1766.0,4545.0,5388.0,2485.0,140.0,603.0,2920.0,531.0,2716.0,39.0,12440.0,16303.0,14232.0,1885.0,775.0,899.0,2914.0,4087.0,1342.0,60.0,15.0,11.0,3529.0,2283.0,1197.0,77.0,17.0,30.0,2050.0,288.0,2338.0,2393.0,781.0,118.0,899.0,957.0,909.0,1867.0,6608.0,529500.0,3325.0,395000.0,,,,,,,,,,,,,,,,,,,,,,,,,,,,,,,,,,,,,,,,,,,,,,,,,,,,,,,,,
506,Perth - South East,sa4,WA,2024,2023-24,33074.0,10698.0,4072.0,1468.0,49312.0,7561.0,1817.0,155.0,33.0,9567.0,5562.0,1013.0,239.0,43.0,6857.0,811.0,310.0,2047.0,179.0,7862.0,1649.0,2515.0,1945.0,9564.0,306.0,1835.0,4763.0,5549.0,2610.0,144.0,625.0,3183.0,552.0,2832.0,31.0,13317.0,16979.0,15130.0,2063.0,824.0,999.0,3356.0,4515.0,1612.0,56.0,18.0,12.0,3137.0,2460.0,1177.0,66.0,5.0,13.0,2461.0,381.0,2842.0,2974.0,1036.0,193.0,1229.0,1316.0,1390.0,2707.0,,,,,,,,,,,,,,,,,,,,,,,,,,,,,,,,,,,,,,,,,,,,,,,,,,,,,,,,,,,,,
507,Perth - South West,sa4,WA,2011,2010-11,,,,,,,,,,,,,,,,,,,,,,,,,,,,,,,,,,,,,,,,,,,,,,,,,,,,,,,,,,,,,,,,,,,,,,,,,,,,,,,,32009.0,4547.0,585.0,19738.0,326.0,,,,,,,,0.6,4.7,9.8,1.1,10.0,3.7,10.3,5.5,4.5,1.0,2.5,1.8,7.4,3.0,7.0,8.7,11.2,1.4,3.6,2.2,172671.0,,,,,,,,,,,,
507,Perth - South West,sa4,WA,2016,2015-16,,,,,,,,,,,,,,,,,,,,,,,,,,,,,,,,,,,,,,,,,,,,,,,,,,,,,,,,,,,,,,,,,,,,161.0,369.0,530.0,52.0,42.0,99.0,40.0,69.0,33.0,80.0,62.0,52.0,18377.0,,2221.0,32431.0,,,9093.0,,,75.5,57.9,6.5,0.7,5.0,6.6,1.2,9.9,2.6,9.8,6.0,4.4,1.0,2.3,1.8,6.6,3.0,7.1,9.5,12.5,1.7,3.7,4.7,188022.0,,,,,,,,,,,,
507,Perth - South West,sa4,WA,2017,2016-17,,,,,,,,,,,,,,,,,,,,,,,,,,,,,,,,,,,,,,,,,,,,,,,,,,,,,,,,,,,,,,,,,,,,179.0,489.0,664.0,73.0,64.0,135.0,56.0,69.0,54.0,90.0,54.0,66.0,,,,,,,,,,,,,,,,,,,,,,,,,,,,,,,,,,3178.0,293.0,138101.0,323.0,10.0,21581.0,1137.0,,10546.0,4639.0,303.0,170345.0
507,Perth - South West,sa4,WA,2018,2017-18,,,,,,,,,,,,,,,,,,,,,,,,,,,,,,,,,,,,,,,,,,,,,,,,,,,,,,,,,,,,,,,,5219.0,498000.0,1670.0,411750.0,184.0,515.0,696.0,57.0,81.0,121.0,97.0,79.0,37.0,79.0,87.0,41.0,,,,,,,,,,,,,,,,,,,,,,,,,,,,,,,,,,2749.0,339.0,140511.0,352.0,10.0,21923.0,609.0,41.0,11114.0,3710.0,390.0,173665.0
507,Perth - South West,sa4,WA,2019,2018-19,,,,,,,,,,,,,,,,,,,,,,,,,,,,,,,,,,,,,,,,,,,,,,,,,,,,,,2269.0,428.0,2697.0,2833.0,708.0,148.0,856.0,901.0,609.0,1511.0,4970.0,480000.0,1418.0,400000.0,183.0,464.0,654.0,61.0,67.0,116.0,74.0,71.0,56.0,86.0,71.0,44.0,,,,,,,,,,,,,,,,,,,,,,,,,,,,,,,,,,2514.0,363.0,142662.0,237.0,18.0,22142.0,737.0,,11851.0,3488.0,381.0,176772.0
507,Perth - South West,sa4,WA,2020,2019-20,19506.0,7451.0,3021.0,898.0,30876.0,,,,,,,,,,,692.0,250.0,1523.0,107.0,5467.0,1088.0,1822.0,1207.0,2444.0,242.0,1390.0,3809.0,4376.0,1172.0,91.0,489.0,2593.0,534.0,1542.0,38.0,8239.0,10240.0,10251.0,1267.0,450.0,429.0,,,,,,,,,,,,,2202.0,486.0,2688.0,2826.0,685.0,132.0,817.0,865.0,320.0,1186.0,5199.0,475000.0,1599.0,390000.0,141.0,382.0,525.0,43.0,65.0,96.0,55.0,59.0,36.0,65.0,68.0,48.0,,,,,,,,,,,,,,,,,,,,,,,,,,,,,,,,,,2076.0,332.0,144406.0,171.0,30.0,22283.0,692.0,36.0,12507.0,2939.0,398.0,179313.0
507,Perth - South West,sa4,WA,2021,2020-21,19245.0,8643.0,3154.0,917.0,31959.0,3400.0,1198.0,102.0,18.0,4718.0,3008.0,537.0,130.0,19.0,3694.0,732.0,254.0,1571.0,109.0,5577.0,1139.0,1925.0,1265.0,2372.0,249.0,1446.0,3967.0,4595.0,1212.0,93.0,513.0,2737.0,536.0,1635.0,32.0,9062.0,10254.0,10434.0,1302.0,459.0,448.0,2095.0,1814.0,773.0,22.0,4.0,10.0,1915.0,1099.0,620.0,34.0,11.0,9.0,4489.0,647.0,5136.0,5215.0,1314.0,238.0,1552.0,1586.0,1527.0,3113.0,7790.0,510000.0,2580.0,430000.0,54.0,155.0,213.0,30.0,22.0,17.0,23.0,22.0,18.0,20.0,33.0,25.0,576.9,,191.7,43.5,,,,,3.8,64.2,58.8,,0.7,6.6,6.4,1.2,8.9,2.5,8.8,6.1,4.2,0.7,2.1,1.4,7.1,2.8,6.7,9.6,14.2,1.6,3.7,4.7,219901.0,2333.0,372.0,146367.0,130.0,43.0,22370.0,286.0,11.0,12782.0,2749.0,426.0,181636.0
507,Perth - South West,sa4,WA,2022,2021-22,20559.0,8790.0,3252.0,998.0,33598.0,4162.0,1351.0,130.0,26.0,5669.0,3056.0,780.0,159.0,22.0,4020.0,712.0,275.0,1671.0,107.0,5856.0,1167.0,2034.0,1268.0,2359.0,274.0,1566.0,4160.0,4856.0,1338.0,97.0,539.0,2867.0,597.0,1826.0,33.0,8606.0,10977.0,11470.0,1478.0,532.0,532.0,2074.0,2549.0,991.0,32.0,14.0,13.0,1913.0,1102.0,618.0,37.0,9.0,8.0,2898.0,808.0,3706.0,3838.0,1054.0,458.0,1512.0,1566.0,782.0,2348.0,6515.0,537000.0,2645.0,426000.0,,,,,,,,,,,,,,,,,,,,,,,,,,,,,,,,,,,,,,,,,,,,,,2308.0,235.0,148440.0,77.0,17.0,22430.0,286.0,,13068.0,2672.0,252.0,184056.0
507,Perth - South West,sa4,WA,2023,2022-23,21351.0,8558.0,3422.0,1088.0,34419.0,3951.0,1205.0,138.0,23.0,5317.0,3791.0,814.0,197.0,34.0,4836.0,712.0,257.0,1701.0,106.0,5932.0,1166.0,2025.0,1305.0,2502.0,287.0,1586.0,4230.0,4889.0,1432.0,94.0,578.0,3051.0,587.0,1949.0,30.0,8227.0,11426.0,12053.0,1549.0,553.0,611.0,1712.0,2529.0,1025.0,36.0,9.0,6.0,2188.0,1642.0,935.0,56.0,17.0,15.0,2346.0,530.0,2876.0,2965.0,994.0,263.0,1256.0,1306.0,819.0,2125.0,6048.0,570000.0,2471.0,420000.0,,,,,,,,,,,,,,,,,,,,,,,,,,,,,,,,,,,,,,,,,,,,,,,,,,,,,,,,,
507,Perth - South West,sa4,WA,2024,2023-24,22346.0,8485.0,3478.0,1161.0,35470.0,4326.0,1245.0,136.0,28.0,5738.0,3747.0,740.0,201.0,34.0,4722.0,693.0,255.0,1754.0,118.0,6106.0,1151.0,2018.0,1299.0,2781.0,278.0,1609.0,4262.0,5033.0,1481.0,100.0,588.0,3311.0,589.0,2020.0,27.0,8237.0,11637.0,12615.0,1680.0,635.0,666.0,1885.0,2708.0,1084.0,37.0,12.0,9.0,2072.0,1684.0,883.0,61.0,18.0,11.0,3225.0,472.0,3697.0,3773.0,1366.0,187.0,1553.0,1614.0,1035.0,2649.0,,,,,,,,,,,,,,,,,,,,,,,,,,,,,,,,,,,,,,,,,,,,,,,,,,,,,,,,,,,,,
509,Western Australia - Wheat Belt,sa4,WA,2011,2010-11,,,,,,,,,,,,,,,,,,,,,,,,,,,,,,,,,,,,,,,,,,,,,,,,,,,,,,,,,,,,,,,,,,,,,,,,,,,,,,,,12861546.0,7640.0,368319.0,10924079.0,206373.0,,,,,,,,20.3,4.0,6.2,1.2,7.8,3.2,9.4,5.0,4.6,0.5,1.5,1.0,2.9,2.1,6.6,8.3,9.0,0.7,3.5,2.1,59276.0,,,,,,,,,,,,
509,Western Australia - Wheat Belt,sa4,WA,2016,2015-16,,,,,,,,,,,,,,,,,,,,,,,,,,,,,,,,,,,,,,,,,,,,,,,,,,,,,,,,,,,,,,,,,,,,53.0,117.0,169.0,11.0,12.0,29.0,15.0,16.0,10.0,22.0,30.0,29.0,12025563.0,11613.0,351800.0,11220242.0,225204.0,,5439336.0,,,4552.5,3188.3,774.3,19.9,3.9,4.8,1.1,7.4,2.9,8.5,5.0,4.5,0.5,1.4,1.0,3.0,2.4,6.5,8.6,9.6,1.0,3.7,4.2,59053.0,,,,,,,,,,,,
509,Western Australia - Wheat Belt,sa4,WA,2017,2016-17,,,,,,,,,,,,,,,,,,,,,,,,,,,,,,,,,,,,,,,,,,,,,,,,,,,,,,,,,,,,,,,,,,,,50.0,123.0,172.0,19.0,18.0,33.0,24.0,18.0,8.0,21.0,11.0,30.0,,,,,,,,,,,,,,,,,,,,,,,,,,,,,,,,,,719.0,44.0,63729.0,14.0,2.0,3266.0,9.0,,383.0,742.0,46.0,67453.0
509,Western Australia - Wheat Belt,sa4,WA,2018,2017-18,,,,,,,,,,,,,,,,,,,,,,,,,,,,,,,,,,,,,,,,,,,,,,,,,,,,,,,,,,,,,,,,1693.0,290000.0,107.0,280000.0,56.0,126.0,174.0,20.0,20.0,39.0,10.0,11.0,8.0,26.0,29.0,20.0,,,,,,,,,,,,,,,,,,,,,,,,,,,,,,,,,,656.0,31.0,64354.0,28.0,,3294.0,3.0,,386.0,687.0,31.0,68109.0
509,Western Australia - Wheat Belt,sa4,WA,2019,2018-19,,,,,,,,,,,,,,,,,,,,,,,,,,,,,,,,,,,,,,,,,,,,,,,,,,,,,,547.0,12.0,559.0,570.0,171.0,3.0,174.0,197.0,118.0,314.0,1653.0,300000.0,109.0,290000.0,43.0,113.0,156.0,19.0,5.0,23.0,17.0,3.0,9.0,25.0,36.0,18.0,,,,,,,,,,,,,,,,,,,,,,,,,,,,,,,,,,638.0,60.0,64932.0,8.0,,3302.0,3.0,,389.0,649.0,60.0,68698.0
509,Western Australia - Wheat Belt,sa4,WA,2020,2019-20,9822.0,4414.0,1604.0,293.0,16133.0,,,,,,,,,,,6865.0,68.0,558.0,51.0,1870.0,344.0,830.0,523.0,815.0,57.0,323.0,1494.0,740.0,305.0,16.0,88.0,412.0,102.0,654.0,18.0,3280.0,4631.0,6500.0,1279.0,321.0,122.0,,,,,,,,,,,,,428.0,16.0,444.0,464.0,148.0,4.0,152.0,178.0,129.0,308.0,1941.0,285000.0,107.0,250000.0,28.0,96.0,130.0,12.0,9.0,17.0,14.0,11.0,10.0,17.0,20.0,10.0,,,,,,,,,,,,,,,,,,,,,,,,,,,,,,,,,,475.0,50.0,65357.0,37.0,2.0,3337.0,1.0,,390.0,513.0,52.0,69159.0
509,Western Australia - Wheat Belt,sa4,WA,2021,2020-21,9745.0,4783.0,1568.0,269.0,16365.0,1038.0,377.0,33.0,3.0,1450.0,969.0,181.0,56.0,16.0,1222.0,6889.0,67.0,544.0,48.0,1894.0,343.0,831.0,536.0,809.0,57.0,328.0,1577.0,784.0,320.0,13.0,80.0,437.0,107.0,684.0,17.0,3504.0,4646.0,6653.0,1196.0,230.0,136.0,589.0,539.0,306.0,14.0,,,516.0,405.0,272.0,20.0,6.0,3.0,999.0,7.0,1006.0,1012.0,317.0,2.0,319.0,344.0,192.0,536.0,3042.0,345000.0,180.0,279000.0,10.0,34.0,49.0,3.0,3.0,8.0,5.0,,,5.0,5.0,11.0,11985055.5,14243.4,387573.5,10380820.3,352034.5,2000905.1,5934569.6,2740.9,3844.4,6051.4,4535.5,977.5,19.4,4.8,4.9,1.1,7.4,3.0,8.0,5.5,4.1,0.4,1.1,0.8,2.8,2.2,6.3,8.5,11.2,0.9,3.6,3.9,61621.0,443.0,62.0,65738.0,2.0,4.0,3335.0,,,390.0,445.0,66.0,69538.0
509,Western Australia - Wheat Belt,sa4,WA,2022,2021-22,10212.0,4718.0,1594.0,282.0,16809.0,1309.0,436.0,45.0,3.0,1798.0,1031.0,279.0,62.0,11.0,1383.0,6879.0,66.0,581.0,48.0,1978.0,367.0,823.0,575.0,842.0,61.0,343.0,1652.0,817.0,346.0,15.0,87.0,469.0,117.0,736.0,13.0,3392.0,4657.0,6799.0,1434.0,359.0,170.0,631.0,729.0,395.0,35.0,8.0,3.0,517.0,403.0,273.0,21.0,9.0,,646.0,16.0,662.0,667.0,227.0,28.0,256.0,267.0,141.0,409.0,2818.0,330000.0,184.0,317500.0,,,,,,,,,,,,,,,,,,,,,,,,,,,,,,,,,,,,,,,,,,,,,,514.0,62.0,66190.0,,,3335.0,4.0,,394.0,518.0,62.0,69994.0
509,Western Australia - Wheat Belt,sa4,WA,2023,2022-23,10423.0,4670.0,1563.0,294.0,16950.0,1187.0,397.0,42.0,3.0,1629.0,1231.0,249.0,73.0,14.0,1567.0,6754.0,71.0,579.0,48.0,2057.0,384.0,812.0,561.0,849.0,60.0,360.0,1726.0,841.0,355.0,11.0,98.0,484.0,115.0,770.0,15.0,3304.0,4738.0,6664.0,1504.0,520.0,220.0,539.0,707.0,347.0,26.0,9.0,,653.0,495.0,381.0,32.0,10.0,,593.0,40.0,633.0,654.0,245.0,14.0,259.0,299.0,149.0,448.0,2299.0,345000.0,195.0,284000.0,,,,,,,,,,,,,,,,,,,,,,,,,,,,,,,,,,,,,,,,,,,,,,,,,,,,,,,,,
509,Western Australia - Wheat Belt,sa4,WA,2024,2023-24,10623.0,4498.0,1636.0,293.0,17050.0,1260.0,387.0,51.0,4.0,1700.0,1280.0,286.0,72.0,12.0,1650.0,6641.0,72.0,575.0,47.0,2081.0,378.0,802.0,555.0,847.0,59.0,373.0,1801.0,867.0,372.0,16.0,109.0,519.0,122.0,817.0,10.0,3234.0,4729.0,6676.0,1599.0,559.0,253.0,521.0,705.0,429.0,26.0,6.0,9.0,681.0,510.0,399.0,37.0,8.0,3.0,632.0,10.0,642.0,684.0,280.0,3.0,282.0,337.0,167.0,504.0,,,,,,,,,,,,,,,,,,,,,,,,,,,,,,,,,,,,,,,,,,,,,,,,,,,,,,,,,,,,,
510,Western Australia - Outback (North),sa4,WA,2011,2010-11,,,,,,,,,,,,,,,,,,,,,,,,,,,,,,,,,,,,,,,,,,,,,,,,,,,,,,,,,,,,,,,,,,,,,,,,,,,,,,,,30407337.7,428.0,529402.4,925057.1,2851.7,,,,,,,,1.8,26.2,3.1,1.1,14.1,1.5,5.5,5.8,5.4,0.5,0.5,1.7,2.7,3.4,5.6,7.0,6.8,0.6,4.1,2.5,46775.0,,,,,,,,,,,,
510,Western Australia - Outback (North),sa4,WA,2016,2015-16,,,,,,,,,,,,,,,,,,,,,,,,,,,,,,,,,,,,,,,,,,,,,,,,,,,,,,,,,,,,,,,,,,,,30.0,76.0,106.0,11.0,14.0,17.0,16.0,11.0,3.0,14.0,14.0,10.0,28252301.0,488.3,549825.6,804549.6,,,1031975.9,,,1044.0,721.3,280.8,2.0,24.7,2.2,1.3,11.0,1.4,5.4,6.0,5.5,0.5,0.5,1.6,3.6,3.8,5.8,7.7,7.9,0.9,3.8,4.5,45544.0,,,,,,,,,,,,
510,Western Australia - Outback (North),sa4,WA,2017,2016-17,,,,,,,,,,,,,,,,,,,,,,,,,,,,,,,,,,,,,,,,,,,,,,,,,,,,,,,,,,,,,,,,,,,,41.0,116.0,156.0,15.0,15.0,34.0,9.0,28.0,8.0,22.0,13.0,8.0,,,,,,,,,,,,,,,,,,,,,,,,,,,,,,,,,,216.0,44.0,27806.0,103.0,19.0,5389.0,23.0,,2650.0,343.0,63.0,36057.0
510,Western Australia - Outback (North),sa4,WA,2018,2017-18,,,,,,,,,,,,,,,,,,,,,,,,,,,,,,,,,,,,,,,,,,,,,,,,,,,,,,,,,,,,,,,,925.0,299500.0,323.0,169000.0,33.0,129.0,170.0,16.0,20.0,30.0,16.0,25.0,6.0,16.0,21.0,10.0,,,,,,,,,,,,,,,,,,,,,,,,,,,,,,,,,,182.0,63.0,27925.0,16.0,3.0,5402.0,18.0,,2668.0,216.0,66.0,36207.0
510,Western Australia - Outback (North),sa4,WA,2019,2018-19,,,,,,,,,,,,,,,,,,,,,,,,,,,,,,,,,,,,,,,,,,,,,,,,,,,,,,45.0,,45.0,89.0,27.0,,27.0,53.0,233.0,286.0,821.0,325000.0,407.0,200000.0,20.0,80.0,105.0,8.0,21.0,21.0,21.0,12.0,5.0,16.0,11.0,5.0,,,,,,,,,,,,,,,,,,,,,,,,,,,,,,,,,,144.0,47.0,28022.0,6.0,19.0,5389.0,,,2668.0,150.0,66.0,36291.0
510,Western Australia - Outback (North),sa4,WA,2020,2019-20,2340.0,1058.0,639.0,211.0,4248.0,,,,,,,,,,,290.0,38.0,143.0,17.0,847.0,88.0,333.0,242.0,342.0,25.0,113.0,512.0,338.0,281.0,13.0,47.0,184.0,42.0,340.0,13.0,841.0,1258.0,1688.0,288.0,100.0,73.0,,,,,,,,,,,,,45.0,3.0,48.0,95.0,33.0,2.0,34.0,65.0,381.0,445.0,816.0,370000.0,345.0,190000.0,26.0,58.0,81.0,7.0,3.0,20.0,12.0,12.0,3.0,7.0,13.0,7.0,,,,,,,,,,,,,,,,,,,,,,,,,,,,,,,,,,69.0,64.0,28027.0,4.0,23.0,5370.0,,,2668.0,74.0,87.0,36278.0
510,Western Australia - Outback (North),sa4,WA,2021,2020-21,2340.0,1181.0,668.0,214.0,4403.0,463.0,188.0,24.0,7.0,682.0,369.0,85.0,28.0,4.0,486.0,278.0,41.0,157.0,23.0,862.0,86.0,334.0,256.0,351.0,32.0,119.0,516.0,384.0,296.0,15.0,54.0,196.0,47.0,348.0,8.0,974.0,1267.0,1677.0,295.0,114.0,76.0,259.0,289.0,127.0,5.0,,,212.0,167.0,103.0,5.0,3.0,,223.0,16.0,239.0,288.0,90.0,4.0,94.0,121.0,323.0,444.0,1060.0,449000.0,339.0,270000.0,5.0,23.0,24.0,,5.0,6.0,5.0,4.0,3.0,5.0,3.0,3.0,32408563.7,,1005441.1,22.8,,,4432.6,1213.4,230.8,517.4,58.7,458.6,2.1,22.9,2.1,1.5,8.1,1.6,5.9,6.0,5.9,0.4,0.4,1.5,2.1,3.8,6.7,9.4,10.6,1.2,3.3,4.4,41467.0,126.0,32.0,28121.0,11.0,2.0,5379.0,,,2668.0,137.0,34.0,36381.0
510,Western Australia - Outback (North),sa4,WA,2022,2021-22,2489.0,1259.0,663.0,233.0,4647.0,590.0,251.0,26.0,13.0,875.0,419.0,114.0,46.0,12.0,593.0,302.0,43.0,161.0,24.0,908.0,96.0,347.0,269.0,365.0,36.0,122.0,531.0,399.0,324.0,16.0,62.0,220.0,51.0,365.0,11.0,945.0,1318.0,1794.0,372.0,125.0,90.0,293.0,366.0,202.0,13.0,,3.0,215.0,167.0,106.0,4.0,,,211.0,10.0,221.0,259.0,104.0,9.0,113.0,141.0,428.0,569.0,995.0,498968.0,508.0,325000.0,,,,,,,,,,,,,,,,,,,,,,,,,,,,,,,,,,,,,,,,,,,,,,129.0,17.0,28233.0,5.0,2.0,5382.0,,,2668.0,134.0,19.0,36496.0
510,Western Australia - Outback (North),sa4,WA,2023,2022-23,2606.0,1245.0,675.0,256.0,4782.0,555.0,245.0,27.0,,828.0,537.0,121.0,28.0,8.0,694.0,274.0,42.0,169.0,20.0,971.0,99.0,353.0,270.0,360.0,34.0,125.0,554.0,392.0,342.0,19.0,63.0,228.0,54.0,406.0,7.0,906.0,1410.0,1841.0,369.0,148.0,108.0,241.0,367.0,207.0,11.0,3.0,,258.0,241.0,173.0,8.0,4.0,3.0,169.0,2.0,171.0,237.0,87.0,1.0,87.0,120.0,473.0,594.0,853.0,520000.0,454.0,330000.0,,,,,,,,,,,,,,,,,,,,,,,,,,,,,,,,,,,,,,,,,,,,,,,,,,,,,,,,,
510,Western Australia - Outback (North),sa4,WA,2024,2023-24,2698.0,1236.0,684.0,259.0,4877.0,567.0,232.0,22.0,8.0,829.0,500.0,132.0,35.0,8.0,675.0,277.0,45.0,173.0,23.0,976.0,94.0,343.0,256.0,355.0,34.0,130.0,587.0,398.0,353.0,14.0,68.0,268.0,55.0,420.0,3.0,903.0,1431.0,1885.0,371.0,163.0,124.0,235.0,379.0,203.0,7.0,4.0,3.0,260.0,247.0,151.0,13.0,,,129.0,10.0,139.0,221.0,105.0,5.0,110.0,208.0,675.0,883.0,,,,,,,,,,,,,,,,,,,,,,,,,,,,,,,,,,,,,,,,,,,,,,,,,,,,,,,,,,,,,
511,Western Australia - Outback (South),sa4,WA,2011,2010-11,,,,,,,,,,,,,,,,,,,,,,,,,,,,,,,,,,,,,,,,,,,,,,,,,,,,,,,,,,,,,,,,,,,,,,,,,,,,,,,,38654502.8,544.0,672988.4,1175953.7,3625.2,,,,,,,,6.9,14.3,5.7,1.0,9.1,2.8,9.2,6.4,6.1,0.6,1.2,1.6,3.1,2.5,6.4,7.6,7.9,0.7,4.5,2.5,57413.0,,,,,,,,,,,,
511,Western Australia - Outback (South),sa4,WA,2016,2015-16,,,,,,,,,,,,,,,,,,,,,,,,,,,,,,,,,,,,,,,,,,,,,,,,,,,,,,,,,,,,,,,,,,,,48.0,142.0,189.0,14.0,16.0,39.0,18.0,19.0,9.0,28.0,28.0,16.0,35914970.9,620.7,698950.8,1022761.9,,,1311871.4,,,1327.1,917.0,357.0,7.6,14.4,3.5,0.9,7.5,2.1,8.9,6.7,6.0,0.6,1.1,1.4,3.1,2.9,6.4,8.5,9.2,1.0,4.2,4.1,53176.0,,,,,,,,,,,,
511,Western Australia - Outback (South),sa4,WA,2017,2016-17,,,,,,,,,,,,,,,,,,,,,,,,,,,,,,,,,,,,,,,,,,,,,,,,,,,,,,,,,,,,,,,,,,,,37.0,115.0,157.0,3.0,14.0,27.0,16.0,14.0,16.0,24.0,27.0,18.0,,,,,,,,,,,,,,,,,,,,,,,,,,,,,,,,,,390.0,76.0,46670.0,56.0,,6403.0,4.0,,1178.0,451.0,76.0,54385.0
511,Western Australia - Outback (South),sa4,WA,2018,2017-18,,,,,,,,,,,,,,,,,,,,,,,,,,,,,,,,,,,,,,,,,,,,,,,,,,,,,,,,,,,,,,,,1381.0,275000.0,183.0,220000.0,39.0,166.0,205.0,11.0,20.0,36.0,20.0,26.0,17.0,34.0,27.0,17.0,,,,,,,,,,,,,,,,,,,,,,,,,,,,,,,,,,297.0,61.0,46906.0,32.0,3.0,6432.0,65.0,,1243.0,394.0,64.0,54715.0
511,Western Australia - Outback (South),sa4,WA,2019,2018-19,,,,,,,,,,,,,,,,,,,,,,,,,,,,,,,,,,,,,,,,,,,,,,,,,,,,,,179.0,55.0,234.0,242.0,89.0,8.0,97.0,110.0,111.0,221.0,1413.0,268000.0,205.0,230000.0,39.0,122.0,164.0,11.0,11.0,29.0,16.0,13.0,10.0,27.0,22.0,16.0,,,,,,,,,,,,,,,,,,,,,,,,,,,,,,,,,,274.0,43.0,47137.0,55.0,2.0,6485.0,2.0,,1245.0,332.0,45.0,55002.0
511,Western Australia - Outback (South),sa4,WA,2020,2019-20,5359.0,2661.0,1257.0,293.0,9570.0,,,,,,,,,,,2381.0,224.0,319.0,42.0,1416.0,192.0,579.0,443.0,668.0,24.0,243.0,1020.0,562.0,296.0,27.0,80.0,377.0,69.0,599.0,9.0,1872.0,2613.0,4022.0,711.0,218.0,134.0,,,,,,,,,,,,,192.0,1.0,193.0,214.0,83.0,,83.0,103.0,207.0,310.0,1445.0,260000.0,223.0,200000.0,25.0,108.0,131.0,8.0,11.0,18.0,18.0,14.0,13.0,28.0,14.0,8.0,,,,,,,,,,,,,,,,,,,,,,,,,,,,,,,,,,193.0,57.0,47273.0,4.0,4.0,6485.0,1.0,,1246.0,198.0,61.0,55139.0
511,Western Australia - Outback (South),sa4,WA,2021,2020-21,5282.0,2899.0,1279.0,288.0,9748.0,723.0,300.0,31.0,6.0,1060.0,697.0,141.0,29.0,8.0,875.0,2366.0,219.0,321.0,42.0,1433.0,200.0,590.0,442.0,686.0,26.0,255.0,1060.0,567.0,315.0,25.0,90.0,394.0,72.0,636.0,9.0,1997.0,2729.0,3991.0,701.0,196.0,134.0,390.0,414.0,245.0,9.0,,3.0,401.0,257.0,201.0,10.0,4.0,,508.0,9.0,517.0,528.0,185.0,2.0,188.0,200.0,151.0,351.0,2511.0,322250.0,421.0,214500.0,15.0,51.0,64.0,9.0,3.0,9.0,7.0,8.0,3.0,13.0,5.0,8.0,41456647.6,805.5,348473.9,1482885.1,8603.9,,2402350.5,905.6,1068.1,2263.8,1950.9,237.4,7.4,15.0,3.0,1.0,7.5,2.4,8.4,6.9,5.9,0.4,0.8,1.2,3.2,2.6,6.1,8.6,10.6,0.9,4.0,4.0,54931.0,195.0,50.0,47418.0,1.0,12.0,6474.0,10.0,,1256.0,206.0,62.0,55283.0
511,Western Australia - Outback (South),sa4,WA,2022,2021-22,5537.0,2903.0,1332.0,327.0,10099.0,907.0,387.0,35.0,8.0,1339.0,691.0,195.0,51.0,6.0,947.0,2359.0,210.0,337.0,36.0,1488.0,199.0,579.0,444.0,699.0,30.0,286.0,1133.0,619.0,328.0,25.0,98.0,441.0,83.0,698.0,13.0,1895.0,2764.0,4114.0,817.0,313.0,193.0,447.0,524.0,339.0,18.0,3.0,3.0,402.0,258.0,200.0,7.0,4.0,3.0,349.0,53.0,402.0,425.0,168.0,14.0,182.0,215.0,281.0,496.0,2428.0,325000.0,617.0,240000.0,,,,,,,,,,,,,,,,,,,,,,,,,,,,,,,,,,,,,,,,,,,,,,257.0,95.0,47580.0,6.0,11.0,6469.0,1.0,,1257.0,264.0,106.0,55441.0
511,Western Australia - Outback (South),sa4,WA,2023,2022-23,5760.0,2838.0,1355.0,343.0,10296.0,884.0,375.0,40.0,5.0,1304.0,819.0,209.0,55.0,7.0,1090.0,2323.0,204.0,361.0,36.0,1535.0,201.0,589.0,469.0,687.0,28.0,295.0,1149.0,643.0,341.0,26.0,91.0,477.0,92.0,738.0,11.0,1888.0,2827.0,4147.0,859.0,353.0,222.0,421.0,517.0,329.0,27.0,7.0,3.0,434.0,383.0,256.0,16.0,5.0,3.0,272.0,26.0,298.0,323.0,136.0,10.0,146.0,177.0,401.0,578.0,2291.0,329000.0,597.0,245000.0,,,,,,,,,,,,,,,,,,,,,,,,,,,,,,,,,,,,,,,,,,,,,,,,,,,,,,,,,
511,Western Australia - Outback (South),sa4,WA,2024,2023-24,5909.0,2841.0,1369.0,332.0,10451.0,907.0,362.0,45.0,3.0,1317.0,844.0,220.0,75.0,9.0,1148.0,2288.0,199.0,357.0,41.0,1556.0,212.0,575.0,485.0,723.0,29.0,299.0,1187.0,651.0,353.0,25.0,81.0,506.0,94.0,780.0,9.0,1869.0,2815.0,4316.0,838.0,371.0,242.0,411.0,548.0,333.0,23.0,4.0,3.0,464.0,362.0,291.0,23.0,5.0,3.0,254.0,23.0,277.0,352.0,132.0,7.0,140.0,196.0,172.0,368.0,,,,,,,,,,,,,,,,,,,,,,,,,,,,,,,,,,,,,,,,,,,,,,,,,,,,,,,,,,,,,
601,Hobart,sa4,TAS,2011,2010-11,,,,,,,,,,,,,,,,,,,,,,,,,,,,,,,,,,,,,,,,,,,,,,,,,,,,,,,,,,,,,,,,,,,,,,,,,,,,,,,,34323.0,1289.0,6338.0,45358.0,1117.0,,,,,,,,1.6,0.3,6.3,2.1,7.5,2.7,11.4,7.1,3.5,2.1,2.8,1.4,6.2,2.5,12.2,9.6,12.8,2.1,3.7,1.9,96873.0,,,,,,,,,,,,
601,Hobart,sa4,TAS,2016,2015-16,,,,,,,,,,,,,,,,,,,,,,,,,,,,,,,,,,,,,,,,,,,,,,,,,,,,,,,,,,,,,,,,,,,,53.0,206.0,256.0,19.0,31.0,34.0,31.0,29.0,29.0,26.0,26.0,36.0,64402.0,2066.0,4681.0,56630.0,,,678.0,,,61.0,,,1.9,0.3,5.2,2.0,7.5,1.8,10.8,7.8,3.5,1.9,2.5,1.3,6.0,2.9,10.7,10.1,14.8,2.3,3.7,3.0,98886.0,,,,,,,,,,,,
601,Hobart,sa4,TAS,2017,2016-17,,,,,,,,,,,,,,,,,,,,,,,,,,,,,,,,,,,,,,,,,,,,,,,,,,,,,,,,,,,,,,,,,,,,52.0,240.0,292.0,29.0,18.0,45.0,35.0,35.0,28.0,14.0,36.0,36.0,,,,,,,,,,,,,,,,,,,,,,,,,,,,,,,,,,767.0,32.0,84772.0,74.0,,6201.0,76.0,,9178.0,917.0,32.0,100379.0
601,Hobart,sa4,TAS,2018,2017-18,,,,,,,,,,,,,,,,,,,,,,,,,,,,,,,,,,,,,,,,,,,,,,,,,,,,,,,,,,,,,,,,3916.0,430000.0,1519.0,340000.0,50.0,260.0,304.0,37.0,21.0,31.0,41.0,40.0,30.0,21.0,41.0,30.0,,,,,,,,,,,,,,,,,,,,,,,,,,,,,,,,,,782.0,30.0,85524.0,246.0,7.0,6440.0,32.0,39.0,9171.0,1060.0,76.0,101363.0
601,Hobart,sa4,TAS,2019,2018-19,,,,,,,,,,,,,,,,,,,,,,,,,,,,,,,,,,,,,,,,,,,,,,,,,,,,,,1440.0,136.0,1576.0,1684.0,476.0,45.0,520.0,550.0,415.0,965.0,3546.0,468000.0,1418.0,375000.0,37.0,218.0,250.0,30.0,13.0,45.0,27.0,28.0,17.0,15.0,45.0,29.0,,,,,,,,,,,,,,,,,,,,,,,,,,,,,,,,,,1247.0,40.0,86731.0,154.0,2.0,6592.0,60.0,1.0,9230.0,1461.0,43.0,102781.0
601,Hobart,sa4,TAS,2020,2019-20,10250.0,4157.0,1916.0,511.0,16834.0,,,,,,,,,,,713.0,34.0,764.0,45.0,2924.0,448.0,1110.0,1067.0,1732.0,136.0,533.0,1637.0,2073.0,765.0,51.0,272.0,1474.0,271.0,768.0,17.0,4567.0,5402.0,5719.0,757.0,229.0,160.0,,,,,,,,,,,,,1378.0,133.0,1511.0,1592.0,444.0,40.0,484.0,515.0,331.0,845.0,3175.0,510000.0,1219.0,400000.0,33.0,154.0,187.0,24.0,11.0,22.0,25.0,22.0,14.0,11.0,21.0,33.0,,,,,,,,,,,,,,,,,,,,,,,,,,,,,,,,,,1238.0,23.0,87946.0,162.0,1.0,6753.0,44.0,,9274.0,1444.0,24.0,104201.0
601,Hobart,sa4,TAS,2021,2020-21,10289.0,4774.0,2018.0,484.0,17565.0,1834.0,744.0,79.0,4.0,2661.0,1580.0,306.0,74.0,11.0,1971.0,726.0,34.0,798.0,50.0,3145.0,463.0,1157.0,1088.0,1685.0,151.0,567.0,1649.0,2206.0,835.0,57.0,285.0,1526.0,281.0,848.0,14.0,5169.0,5475.0,5768.0,774.0,213.0,166.0,1195.0,1009.0,437.0,15.0,3.0,3.0,1034.0,575.0,326.0,28.0,5.0,3.0,1679.0,156.0,1835.0,1898.0,600.0,55.0,655.0,684.0,333.0,1017.0,3180.0,587500.0,1417.0,456500.0,9.0,90.0,100.0,6.0,4.0,5.0,14.0,5.0,4.0,13.0,9.0,30.0,27797.3,1688.9,2302.8,64553.9,232.8,277197.4,542.8,392.7,238.9,55.0,27.0,19.0,2.0,0.3,5.1,2.2,8.5,1.7,9.4,7.8,3.3,1.3,2.2,1.2,6.4,2.9,10.0,10.5,16.8,2.3,3.7,2.5,118720.0,1306.0,34.0,89218.0,145.0,6.0,6892.0,57.0,,9331.0,1508.0,40.0,105669.0
601,Hobart,sa4,TAS,2022,2021-22,10687.0,4949.0,2081.0,525.0,18242.0,2051.0,802.0,86.0,3.0,2948.0,1668.0,454.0,105.0,24.0,2256.0,712.0,30.0,825.0,51.0,3385.0,456.0,1187.0,1121.0,1704.0,145.0,586.0,1708.0,2283.0,891.0,59.0,311.0,1585.0,313.0,891.0,6.0,4968.0,5746.0,6183.0,863.0,287.0,191.0,1261.0,1175.0,483.0,16.0,3.0,3.0,1037.0,572.0,326.0,28.0,5.0,3.0,1155.0,255.0,1410.0,1520.0,478.0,91.0,569.0,600.0,409.0,1009.0,3132.0,750000.0,1276.0,570000.0,,,,,,,,,,,,,,,,,,,,,,,,,,,,,,,,,,,,,,,,,,,,,,1471.0,27.0,90662.0,63.0,1.0,6954.0,55.0,,9386.0,1589.0,28.0,107230.0
601,Hobart,sa4,TAS,2023,2022-23,11347.0,4804.0,2126.0,592.0,18869.0,2207.0,712.0,83.0,9.0,3011.0,1790.0,530.0,131.0,18.0,2469.0,724.0,29.0,813.0,52.0,3492.0,437.0,1185.0,1155.0,1865.0,148.0,600.0,1754.0,2389.0,939.0,54.0,312.0,1674.0,326.0,910.0,11.0,4838.0,6087.0,6500.0,903.0,321.0,220.0,1140.0,1316.0,529.0,13.0,9.0,4.0,1169.0,759.0,497.0,26.0,7.0,5.0,1189.0,113.0,1302.0,1381.0,512.0,40.0,552.0,589.0,708.0,1297.0,2847.0,712000.0,1210.0,560000.0,,,,,,,,,,,,,,,,,,,,,,,,,,,,,,,,,,,,,,,,,,,,,,,,,,,,,,,,,
601,Hobart,sa4,TAS,2024,2023-24,11677.0,4735.0,2150.0,605.0,19167.0,2181.0,651.0,103.0,4.0,2939.0,1869.0,463.0,122.0,12.0,2466.0,725.0,27.0,797.0,52.0,3569.0,408.0,1138.0,1171.0,1960.0,152.0,636.0,1778.0,2377.0,942.0,57.0,310.0,1795.0,344.0,919.0,10.0,4775.0,6170.0,6741.0,914.0,333.0,234.0,1166.0,1210.0,537.0,20.0,3.0,3.0,1179.0,795.0,447.0,31.0,7.0,3.0,866.0,108.0,974.0,1010.0,421.0,40.0,462.0,486.0,472.0,958.0,,,,,,,,,,,,,,,,,,,,,,,,,,,,,,,,,,,,,,,,,,,,,,,,,,,,,,,,,,,,,
602,Launceston and North East,sa4,TAS,2011,2010-11,,,,,,,,,,,,,,,,,,,,,,,,,,,,,,,,,,,,,,,,,,,,,,,,,,,,,,,,,,,,,,,,,,,,,,,,,,,,,,,,695768.0,83077.0,184153.0,1158668.0,9088.0,,,,,,,,5.6,0.9,10.1,1.4,7.5,3.8,11.6,7.5,4.7,1.2,2.8,1.3,3.8,2.7,6.5,9.1,11.9,1.5,3.7,2.3,59766.0,,,,,,,,,,,,
602,Launceston and North East,sa4,TAS,2016,2015-16,,,,,,,,,,,,,,,,,,,,,,,,,,,,,,,,,,,,,,,,,,,,,,,,,,,,,,,,,,,,,,,,,,,,44.0,181.0,224.0,16.0,18.0,41.0,15.0,25.0,25.0,28.0,30.0,36.0,674898.0,104094.0,199254.0,,,,17961.0,,,597.0,,,6.3,0.8,7.7,1.4,7.6,2.9,11.5,7.6,4.5,1.1,2.3,1.3,4.1,2.8,5.4,9.2,14.7,1.7,3.7,3.6,58457.0,,,,,,,,,,,,
602,Launceston and North East,sa4,TAS,2017,2016-17,,,,,,,,,,,,,,,,,,,,,,,,,,,,,,,,,,,,,,,,,,,,,,,,,,,,,,,,,,,,,,,,,,,,31.0,187.0,210.0,19.0,10.0,24.0,27.0,24.0,19.0,24.0,24.0,31.0,,,,,,,,,,,,,,,,,,,,,,,,,,,,,,,,,,486.0,21.0,59384.0,77.0,,4649.0,40.0,,3912.0,603.0,21.0,68151.0
602,Launceston and North East,sa4,TAS,2018,2017-18,,,,,,,,,,,,,,,,,,,,,,,,,,,,,,,,,,,,,,,,,,,,,,,,,,,,,,,,,,,,,,,,3234.0,301500.0,704.0,260000.0,43.0,194.0,241.0,13.0,13.0,33.0,23.0,23.0,32.0,16.0,44.0,36.0,,,,,,,,,,,,,,,,,,,,,,,,,,,,,,,,,,423.0,17.0,59790.0,144.0,,4793.0,11.0,,3923.0,578.0,17.0,68712.0
602,Launceston and North East,sa4,TAS,2019,2018-19,,,,,,,,,,,,,,,,,,,,,,,,,,,,,,,,,,,,,,,,,,,,,,,,,,,,,,715.0,33.0,748.0,772.0,211.0,8.0,219.0,233.0,142.0,375.0,2892.0,320000.0,683.0,280000.0,29.0,134.0,165.0,13.0,9.0,25.0,26.0,21.0,17.0,13.0,21.0,11.0,,,,,,,,,,,,,,,,,,,,,,,,,,,,,,,,,,596.0,24.0,60362.0,55.0,,4848.0,2.0,,3925.0,653.0,24.0,69341.0
602,Launceston and North East,sa4,TAS,2020,2019-20,6942.0,2907.0,1368.0,294.0,11511.0,,,,,,,,,,,2034.0,30.0,533.0,33.0,1896.0,307.0,768.0,636.0,690.0,69.0,360.0,1362.0,977.0,330.0,24.0,112.0,657.0,133.0,540.0,20.0,2842.0,3737.0,4095.0,556.0,160.0,121.0,,,,,,,,,,,,,741.0,19.0,760.0,767.0,232.0,4.0,237.0,245.0,82.0,327.0,2635.0,350000.0,637.0,300000.0,26.0,101.0,128.0,10.0,13.0,15.0,22.0,12.0,7.0,11.0,19.0,17.0,,,,,,,,,,,,,,,,,,,,,,,,,,,,,,,,,,630.0,18.0,60974.0,27.0,2.0,4873.0,27.0,,3952.0,684.0,20.0,70005.0
602,Launceston and North East,sa4,TAS,2021,2020-21,6947.0,3279.0,1347.0,321.0,11894.0,991.0,387.0,40.0,,1420.0,900.0,170.0,38.0,4.0,1112.0,2030.0,30.0,548.0,32.0,1995.0,326.0,774.0,646.0,730.0,70.0,372.0,1388.0,1013.0,358.0,24.0,119.0,703.0,141.0,580.0,15.0,3079.0,3857.0,4099.0,560.0,178.0,121.0,633.0,535.0,239.0,9.0,3.0,3.0,562.0,337.0,207.0,14.0,3.0,,1184.0,11.0,1195.0,1220.0,404.0,2.0,406.0,430.0,265.0,695.0,2896.0,404000.0,740.0,344000.0,11.0,67.0,80.0,10.0,10.0,3.0,13.0,15.0,3.0,8.0,13.0,12.0,734683.8,115173.2,251476.0,1250973.5,10824.0,34.4,23399.3,6444.0,226.7,912.6,451.5,234.0,6.6,0.8,7.2,1.5,8.6,2.8,10.1,7.6,4.4,0.9,2.1,1.1,4.2,2.9,4.7,8.8,17.3,1.5,3.9,3.0,68079.0,749.0,20.0,61703.0,18.0,,4891.0,2.0,,3954.0,769.0,20.0,70754.0
602,Launceston and North East,sa4,TAS,2022,2021-22,7367.0,3338.0,1461.0,349.0,12512.0,1185.0,470.0,56.0,10.0,1719.0,903.0,237.0,53.0,5.0,1189.0,2046.0,31.0,561.0,32.0,2147.0,324.0,791.0,672.0,831.0,76.0,392.0,1469.0,1041.0,395.0,27.0,141.0,751.0,154.0,629.0,9.0,3083.0,3986.0,4452.0,652.0,202.0,138.0,668.0,706.0,320.0,15.0,3.0,3.0,561.0,335.0,204.0,14.0,,,835.0,46.0,881.0,914.0,316.0,13.0,329.0,348.0,225.0,573.0,2878.0,540000.0,593.0,420000.0,,,,,,,,,,,,,,,,,,,,,,,,,,,,,,,,,,,,,,,,,,,,,,977.0,78.0,62602.0,3.0,,4894.0,2.0,,3956.0,982.0,78.0,71658.0
602,Launceston and North East,sa4,TAS,2023,2022-23,7645.0,3252.0,1491.0,368.0,12756.0,1167.0,376.0,56.0,5.0,1604.0,1142.0,263.0,81.0,8.0,1494.0,2063.0,27.0,527.0,35.0,2220.0,313.0,778.0,651.0,846.0,75.0,383.0,1492.0,1033.0,421.0,28.0,147.0,853.0,166.0,686.0,12.0,2988.0,4140.0,4525.0,726.0,216.0,161.0,604.0,682.0,299.0,12.0,3.0,4.0,709.0,450.0,321.0,16.0,9.0,3.0,698.0,39.0,737.0,782.0,312.0,11.0,322.0,345.0,249.0,594.0,2330.0,550000.0,593.0,450000.0,,,,,,,,,,,,,,,,,,,,,,,,,,,,,,,,,,,,,,,,,,,,,,,,,,,,,,,,,
602,Launceston and North East,sa4,TAS,2024,2023-24,7852.0,3205.0,1454.0,388.0,12899.0,1193.0,390.0,49.0,8.0,1646.0,1104.0,265.0,94.0,10.0,1473.0,2055.0,29.0,529.0,38.0,2263.0,312.0,765.0,644.0,864.0,73.0,405.0,1489.0,1033.0,444.0,29.0,137.0,940.0,167.0,678.0,3.0,2906.0,4231.0,4625.0,742.0,238.0,157.0,582.0,706.0,332.0,21.0,3.0,3.0,630.0,482.0,325.0,21.0,10.0,4.0,772.0,11.0,783.0,805.0,337.0,4.0,341.0,359.0,211.0,571.0,,,,,,,,,,,,,,,,,,,,,,,,,,,,,,,,,,,,,,,,,,,,,,,,,,,,,,,,,,,,,
603,South East,sa4,TAS,2011,2010-11,,,,,,,,,,,,,,,,,,,,,,,,,,,,,,,,,,,,,,,,,,,,,,,,,,,,,,,,,,,,,,,,,,,,,,,,,,,,,,,,507791.0,4510.0,35413.0,940832.0,27.0,,,,,,,,15.3,0.6,7.9,1.7,8.6,2.8,8.7,7.9,4.0,1.1,1.2,1.1,4.0,2.3,7.8,7.0,10.3,2.2,3.2,2.4,14472.0,,,,,,,,,,,,
603,South East,sa4,TAS,2016,2015-16,,,,,,,,,,,,,,,,,,,,,,,,,,,,,,,,,,,,,,,,,,,,,,,,,,,,,,,,,,,,,,,,,,,,13.0,33.0,42.0,4.0,6.0,3.0,3.0,6.0,,4.0,6.0,4.0,491337.0,6543.0,30229.0,928879.0,,,5074.0,,,259.5,144.9,59.7,14.7,0.5,6.6,1.6,8.6,1.8,8.3,7.7,3.9,1.1,1.2,1.3,4.0,2.9,7.0,7.5,11.0,2.5,3.5,4.2,14607.0,,,,,,,,,,,,
603,South East,sa4,TAS,2017,2016-17,,,,,,,,,,,,,,,,,,,,,,,,,,,,,,,,,,,,,,,,,,,,,,,,,,,,,,,,,,,,,,,,,,,,8.0,34.0,41.0,5.0,,4.0,3.0,6.0,,3.0,18.0,3.0,,,,,,,,,,,,,,,,,,,,,,,,,,,,,,,,,,233.0,2.0,23365.0,7.0,,299.0,1.0,,118.0,241.0,2.0,23836.0
603,South East,sa4,TAS,2018,2017-18,,,,,,,,,,,,,,,,,,,,,,,,,,,,,,,,,,,,,,,,,,,,,,,,,,,,,,,,,,,,,,,,1155.0,320000.0,65.0,290000.0,14.0,40.0,51.0,3.0,3.0,7.0,3.0,3.0,3.0,4.0,11.0,3.0,,,,,,,,,,,,,,,,,,,,,,,,,,,,,,,,,,238.0,7.0,23596.0,,,299.0,1.0,,119.0,239.0,7.0,24068.0
603,South East,sa4,TAS,2019,2018-19,,,,,,,,,,,,,,,,,,,,,,,,,,,,,,,,,,,,,,,,,,,,,,,,,,,,,,278.0,12.0,290.0,291.0,79.0,2.0,81.0,84.0,18.0,102.0,943.0,350000.0,53.0,281000.0,8.0,29.0,31.0,3.0,,3.0,3.0,,3.0,10.0,10.0,3.0,,,,,,,,,,,,,,,,,,,,,,,,,,,,,,,,,,273.0,6.0,23863.0,12.0,,311.0,,,119.0,285.0,6.0,24347.0
603,South East,sa4,TAS,2020,2019-20,1989.0,732.0,339.0,99.0,3159.0,,,,,,,,,,,958.0,9.0,182.0,14.0,469.0,65.0,176.0,233.0,155.0,28.0,39.0,192.0,271.0,81.0,3.0,29.0,101.0,44.0,108.0,,844.0,1120.0,1065.0,95.0,21.0,14.0,,,,,,,,,,,,,301.0,2.0,303.0,308.0,92.0,,92.0,97.0,23.0,120.0,924.0,390000.0,49.0,310000.0,7.0,21.0,25.0,,,,7.0,4.0,4.0,,5.0,,,,,,,,,,,,,,,,,,,,,,,,,,,,,,,,,,,250.0,6.0,24107.0,,,311.0,1.0,,120.0,252.0,6.0,24593.0
603,South East,sa4,TAS,2021,2020-21,1977.0,800.0,362.0,94.0,3233.0,251.0,94.0,10.0,,356.0,251.0,47.0,12.0,3.0,312.0,948.0,8.0,189.0,12.0,507.0,68.0,174.0,241.0,154.0,28.0,43.0,195.0,292.0,79.0,4.0,29.0,101.0,47.0,112.0,3.0,907.0,1147.0,1042.0,99.0,25.0,13.0,142.0,148.0,61.0,5.0,,,148.0,101.0,68.0,3.0,,,429.0,,429.0,431.0,136.0,,136.0,142.0,54.0,196.0,1107.0,450000.0,68.0,333250.0,6.0,12.0,21.0,,,4.0,3.0,,,3.0,3.0,3.0,483564.5,5916.4,32596.5,995614.3,220.7,232135.6,8275.4,242.0,1925.6,283.9,192.0,51.2,13.9,0.5,6.5,1.5,9.8,2.0,7.1,8.1,3.5,0.9,1.2,1.1,4.6,3.3,6.4,8.1,12.1,2.3,3.1,3.8,17487.0,288.0,9.0,24386.0,21.0,,332.0,,,120.0,309.0,9.0,24893.0
603,South East,sa4,TAS,2022,2021-22,2064.0,868.0,351.0,95.0,3382.0,313.0,117.0,14.0,3.0,443.0,256.0,68.0,26.0,3.0,348.0,948.0,6.0,205.0,12.0,549.0,71.0,191.0,244.0,161.0,33.0,55.0,212.0,309.0,91.0,3.0,32.0,100.0,47.0,108.0,3.0,921.0,1135.0,1166.0,125.0,22.0,18.0,155.0,191.0,96.0,5.0,,,151.0,102.0,67.0,3.0,,,298.0,4.0,302.0,309.0,113.0,1.0,114.0,120.0,21.0,141.0,983.0,598000.0,60.0,433000.0,,,,,,,,,,,,,,,,,,,,,,,,,,,,,,,,,,,,,,,,,,,,,,371.0,7.0,24750.0,,,332.0,1.0,,121.0,372.0,7.0,25258.0
603,South East,sa4,TAS,2023,2022-23,2105.0,845.0,360.0,95.0,3405.0,294.0,95.0,17.0,3.0,408.0,293.0,87.0,22.0,4.0,406.0,917.0,11.0,212.0,16.0,569.0,70.0,195.0,230.0,162.0,31.0,52.0,224.0,317.0,100.0,3.0,32.0,102.0,51.0,109.0,3.0,880.0,1173.0,1170.0,137.0,31.0,14.0,160.0,170.0,77.0,,,,185.0,134.0,88.0,4.0,,,337.0,4.0,341.0,347.0,136.0,1.0,137.0,143.0,27.0,170.0,788.0,622500.0,52.0,485000.0,,,,,,,,,,,,,,,,,,,,,,,,,,,,,,,,,,,,,,,,,,,,,,,,,,,,,,,,,
603,South East,sa4,TAS,2024,2023-24,2171.0,868.0,355.0,103.0,3497.0,296.0,117.0,24.0,3.0,435.0,278.0,82.0,27.0,3.0,390.0,884.0,8.0,221.0,18.0,616.0,70.0,192.0,227.0,162.0,31.0,55.0,234.0,317.0,107.0,5.0,40.0,116.0,56.0,123.0,3.0,858.0,1211.0,1249.0,139.0,24.0,16.0,134.0,191.0,105.0,3.0,,,184.0,125.0,80.0,5.0,3.0,,309.0,2.0,311.0,332.0,136.0,,136.0,149.0,32.0,181.0,,,,,,,,,,,,,,,,,,,,,,,,,,,,,,,,,,,,,,,,,,,,,,,,,,,,,,,,,,,,,
604,West and North West,sa4,TAS,2011,2010-11,,,,,,,,,,,,,,,,,,,,,,,,,,,,,,,,,,,,,,,,,,,,,,,,,,,,,,,,,,,,,,,,,,,,,,,,,,,,,,,,261172.9,127689.9,182022.9,59545.0,1424.0,,,,,,,,7.1,4.0,12.2,1.1,7.7,3.9,11.5,7.0,5.4,0.7,1.4,1.0,3.0,3.1,6.0,8.0,10.8,0.7,3.9,1.6,45811.0,,,,,,,,,,,,
604,West and North West,sa4,TAS,2016,2015-16,,,,,,,,,,,,,,,,,,,,,,,,,,,,,,,,,,,,,,,,,,,,,,,,,,,,,,,,,,,,,,,,,,,,43.0,151.0,191.0,17.0,8.0,20.0,26.0,14.0,19.0,21.0,36.0,36.0,228443.9,149924.9,151692.9,,,,3102.0,,,567.4,181.7,157.5,8.4,3.1,9.5,1.1,7.4,2.4,11.1,7.2,5.5,0.6,1.2,1.1,3.1,3.3,5.0,8.1,13.1,1.0,4.0,3.8,44337.0,,,,,,,,,,,,
604,West and North West,sa4,TAS,2017,2016-17,,,,,,,,,,,,,,,,,,,,,,,,,,,,,,,,,,,,,,,,,,,,,,,,,,,,,,,,,,,,,,,,,,,,31.0,160.0,193.0,10.0,16.0,16.0,23.0,6.0,15.0,26.0,42.0,31.0,,,,,,,,,,,,,,,,,,,,,,,,,,,,,,,,,,340.0,15.0,48182.0,42.0,,4075.0,16.0,,532.0,398.0,15.0,52913.0
604,West and North West,sa4,TAS,2018,2017-18,,,,,,,,,,,,,,,,,,,,,,,,,,,,,,,,,,,,,,,,,,,,,,,,,,,,,,,,,,,,,,,,2587.0,258000.0,447.0,230000.0,31.0,191.0,221.0,9.0,12.0,31.0,23.0,12.0,19.0,28.0,51.0,40.0,,,,,,,,,,,,,,,,,,,,,,,,,,,,,,,,,,343.0,21.0,48504.0,95.0,,4170.0,15.0,,547.0,453.0,21.0,53345.0
604,West and North West,sa4,TAS,2019,2018-19,,,,,,,,,,,,,,,,,,,,,,,,,,,,,,,,,,,,,,,,,,,,,,,,,,,,,,418.0,13.0,431.0,474.0,123.0,3.0,126.0,136.0,97.0,233.0,2368.0,270000.0,406.0,245000.0,19.0,145.0,172.0,12.0,9.0,25.0,12.0,16.0,11.0,25.0,38.0,27.0,,,,,,,,,,,,,,,,,,,,,,,,,,,,,,,,,,421.0,16.0,48909.0,26.0,,4196.0,9.0,,556.0,457.0,16.0,53786.0
604,West and North West,sa4,TAS,2020,2019-20,4426.0,1990.0,993.0,215.0,7624.0,,,,,,,,,,,1886.0,43.0,341.0,15.0,1132.0,177.0,555.0,411.0,440.0,28.0,133.0,741.0,518.0,217.0,21.0,49.0,392.0,67.0,448.0,10.0,1811.0,2330.0,2891.0,393.0,111.0,88.0,,,,,,,,,,,,,496.0,19.0,515.0,531.0,162.0,4.0,166.0,172.0,152.0,324.0,2349.0,291000.0,357.0,260000.0,17.0,101.0,121.0,8.0,8.0,4.0,21.0,5.0,11.0,17.0,22.0,22.0,,,,,,,,,,,,,,,,,,,,,,,,,,,,,,,,,,381.0,18.0,49272.0,32.0,,4228.0,1.0,6.0,551.0,414.0,24.0,54176.0
604,West and North West,sa4,TAS,2021,2020-21,4446.0,2188.0,1019.0,227.0,7880.0,607.0,270.0,29.0,4.0,910.0,547.0,119.0,30.0,,698.0,1918.0,43.0,350.0,16.0,1213.0,175.0,566.0,424.0,434.0,25.0,141.0,761.0,545.0,224.0,18.0,58.0,432.0,73.0,459.0,5.0,1874.0,2442.0,2914.0,434.0,113.0,103.0,376.0,341.0,181.0,9.0,3.0,,362.0,212.0,137.0,5.0,3.0,,719.0,18.0,737.0,743.0,240.0,5.0,245.0,253.0,106.0,358.0,2821.0,340000.0,503.0,292000.0,3.0,46.0,49.0,3.0,3.0,4.0,3.0,3.0,3.0,11.0,4.0,15.0,257037.3,186835.3,184083.7,60103.3,20.4,303300.4,6475.9,7457.5,293.6,862.0,346.8,213.5,8.2,3.4,8.3,1.2,8.3,2.9,10.3,7.1,5.5,0.5,1.1,0.9,3.1,2.8,4.7,8.3,15.6,0.9,4.1,2.9,50109.0,453.0,9.0,49716.0,27.0,1.0,4254.0,,1.0,550.0,480.0,11.0,54645.0
604,West and North West,sa4,TAS,2022,2021-22,4632.0,2201.0,1070.0,247.0,8146.0,702.0,290.0,42.0,4.0,1043.0,583.0,182.0,52.0,3.0,819.0,1905.0,43.0,360.0,16.0,1282.0,177.0,569.0,427.0,458.0,33.0,152.0,778.0,585.0,251.0,20.0,55.0,453.0,73.0,499.0,5.0,1860.0,2473.0,3108.0,470.0,127.0,109.0,400.0,396.0,232.0,3.0,3.0,,362.0,213.0,140.0,4.0,3.0,,550.0,42.0,592.0,596.0,187.0,15.0,203.0,207.0,135.0,342.0,2381.0,428250.0,421.0,354500.0,,,,,,,,,,,,,,,,,,,,,,,,,,,,,,,,,,,,,,,,,,,,,,609.0,9.0,50316.0,18.0,4.0,4268.0,16.0,,566.0,643.0,13.0,55275.0
604,West and North West,sa4,TAS,2023,2022-23,4734.0,2169.0,1056.0,279.0,8238.0,659.0,263.0,33.0,3.0,957.0,731.0,190.0,45.0,8.0,974.0,1867.0,40.0,364.0,23.0,1309.0,175.0,560.0,441.0,475.0,36.0,157.0,763.0,588.0,261.0,19.0,58.0,512.0,76.0,510.0,4.0,1715.0,2620.0,3150.0,487.0,153.0,113.0,308.0,453.0,185.0,8.0,3.0,,419.0,338.0,234.0,15.0,,3.0,542.0,26.0,568.0,594.0,222.0,6.0,228.0,247.0,140.0,387.0,1890.0,460000.0,398.0,397000.0,,,,,,,,,,,,,,,,,,,,,,,,,,,,,,,,,,,,,,,,,,,,,,,,,,,,,,,,,
604,West and North West,sa4,TAS,2024,2023-24,4856.0,2135.0,1074.0,277.0,8342.0,704.0,274.0,50.0,6.0,1038.0,670.0,192.0,49.0,8.0,919.0,1868.0,40.0,361.0,24.0,1386.0,166.0,552.0,439.0,465.0,33.0,169.0,762.0,579.0,266.0,21.0,71.0,551.0,79.0,508.0,6.0,1694.0,2682.0,3197.0,498.0,153.0,118.0,322.0,481.0,224.0,8.0,3.0,,390.0,305.0,202.0,14.0,3.0,3.0,414.0,3.0,417.0,423.0,205.0,4.0,209.0,223.0,146.0,369.0,,,,,,,,,,,,,,,,,,,,,,,,,,,,,,,,,,,,,,,,,,,,,,,,,,,,,,,,,,,,,
701,Darwin,sa4,NT,2011,2010-11,,,,,,,,,,,,,,,,,,,,,,,,,,,,,,,,,,,,,,,,,,,,,,,,,,,,,,,,,,,,,,,,,,,,,,,,,,,,,,,,175760.0,9.0,9892.0,1820.0,,,,,,,,,0.9,2.2,4.2,1.5,9.1,2.7,8.6,6.0,5.5,1.2,1.7,1.7,5.6,3.2,21.6,7.8,9.3,2.0,3.7,1.5,63043.0,,,,,,,,,,,,
701,Darwin,sa4,NT,2016,2015-16,,,,,,,,,,,,,,,,,,,,,,,,,,,,,,,,,,,,,,,,,,,,,,,,,,,,,,,,,,,,,,,,,,,,41.0,155.0,194.0,15.0,18.0,37.0,39.0,32.0,16.0,13.0,15.0,10.0,109779.0,,5250.0,,,,,,,63.6,,,1.1,2.1,2.8,1.8,12.0,2.0,7.4,6.6,4.8,1.1,1.3,1.7,6.5,3.0,18.6,8.0,9.4,2.0,3.3,4.5,71358.0,,,,,,,,,,,,
701,Darwin,sa4,NT,2017,2016-17,,,,,,,,,,,,,,,,,,,,,,,,,,,,,,,,,,,,,,,,,,,,,,,,,,,,,,,,,,,,,,,,,,,,49.0,163.0,214.0,25.0,25.0,25.0,38.0,28.0,9.0,20.0,28.0,15.0,,,,,,,,,,,,,,,,,,,,,,,,,,,,,,,,,,623.0,12.0,33500.0,133.0,14.0,5985.0,308.0,,14763.0,1064.0,26.0,54278.0
701,Darwin,sa4,NT,2018,2017-18,,,,,,,,,,,,,,,,,,,,,,,,,,,,,,,,,,,,,,,,,,,,,,,,,,,,,,,,,,,,,,,,983.0,500000.0,604.0,345000.0,59.0,189.0,246.0,36.0,20.0,47.0,28.0,40.0,21.0,26.0,12.0,17.0,,,,,,,,,,,,,,,,,,,,,,,,,,,,,,,,,,522.0,119.0,33903.0,49.0,1.0,6033.0,48.0,,14811.0,619.0,120.0,54777.0
701,Darwin,sa4,NT,2019,2018-19,,,,,,,,,,,,,,,,,,,,,,,,,,,,,,,,,,,,,,,,,,,,,,,,,,,,,,350.0,47.0,397.0,425.0,167.0,15.0,182.0,213.0,360.0,572.0,947.0,498000.0,571.0,315000.0,57.0,159.0,215.0,15.0,23.0,33.0,37.0,44.0,13.0,15.0,13.0,9.0,,,,,,,,,,,,,,,,,,,,,,,,,,,,,,,,,,406.0,28.0,34281.0,48.0,,6081.0,126.0,,14937.0,580.0,28.0,55329.0
701,Darwin,sa4,NT,2020,2019-20,6491.0,2463.0,1284.0,360.0,10598.0,,,,,,,,,,,427.0,51.0,370.0,37.0,2159.0,229.0,583.0,488.0,1044.0,69.0,327.0,1425.0,1172.0,561.0,45.0,146.0,658.0,147.0,636.0,24.0,2614.0,3359.0,3751.0,551.0,179.0,144.0,,,,,,,,,,,,,282.0,43.0,325.0,402.0,148.0,11.0,159.0,211.0,222.0,433.0,899.0,470000.0,581.0,290000.0,39.0,137.0,180.0,24.0,20.0,18.0,32.0,17.0,17.0,17.0,17.0,18.0,,,,,,,,,,,,,,,,,,,,,,,,,,,,,,,,,,305.0,129.0,34457.0,21.0,,6102.0,113.0,75.0,14975.0,439.0,204.0,55564.0
701,Darwin,sa4,NT,2021,2020-21,6337.0,2914.0,1288.0,356.0,10895.0,1162.0,484.0,58.0,12.0,1716.0,1094.0,216.0,43.0,15.0,1368.0,435.0,52.0,371.0,43.0,2179.0,244.0,585.0,513.0,1072.0,66.0,352.0,1427.0,1219.0,561.0,46.0,154.0,744.0,143.0,670.0,19.0,2909.0,3263.0,3841.0,544.0,199.0,139.0,733.0,629.0,331.0,16.0,5.0,3.0,675.0,442.0,245.0,12.0,3.0,6.0,507.0,6.0,513.0,513.0,240.0,2.0,242.0,268.0,,,1378.0,535000.0,620.0,330000.0,15.0,55.0,66.0,10.0,10.0,3.0,6.0,12.0,8.0,3.0,3.0,15.0,98313.7,,,,3.7,,0.7,191.4,2906.0,82.5,60.3,22.2,1.2,2.2,2.6,1.7,8.8,1.7,7.3,7.7,4.4,0.8,1.1,1.3,5.5,3.1,18.7,8.3,13.6,2.0,3.9,4.2,74631.0,343.0,77.0,34723.0,14.0,19.0,6097.0,46.0,,15021.0,403.0,96.0,55871.0
701,Darwin,sa4,NT,2022,2021-22,6788.0,3003.0,1354.0,399.0,11550.0,1444.0,571.0,68.0,3.0,2080.0,1037.0,291.0,72.0,13.0,1406.0,443.0,53.0,393.0,47.0,2255.0,237.0,621.0,560.0,1123.0,69.0,361.0,1475.0,1335.0,618.0,46.0,176.0,817.0,177.0,728.0,19.0,2811.0,3503.0,4198.0,643.0,226.0,167.0,767.0,865.0,431.0,10.0,5.0,,679.0,442.0,245.0,10.0,3.0,3.0,289.0,22.0,311.0,311.0,169.0,6.0,175.0,202.0,,,1681.0,587600.0,905.0,385000.0,,,,,,,,,,,,,,,,,,,,,,,,,,,,,,,,,,,,,,,,,,,,,,405.0,23.0,35105.0,14.0,13.0,6098.0,45.0,,15066.0,464.0,36.0,56299.0
701,Darwin,sa4,NT,2023,2022-23,7066.0,3013.0,1375.0,446.0,11900.0,1485.0,514.0,43.0,4.0,2046.0,1282.0,328.0,85.0,5.0,1700.0,432.0,58.0,402.0,40.0,2309.0,226.0,627.0,550.0,1201.0,72.0,385.0,1489.0,1374.0,654.0,49.0,179.0,866.0,179.0,788.0,20.0,2662.0,3757.0,4368.0,660.0,257.0,196.0,694.0,936.0,403.0,10.0,3.0,,758.0,546.0,361.0,19.0,3.0,3.0,376.0,15.0,391.0,392.0,226.0,6.0,232.0,258.0,,,1250.0,580000.0,825.0,375667.5,,,,,,,,,,,,,,,,,,,,,,,,,,,,,,,,,,,,,,,,,,,,,,,,,,,,,,,,,
701,Darwin,sa4,NT,2024,2023-24,7260.0,3065.0,1435.0,453.0,12213.0,1503.0,551.0,57.0,9.0,2117.0,1362.0,303.0,69.0,13.0,1747.0,418.0,59.0,403.0,41.0,2296.0,233.0,636.0,545.0,1311.0,69.0,402.0,1491.0,1409.0,695.0,62.0,203.0,929.0,210.0,790.0,12.0,2710.0,3799.0,4532.0,665.0,289.0,218.0,717.0,913.0,458.0,11.0,7.0,3.0,715.0,649.0,362.0,17.0,8.0,,234.0,48.0,282.0,293.0,157.0,27.0,184.0,215.0,,,,,,,,,,,,,,,,,,,,,,,,,,,,,,,,,,,,,,,,,,,,,,,,,,,,,,,,,,,,,,,
702,Northern Territory - Outback,sa4,NT,2011,2010-11,,,,,,,,,,,,,,,,,,,,,,,,,,,,,,,,,,,,,,,,,,,,,,,,,,,,,,,,,,,,,,,,,,,,,,,,,,,,,,,,55215692.0,,2181310.0,,11.0,,,,,,,,3.6,3.7,3.6,1.0,6.5,1.1,7.4,6.5,3.3,0.8,0.6,1.0,3.6,2.8,19.9,11.0,11.4,2.8,6.7,2.7,34770.0,,,,,,,,,,,,
702,Northern Territory - Outback,sa4,NT,2016,2015-16,,,,,,,,,,,,,,,,,,,,,,,,,,,,,,,,,,,,,,,,,,,,,,,,,,,,,,,,,,,,,,,,,,,,10.0,53.0,63.0,4.0,18.0,4.0,15.0,10.0,3.0,3.0,3.0,,53436501.0,24.0,2233101.0,,105.0,,1741.0,,,633.1,,,4.1,3.3,1.3,1.1,5.7,1.0,7.0,7.1,3.5,0.8,0.6,0.9,3.3,3.0,17.2,12.3,14.9,2.3,5.8,4.8,30754.0,,,,,,,,,,,,
702,Northern Territory - Outback,sa4,NT,2017,2016-17,,,,,,,,,,,,,,,,,,,,,,,,,,,,,,,,,,,,,,,,,,,,,,,,,,,,,,,,,,,,,,,,,,,,18.0,78.0,95.0,6.0,8.0,14.0,22.0,18.0,8.0,8.0,5.0,5.0,,,,,,,,,,,,,,,,,,,,,,,,,,,,,,,,,,152.0,30.0,23617.0,81.0,5.0,5388.0,2.0,,1353.0,235.0,35.0,30458.0
702,Northern Territory - Outback,sa4,NT,2018,2017-18,,,,,,,,,,,,,,,,,,,,,,,,,,,,,,,,,,,,,,,,,,,,,,,,,,,,,,,,,,,,,,,,368.0,442000.0,160.0,334000.0,15.0,96.0,115.0,6.0,18.0,14.0,21.0,25.0,6.0,4.0,12.0,6.0,,,,,,,,,,,,,,,,,,,,,,,,,,,,,,,,,,204.0,17.0,23804.0,57.0,,5445.0,1.0,,1354.0,262.0,17.0,30703.0
702,Northern Territory - Outback,sa4,NT,2019,2018-19,,,,,,,,,,,,,,,,,,,,,,,,,,,,,,,,,,,,,,,,,,,,,,,,,,,,,,63.0,52.0,115.0,255.0,26.0,15.0,41.0,138.0,115.0,253.0,324.0,430000.0,166.0,359000.0,9.0,68.0,81.0,6.0,18.0,10.0,15.0,8.0,4.0,10.0,8.0,4.0,,,,,,,,,,,,,,,,,,,,,,,,,,,,,,,,,,143.0,28.0,23919.0,87.0,,5532.0,,,1354.0,230.0,28.0,30905.0
702,Northern Territory - Outback,sa4,NT,2020,2019-20,2048.0,832.0,586.0,191.0,3657.0,,,,,,,,,,,424.0,20.0,90.0,11.0,665.0,73.0,313.0,233.0,266.0,33.0,86.0,453.0,274.0,172.0,19.0,49.0,182.0,61.0,226.0,7.0,730.0,1107.0,1424.0,258.0,86.0,52.0,,,,,,,,,,,,,61.0,7.0,68.0,180.0,28.0,2.0,30.0,133.0,86.0,218.0,280.0,422500.0,157.0,332500.0,14.0,41.0,55.0,3.0,,6.0,16.0,10.0,,6.0,6.0,,,,,,,,,,,,,,,,,,,,,,,,,,,,,,,,,,,100.0,24.0,23995.0,71.0,1.0,5602.0,,3.0,1351.0,171.0,28.0,31048.0
702,Northern Territory - Outback,sa4,NT,2021,2020-21,2057.0,936.0,610.0,166.0,3769.0,370.0,141.0,15.0,3.0,528.0,320.0,56.0,21.0,7.0,404.0,435.0,18.0,90.0,10.0,680.0,82.0,304.0,238.0,277.0,35.0,77.0,463.0,290.0,180.0,20.0,48.0,215.0,60.0,240.0,7.0,839.0,1140.0,1400.0,243.0,102.0,45.0,198.0,222.0,101.0,7.0,,,168.0,144.0,87.0,7.0,,,72.0,8.0,80.0,282.0,28.0,2.0,30.0,142.0,,,499.0,445000.0,128.0,305000.0,4.0,30.0,32.0,4.0,4.0,3.0,7.0,,,7.0,,3.0,52964865.7,,,100.0,34.4,,5933.5,947.8,1925.5,663.7,80.8,582.9,4.8,2.9,1.5,1.0,6.3,1.1,7.1,6.6,3.0,0.6,0.5,0.7,3.3,2.6,17.2,11.9,18.0,3.1,3.9,4.1,31846.0,135.0,11.0,24119.0,44.0,3.0,5643.0,20.0,,1371.0,199.0,14.0,31233.0
702,Northern Territory - Outback,sa4,NT,2022,2021-22,2117.0,981.0,615.0,178.0,3890.0,429.0,186.0,29.0,4.0,647.0,366.0,91.0,28.0,5.0,493.0,452.0,21.0,88.0,10.0,686.0,79.0,311.0,258.0,292.0,38.0,80.0,461.0,290.0,204.0,21.0,49.0,233.0,57.0,246.0,5.0,828.0,1148.0,1500.0,255.0,100.0,58.0,219.0,270.0,147.0,11.0,,,173.0,142.0,86.0,8.0,,,59.0,99.0,158.0,218.0,29.0,20.0,49.0,107.0,,,540.0,470000.0,145.0,306800.0,,,,,,,,,,,,,,,,,,,,,,,,,,,,,,,,,,,,,,,,,,,,,,106.0,20.0,24205.0,25.0,,5668.0,4.0,,1375.0,139.0,20.0,31352.0
702,Northern Territory - Outback,sa4,NT,2023,2022-23,2168.0,970.0,591.0,183.0,3912.0,411.0,164.0,15.0,3.0,592.0,392.0,93.0,41.0,3.0,528.0,451.0,16.0,88.0,13.0,683.0,85.0,303.0,242.0,275.0,37.0,83.0,450.0,288.0,230.0,27.0,55.0,257.0,62.0,259.0,8.0,747.0,1151.0,1560.0,281.0,106.0,67.0,155.0,280.0,150.0,5.0,,,229.0,175.0,114.0,6.0,3.0,,87.0,62.0,149.0,203.0,50.0,23.0,73.0,121.0,,,341.0,480000.0,89.0,319500.0,,,,,,,,,,,,,,,,,,,,,,,,,,,,,,,,,,,,,,,,,,,,,,,,,,,,,,,,,
702,Northern Territory - Outback,sa4,NT,2024,2023-24,2115.0,987.0,579.0,203.0,3884.0,376.0,184.0,26.0,3.0,598.0,438.0,103.0,35.0,8.0,584.0,437.0,17.0,97.0,13.0,680.0,73.0,284.0,235.0,260.0,40.0,96.0,435.0,291.0,219.0,27.0,65.0,281.0,65.0,273.0,6.0,727.0,1129.0,1584.0,273.0,104.0,67.0,176.0,262.0,151.0,7.0,,,217.0,218.0,136.0,10.0,4.0,,48.0,3.0,51.0,143.0,31.0,1.0,32.0,157.0,,,,,,,,,,,,,,,,,,,,,,,,,,,,,,,,,,,,,,,,,,,,,,,,,,,,,,,,,,,,,,,
801,Australian Capital Territory,sa4,ACT,2011,2010-11,,,,,,,,,,,,,,,,,,,,,,,,,,,,,,,,,,,,,,,,,,,,,,,,,,,,,,,,,,,,,,,,,,,,,,,,,,,,,,,,26590.0,,6845.0,48196.0,,,,,,,,,0.2,,2.1,0.8,6.1,1.2,7.6,5.8,2.2,1.9,1.8,1.2,9.8,2.4,32.7,8.8,9.2,1.7,3.2,1.4,195620.0,,,,,,,,,,,,
801,Australian Capital Territory,sa4,ACT,2016,2015-16,,,,,,,,,,,,,,,,,,,,,,,,,,,,,,,,,,,,,,,,,,,,,,,,,,,,,,,,,,,,,,,,,,,,66.0,300.0,367.0,36.0,32.0,58.0,46.0,63.0,32.0,26.0,43.0,36.0,,,5974.0,45069.0,,,37.0,,,8.3,,,0.3,0.1,1.6,0.7,5.8,1.0,7.1,6.5,2.3,1.8,1.5,1.3,9.4,2.5,30.8,9.6,10.4,1.7,3.0,2.6,205419.0,,,,,,,,,,,,
801,Australian Capital Territory,sa4,ACT,2017,2016-17,,,,,,,,,,,,,,,,,,,,,,,,,,,,,,,,,,,,,,,,,,,,,,,,,,,,,,,,,,,,,,,,,,,,99.0,308.0,405.0,48.0,55.0,58.0,46.0,78.0,36.0,25.0,28.0,30.0,,,,,,,,,,,,,,,,,,,,,,,,,,,,,,,,,,1068.0,695.0,110489.0,990.0,5.0,27892.0,2397.0,159.0,30491.0,4455.0,859.0,168882.0
801,Australian Capital Territory,sa4,ACT,2018,2017-18,,,,,,,,,,,,,,,,,,,,,,,,,,,,,,,,,,,,,,,,,,,,,,,,,,,,,,,,,,,,,,,,4197.0,687000.0,4318.0,439900.0,81.0,330.0,410.0,40.0,47.0,57.0,54.0,81.0,34.0,31.0,31.0,30.0,,,,,,,,,,,,,,,,,,,,,,,,,,,,,,,,,,962.0,467.0,110984.0,1573.0,140.0,29325.0,2066.0,130.0,32427.0,4601.0,737.0,172746.0
801,Australian Capital Territory,sa4,ACT,2019,2018-19,,,,,,,,,,,,,,,,,,,,,,,,,,,,,,,,,,,,,,,,,,,,,,,,,,,,,,1263.0,4799.0,6062.0,6180.0,550.0,1346.0,1896.0,1958.0,993.0,2951.0,3647.0,705000.0,3709.0,450000.0,64.0,247.0,315.0,31.0,35.0,50.0,37.0,47.0,25.0,21.0,41.0,26.0,,,,,,,,,,,,,,,,,,,,,,,,,,,,,,,,,,1339.0,274.0,112049.0,1078.0,6.0,30397.0,2398.0,253.0,34572.0,4815.0,533.0,177028.0
801,Australian Capital Territory,sa4,ACT,2020,2019-20,17345.0,8289.0,3100.0,886.0,29620.0,,,,,,,,,,,335.0,21.0,626.0,78.0,5748.0,463.0,1459.0,1513.0,2410.0,391.0,1186.0,3136.0,5856.0,1414.0,129.0,640.0,2470.0,452.0,1260.0,33.0,7645.0,8914.0,10770.0,1367.0,485.0,439.0,,,,,,,,,,,,,1209.0,3656.0,4865.0,4928.0,505.0,1020.0,1525.0,1578.0,1073.0,2650.0,4567.0,717500.0,4317.0,465000.0,58.0,189.0,251.0,26.0,42.0,45.0,25.0,46.0,11.0,25.0,25.0,11.0,,,,,,,,,,,,,,,,,,,,,,,,,,,,,,,,,,1156.0,251.0,112954.0,1220.0,15.0,31602.0,2561.0,236.0,36897.0,4937.0,502.0,181463.0
801,Australian Capital Territory,sa4,ACT,2021,2020-21,17231.0,9961.0,3279.0,919.0,31390.0,3578.0,1805.0,152.0,15.0,5550.0,3032.0,651.0,120.0,21.0,3824.0,334.0,23.0,655.0,93.0,6136.0,472.0,1570.0,1639.0,2478.0,399.0,1232.0,3227.0,6316.0,1513.0,126.0,701.0,2644.0,455.0,1348.0,29.0,8639.0,9085.0,11243.0,1435.0,502.0,486.0,2249.0,2091.0,1158.0,38.0,10.0,4.0,1907.0,1176.0,680.0,47.0,11.0,13.0,1367.0,3452.0,4819.0,5017.0,583.0,984.0,1567.0,1689.0,1708.0,3397.0,5637.0,815000.0,6075.0,502900.0,37.0,93.0,127.0,22.0,16.0,12.0,12.0,21.0,6.0,14.0,14.0,14.0,20869.1,,3957.1,31642.7,,,330.8,,13.0,9.4,2.6,5.3,0.3,0.1,1.7,0.8,6.7,0.8,6.4,6.3,2.1,1.5,1.4,1.2,10.9,2.6,29.8,9.4,11.5,1.8,2.9,1.9,248388.0,1357.0,371.0,113940.0,872.0,7.0,32467.0,2981.0,83.0,39795.0,5210.0,461.0,186212.0
801,Australian Capital Territory,sa4,ACT,2022,2021-22,18443.0,10831.0,3440.0,977.0,33694.0,4252.0,2157.0,153.0,17.0,6575.0,3292.0,951.0,170.0,28.0,4435.0,365.0,27.0,711.0,113.0,6496.0,501.0,1686.0,1745.0,2668.0,411.0,1281.0,3460.0,6821.0,1695.0,126.0,716.0,2878.0,459.0,1516.0,26.0,8731.0,9955.0,12349.0,1577.0,577.0,507.0,2449.0,2629.0,1435.0,43.0,17.0,11.0,1907.0,1174.0,677.0,50.0,13.0,10.0,1525.0,4492.0,6017.0,6195.0,630.0,1364.0,1994.0,2082.0,825.0,2907.0,4516.0,1020000.0,5034.0,572000.0,,,,,,,,,,,,,,,,,,,,,,,,,,,,,,,,,,,,,,,,,,,,,,1164.0,286.0,114818.0,840.0,1.0,33306.0,3006.0,,42801.0,5010.0,287.0,190935.0
801,Australian Capital Territory,sa4,ACT,2023,2022-23,19491.0,10877.0,3541.0,1074.0,34983.0,4159.0,1891.0,131.0,13.0,6194.0,3604.0,1124.0,190.0,31.0,4949.0,373.0,27.0,709.0,123.0,6615.0,535.0,1718.0,1848.0,2862.0,414.0,1346.0,3525.0,7108.0,1831.0,131.0,707.0,3019.0,491.0,1573.0,28.0,8279.0,10457.0,13241.0,1768.0,634.0,604.0,2021.0,2734.0,1384.0,32.0,17.0,6.0,2360.0,1488.0,988.0,74.0,27.0,16.0,978.0,2671.0,3649.0,3851.0,459.0,895.0,1354.0,1455.0,1172.0,2627.0,4210.0,995000.0,4154.0,600000.0,,,,,,,,,,,,,,,,,,,,,,,,,,,,,,,,,,,,,,,,,,,,,,,,,,,,,,,,,
801,Australian Capital Territory,sa4,ACT,2024,2023-24,20773.0,10748.0,3569.0,1142.0,36232.0,4594.0,1721.0,159.0,16.0,6496.0,3773.0,1135.0,205.0,26.0,5139.0,355.0,22.0,715.0,111.0,6780.0,527.0,1753.0,1917.0,3280.0,425.0,1404.0,3535.0,7228.0,1943.0,129.0,729.0,3206.0,497.0,1639.0,29.0,8703.0,10700.0,13727.0,1838.0,648.0,616.0,2327.0,2678.0,1424.0,46.0,14.0,9.0,2225.0,1734.0,1081.0,70.0,22.0,14.0,780.0,3629.0,4409.0,4547.0,384.0,1335.0,1719.0,1786.0,870.0,2656.0,,,,,,,,,,,,,,,,,,,,,,,,,,,,,,,,,,,,,,,,,,,,,,,,,,,,,,,,,,,,,
901,Other Territories,sa4,OTH,2011,2010-11,,,,,,,,,,,,,,,,,,,,,,,,,,,,,,,,,,,,,,,,,,,,,,,,,,,,,,,,,,,,,,,,,,,,,,,,,,,,,,,,,,,,,,,,,,,,,11.7,0.6,2.7,6.6,1.2,7.4,4.0,5.9,,0.3,0.4,2.9,5.1,30.7,9.4,5.5,2.5,2.3,1.6,1155.0,,,,,,,,,,,,
901,Other Territories,sa4,OTH,2016,2015-16,,,,,,,,,,,,,,,,,,,,,,,,,,,,,,,,,,,,,,,,,,,,,,,,,,,,,,,,,,,,,,,,,,,,,,,,,,,,,,,,,,,,,,,,,,,,1.7,7.0,2.1,2.0,6.6,0.9,8.7,11.6,4.8,0.9,0.8,1.3,2.0,5.6,20.0,7.3,5.0,3.3,2.7,5.2,2150.0,,,,,,,,,,,,
901,Other Territories,sa4,OTH,2017,2016-17,,,,,,,,,,,,,,,,,,,,,,,,,,,,,,,,,,,,,,,,,,,,,,,,,,,,,,,,,,,,,,,,,,,,,,,,,,,,,,,,,,,,,,,,,,,,,,,,,,,,,,,,,,,,,,,,,,,,,,,,,,,,
901,Other Territories,sa4,OTH,2018,2017-18,,,,,,,,,,,,,,,,,,,,,,,,,,,,,,,,,,,,,,,,,,,,,,,,,,,,,,,,,,,,,,,,10.0,465000.0,,,,3.0,3.0,,,,3.0,,,,,,,,,,,,,,,,,,,,,,,,,,,,,,,,,,,,,,,,,,,,,,,,,,
901,Other Territories,sa4,OTH,2019,2018-19,,,,,,,,,,,,,,,,,,,,,,,,,,,,,,,,,,,,,,,,,,,,,,,,,,,,,,,,,,,,,,,,,,,,,,,,,,,,,,,,,,,,,,,,,,,,,,,,,,,,,,,,,,,,,,,,,,,,,,,,,,,,
901,Other Territories,sa4,OTH,2020,2019-20,38.0,33.0,19.0,6.0,96.0,,,,,,,,,,,,,3.0,,17.0,5.0,11.0,12.0,11.0,3.0,,3.0,16.0,6.0,,,3.0,,6.0,,43.0,18.0,31.0,4.0,,,,,,,,,,,,,,,,,,,,,,,,,,,,,,,,,,,,,,,,,,,,,,,,,,,,,,,,,,,,,,,,,,,,,,,,,,,,,,,,,,,,,
901,Other Territories,sa4,OTH,2021,2020-21,34.0,41.0,16.0,6.0,97.0,4.0,7.0,,,11.0,5.0,4.0,,3.0,10.0,,3.0,,,15.0,6.0,13.0,12.0,13.0,,3.0,3.0,16.0,4.0,,,,,7.0,,43.0,20.0,28.0,5.0,3.0,,9.0,3.0,3.0,,,,4.0,3.0,3.0,,,,,,,,,,,,,,9.0,410000.0,7.0,250000.0,,,,,,,,,,,,,,,,,,,,,,,,,1.3,4.1,1.4,2.2,9.3,0.9,8.9,11.5,4.6,0.7,1.2,1.1,2.7,6.7,18.7,7.2,6.7,2.9,3.0,5.2,2243.0,,,,,,,,,,,,
901,Other Territories,sa4,OTH,2022,2021-22,49.0,42.0,18.0,11.0,123.0,8.0,7.0,3.0,3.0,25.0,4.0,3.0,,,5.0,3.0,3.0,3.0,,21.0,6.0,16.0,13.0,13.0,,,,25.0,7.0,,4.0,,3.0,4.0,,44.0,24.0,47.0,4.0,,,7.0,9.0,7.0,,,,3.0,3.0,3.0,,,,,,,,,,,,,,7.0,380000.0,7.0,220000.0,,,,,,,,,,,,,,,,,,,,,,,,,,,,,,,,,,,,,,,,,,,,,,,,,,,,,,,,,
901,Other Territories,sa4,OTH,2023,2022-23,51.0,43.0,23.0,7.0,124.0,6.0,7.0,,,13.0,7.0,,3.0,,10.0,4.0,,3.0,,23.0,4.0,13.0,14.0,14.0,3.0,3.0,3.0,17.0,7.0,,4.0,3.0,,9.0,,47.0,25.0,44.0,7.0,3.0,,6.0,4.0,3.0,,,,4.0,5.0,,,,,,,,,,,,,,,9.0,410000.0,10.0,180000.0,,,,,,,,,,,,,,,,,,,,,,,,,,,,,,,,,,,,,,,,,,,,,,,,,,,,,,,,,
901,Other Territories,sa4,OTH,2024,2023-24,47.0,41.0,23.0,9.0,120.0,3.0,4.0,3.0,,12.0,10.0,3.0,,,14.0,4.0,3.0,3.0,,17.0,3.0,15.0,11.0,16.0,,,3.0,19.0,5.0,,4.0,4.0,3.0,8.0,,53.0,20.0,36.0,9.0,,,4.0,3.0,3.0,,3.0,,4.0,3.0,3.0,,,,,,,,,,,,,,,,,,,,,,,,,,,,,,,,,,,,,,,,,,,,,,,,,,,,,,,,,,,,,,,,,,,,,,,,,,
